path,archive,run,stage,outcar_exists,normal_end,ediff_reached,outcar_bytes,ENCUT,EDIFF,NELM,NSW,ISPIN,ISMEAR,SIGMA,LSORBIT,LNONCOLLINEAR,ICHARG,SAXIS,MAGMOM,I_CONSTRAINED_M,M_CONSTR,LAMBDA,GGA,LREAL,ISYM,kpoints,toten_eV,e0_eV,osz_F_eV,osz_E0_eV,last_electronic_step,mag_total_muB,fermi_eV,penalty_eV,potential,nions_outcar,natoms,composition,volume_A3,a_A,x_Fe,poscar_sha256,energy_eV_atom,site_moments_x,site_moments_y,site_moments_z,x_Co,x_Ni,x_Mn,x_Al,x_Si
DFT/dft_runs/Run_01_bccFe_vol_a2.750,dft_runs,Run_01_bccFe_vol_a2.750,Run_01_bccFe_vol_a2.750,True,True,True,749766,520,1E-6,120,0,2,0,0.20,,,,,2.5 -2.5,,,,,.FALSE.,0,Automatic mesh | 0 | Monkhorst-Pack | 8 8 8 | 0 0 0,-15.686323,-15.63599267,-15.686323,-15.635993,5.0,-0.0022,11.1887,,PAW_PBE Fe_pv 02Aug2007                                                                 ,2.0,2,Fe2,20.796874999999996,2.75,1.0,b94d269b211590f8d4986d04b63250a553146841578a1ac111bc90cf37d58430,-7.817996335,,,,,,,,
DFT/dft_runs/Run_02_bccFe_vol_a2.800,dft_runs,Run_02_bccFe_vol_a2.800,Run_02_bccFe_vol_a2.800,True,True,True,287537,520,1E-6,120,0,2,1,0.10,,,,,2*2.5,,,,,Auto,2,Automatic mesh | 0 | Monkhorst-Pack | 16 16 16 | 0 0 0,-16.52466492,-16.52482236,-16.524665,-16.524822,14.0,4.2679,10.2925,,PAW_PBE Fe_pv 02Aug2007                                                                 ,2.0,2,Fe2,21.951999999999988,2.8,1.0,be4245b1479138c262e3a137f1547fc92dd3db74956f6789fb5cabc32ddec7c4,-8.26241118,,,,,,,,
DFT/dft_runs/Run_03_bccFe_vol_a2.830,dft_runs,Run_03_bccFe_vol_a2.830,Run_03_bccFe_vol_a2.830,True,True,True,287537,520,1E-6,120,0,2,1,0.10,,,,,2*2.5,,,,,Auto,2,Automatic mesh | 0 | Monkhorst-Pack | 16 16 16 | 0 0 0,-16.54010967,-16.54000514,-16.54011,-16.540005,14.0,4.3351,9.8088,,PAW_PBE Fe_pv 02Aug2007                                                                 ,2.0,2,Fe2,22.665187000000007,2.83,1.0,ecb103f2ac487d4563d5d3bd4e0fd67fd75e8d20fc86e38eb8c3a96225489d88,-8.27000257,,,,,,,,
DFT/dft_runs/Run_04_bccFe_vol_a2.866,dft_runs,Run_04_bccFe_vol_a2.866,Run_04_bccFe_vol_a2.866,True,True,True,287536,520,1E-6,120,0,2,1,0.10,,,,,2*2.5,,,,,Auto,2,Automatic mesh | 0 | Monkhorst-Pack | 16 16 16 | 0 0 0,-16.52230446,-16.52215225,-16.522304,-16.522152,14.0,4.4774,9.2567,,PAW_PBE Fe_pv 02Aug2007                                                                 ,2.0,2,Fe2,23.541197896000003,2.866,1.0,24b3b4f8483fa8ab11a4fd3497d08c8ef86955cbbff94ef9d27c639b0360315b,-8.261076125,,,,,,,,
DFT/dft_runs/Run_05_bccFe_vol_a2.900,dft_runs,Run_05_bccFe_vol_a2.900,Run_05_bccFe_vol_a2.900,True,True,True,285588,520,1E-6,120,0,2,1,0.10,,,,,2*2.5,,,,,Auto,2,Automatic mesh | 0 | Monkhorst-Pack | 15 15 15 | 0 0 0,-16.47432544,-16.47427431,-16.474325,-16.474274,13.0,4.6188,8.7603,,PAW_PBE Fe_pv 02Aug2007                                                                 ,2.0,2,Fe2,24.388999999999992,2.9,1.0,415a4cc3a99d24b535da4f642bc4d590886e27f67930323da48df52bccb11997,-8.237137155,,,,,,,,
DFT/dft_runs/Run_06_bccFe_vol_a2.930,dft_runs,Run_06_bccFe_vol_a2.930,Run_06_bccFe_vol_a2.930,True,True,True,287537,520,1E-6,120,0,2,1,0.10,,,,,2*2.5,,,,,Auto,2,Automatic mesh | 0 | Monkhorst-Pack | 15 15 15 | 0 0 0,-16.41468452,-16.41447712,-16.414685,-16.414477,14.0,4.8847,8.3769,,PAW_PBE Fe_pv 02Aug2007                                                                 ,2.0,2,Fe2,25.153757000000017,2.93,1.0,35574d06ef9f9bef16f5fcf9472820c36771d3ba1b7dfd74ca92a793d3bfbf05,-8.20723856,,,,,,,,
DFT/dft_runs/Run_07_bccFe_vol_a2.950,dft_runs,Run_07_bccFe_vol_a2.950,Run_07_bccFe_vol_a2.950,True,True,True,287537,520,1E-6,120,0,2,1,0.10,,,,,2*2.5,,,,,Auto,2,Automatic mesh | 0 | Monkhorst-Pack | 15 15 15 | 0 0 0,-16.37143692,-16.37131746,-16.371437,-16.371317,14.0,5.0678,8.165,,PAW_PBE Fe_pv 02Aug2007                                                                 ,2.0,2,Fe2,25.672374999999995,2.95,1.0,c527c898de3a453f339b5e860108eb76c5bf1c93e9304457ebfb100e98985e0b,-8.18565873,,,,,,,,
DFT/dft_runs/Run_08_bccFe_MAE_001,dft_runs,Run_08_bccFe_MAE_001,Run_08_bccFe_MAE_001,True,True,True,21115059,520,1E-6,120,0,2,1,0.05,.TRUE.,.TRUE.,11,0 0 1,0 0 2.5   0 0 2.5,,,,,.FALSE.,0,Automatic mesh | 0 | Monkhorst-Pack | 22 22 22 | 0 0 0,-16.55926822,-16.55922777,-16.559268,-16.559228,8.0,0.0,9.2628,,PAW_PBE Fe_pv 02Aug2007                                                                 ,2.0,2,Fe2,23.541197896000003,2.866,1.0,1583827a085b97074ff790100b8a01c32a6b97230453969958404de0039ea9f7,-8.279613885,,,,,,,,
DFT/dft_runs/Run_09_bccFe_MAE_111,dft_runs,Run_09_bccFe_MAE_111,Run_09_bccFe_MAE_111,True,True,True,21115087,520,1E-6,120,0,2,1,0.05,.TRUE.,.TRUE.,11,1 1 1,1.44338 1.44338 1.44338    1.44338 1.44338 1.44338,,,,,.FALSE.,0,Automatic mesh | 0 | Monkhorst-Pack | 22 22 22 | 0 0 0,-16.5592677,-16.55922701,-16.559268,-16.559227,8.0,0.0,9.2628,,PAW_PBE Fe_pv 02Aug2007                                                                 ,2.0,2,Fe2,23.541197896000003,2.866,1.0,1c5071f79ca8101b4ef741802083b42799545893373e18773ecc619cdf64553c,-8.279613505,,,,,,,,
DFT/dft_runs/Run_10_bccFe_Jij_FeFe/state1_pp,dft_runs,Run_10_bccFe_Jij_FeFe,state1_pp,True,True,True,5660163,440,1E-6,200,0,,1,0.2,,.TRUE.,2,,0 0 2.30  0 0 2.30  0 0 2.30  0 0 2.30  0 0 2.30  0 0 2.30  0 0 2.30  0 0 2.30  0 0 2.30  0 0 2.30  0 0 2.30  0 0 2.30  0 0 2.30  0 0 2.30  0 0 2.30  0 0 2.30,1,0 0 1  0 0 1  0 0 1  0 0 1  0 0 1  0 0 1  0 0 1  0 0 1  0 0 1  0 0 1  0 0 1  0 0 1  0 0 1  0 0 1  0 0 1  0 0 1,10,,.FALSE.,0,Automatic mesh | 0 | Monkhorst-Pack | 8 8 8 | 0 0 0,-132.15580562,-132.15331555,-132.15581,-132.15332,47.0,-0.0,9.2563,,PAW_PBE Fe_pv 02Aug2007                                                                 ,16.0,16,Fe16,188.329583168,5.732,1.0,dc52ab2bd3d9add98770ff1313e047b6dfb74e269aa6c92579bf544f438f9d19,-8.259582221875,"[0.0, -0.0, 0.0, 0.0, 0.0, 0.0, -0.0, 0.0, 0.0, 0.0, 0.0, 0.0, 0.0, 0.0, -0.0, -0.0]","[-0.0, -0.0, 0.0, -0.0, -0.0, -0.0, -0.0, -0.0, -0.0, -0.0, -0.0, 0.0, 0.0, -0.0, 0.0, -0.0]","[2.27, 2.27, 2.27, 2.27, 2.27, 2.27, 2.27, 2.27, 2.27, 2.27, 2.27, 2.27, 2.27, 2.27, 2.27, 2.27]",,,,,
DFT/dft_runs/Run_10_bccFe_Jij_FeFe/state2_pm,dft_runs,Run_10_bccFe_Jij_FeFe,state2_pm,True,True,True,5702798,440,1E-6,200,0,,1,0.2,,.TRUE.,2,,0 0 2.30  0 0 -2.30  0 0 2.30  0 0 2.30  0 0 2.30  0 0 2.30  0 0 2.30  0 0 2.30  0 0 2.30  0 0 2.30  0 0 2.30  0 0 2.30  0 0 2.30  0 0 2.30  0 0 2.30  0 0 2.30,1,0 0 1  0 0 -1  0 0 1  0 0 1  0 0 1  0 0 1  0 0 1  0 0 1  0 0 1  0 0 1  0 0 1  0 0 1  0 0 1  0 0 1  0 0 1  0 0 1,10,,.FALSE.,0,Automatic mesh | 0 | Monkhorst-Pack | 8 8 8 | 0 0 0,-132.15580593,-132.15331612,-132.15581,-132.15332,61.0,-0.0,9.2563,,PAW_PBE Fe_pv 02Aug2007                                                                 ,16.0,16,Fe16,188.329583168,5.732,1.0,eaf7f770254669c714282740d62106f26266fa5b1965335cc8ea80e88b555edd,-8.2595822575,"[-0.0, 0.0, 0.0, 0.0, 0.0, 0.0, 0.0, 0.0, -0.0, -0.0, 0.0, -0.0, 0.0, 0.0, 0.0, 0.0]","[0.0, 0.0, 0.0, 0.0, -0.0, -0.0, -0.0, 0.0, -0.0, 0.0, -0.0, 0.0, -0.0, 0.0, -0.0, -0.0]","[2.27, 2.27, 2.27, 2.27, 2.27, 2.27, 2.27, 2.27, 2.27, 2.27, 2.27, 2.27, 2.27, 2.27, 2.27, 2.27]",,,,,
DFT/dft_runs/Run_10_bccFe_Jij_FeFe/state3_mp,dft_runs,Run_10_bccFe_Jij_FeFe,state3_mp,True,True,True,5782278,440,1E-6,200,0,,1,0.2,,.TRUE.,2,,2.30 0 0  0 0 2.30  0 0 2.30  0 0 2.30  0 0 2.30  0 0 2.30  0 0 2.30  0 0 2.30  0 0 2.30  0 0 2.30  0 0 2.30  0 0 2.30  0 0 2.30  0 0 2.30  0 0 2.30  0 0 2.30,1,1 0 0  0 0 1  0 0 1  0 0 1  0 0 1  0 0 1  0 0 1  0 0 1  0 0 1  0 0 1  0 0 1  0 0 1  0 0 1  0 0 1  0 0 1  0 0 1,10,,.FALSE.,0,Automatic mesh | 0 | Monkhorst-Pack | 8 8 8 | 0 0 0,-131.69225796,-131.69635065,-131.69226,-131.69635,88.0,0.0822,9.3324,,PAW_PBE Fe_pv 02Aug2007                                                                 ,16.0,16,Fe16,188.329583168,5.732,1.0,b455dfe5855d8629420bbb7880f1a35b2cddf6c621ef34bd4c08587a88a655ba,-8.231021915625,"[0.077, 0.001, -0.001, 0.001, -0.001, 0.001, 0.0, 0.001, -0.001, 0.001, 0.0, 0.001, 0.0, 0.001, 0.0, 0.001]","[0.0, 0.0, 0.0, -0.0, -0.0, -0.0, 0.0, 0.0, 0.0, -0.0, -0.0, -0.0, -0.0, -0.0, -0.0, 0.0]","[-0.052, 2.371, 2.269, 2.371, 2.269, 2.371, 2.418, 2.371, 2.269, 2.371, 2.418, 2.371, 2.418, 2.371, 2.494, 2.371]",,,,,
DFT/dft_runs/Run_10_bccFe_Jij_FeFe/state4_mm,dft_runs,Run_10_bccFe_Jij_FeFe,state4_mm,True,True,True,5739621,440,1E-6,200,0,,1,0.2,,.TRUE.,2,,2.30 0 0  0 0 -2.30  0 0 2.30  0 0 2.30  0 0 2.30  0 0 2.30  0 0 2.30  0 0 2.30  0 0 2.30  0 0 2.30  0 0 2.30  0 0 2.30  0 0 2.30  0 0 2.30  0 0 2.30  0 0 2.30,1,1 0 0  0 0 -1  0 0 1  0 0 1  0 0 1  0 0 1  0 0 1  0 0 1  0 0 1  0 0 1  0 0 1  0 0 1  0 0 1  0 0 1  0 0 1  0 0 1,10,,.FALSE.,0,Automatic mesh | 0 | Monkhorst-Pack | 8 8 8 | 0 0 0,-131.81338946,-131.81333324,-131.81339,-131.81333,74.0,2.1229,9.3148,,PAW_PBE Fe_pv 02Aug2007                                                                 ,16.0,16,Fe16,188.329583168,5.732,1.0,f882a9af1a285e89f47c773d83ef9df8ee433a6685ea5233ed1d7dc18ee0e95e,-8.2383333275,"[2.118, -0.003, -0.001, -0.003, -0.001, -0.003, -0.0, -0.003, -0.001, -0.003, -0.0, -0.003, -0.0, -0.003, 0.001, -0.003]","[0.0, 0.0, -0.0, 0.0, 0.0, 0.0, -0.0, 0.0, 0.0, -0.0, 0.0, -0.0, -0.0, 0.0, 0.0, 0.0]","[-0.057, 2.283, 2.253, 2.283, 2.253, 2.283, 2.363, 2.283, 2.253, 2.283, 2.363, 2.283, 2.363, 2.283, 2.427, 2.283]",,,,,
DFT/dft_runs/Run_11_B2FeCo_vol_a2.780,dft_runs,Run_11_B2FeCo_vol_a2.780,Run_11_B2FeCo_vol_a2.780,True,True,True,260650,520,1E-6,120,0,2,1,0.10,,,,,1*2.5 1*1.7,,,,,Auto,2,Automatic mesh | 0 | Monkhorst-Pack | 16 16 16 | 0 0 0,-15.36839517,-15.3684045,-15.368395,-15.368405,14.0,4.422,11.0247,,PAW_PBE Fe_pv 02Aug2007                                                                  | PAW_PBE Co 02Aug2007                                                                    ,2.0,2,Fe1 Co1,21.48495199999999,2.78,0.5,c321a669491d4d3917553606a889a9d3b94d484b1eddedb37c2bc5dbbab24785,-7.68420225,,,,0.5,,,,
DFT/dft_runs/Run_12_B2FeCo_vol_a2.820,dft_runs,Run_12_B2FeCo_vol_a2.820,Run_12_B2FeCo_vol_a2.820,True,True,True,260650,520,1E-6,120,0,2,1,0.10,,,,,1*2.5 1*1.7,,,,,Auto,2,Automatic mesh | 0 | Monkhorst-Pack | 16 16 16 | 0 0 0,-15.42598527,-15.42609585,-15.425985,-15.426096,14.0,4.479,10.4288,,PAW_PBE Fe_pv 02Aug2007                                                                  | PAW_PBE Co 02Aug2007                                                                    ,2.0,2,Fe1 Co1,22.42576800000001,2.82,0.5,d65e492d0f42b1b09f590dfffdef44eedb943ea665dd86bdcff27066f8b4da30,-7.713047925,,,,0.5,,,,
DFT/dft_runs/Run_13_B2FeCo_vol_a2.850,dft_runs,Run_13_B2FeCo_vol_a2.850,Run_13_B2FeCo_vol_a2.850,True,True,True,260650,520,1E-6,120,0,2,1,0.10,,,,,1*2.5 1*1.7,,,,,Auto,2,Automatic mesh | 0 | Monkhorst-Pack | 16 16 16 | 0 0 0,-15.43323719,-15.43317969,-15.433237,-15.43318,14.0,4.5203,10.0018,,PAW_PBE Fe_pv 02Aug2007                                                                  | PAW_PBE Co 02Aug2007                                                                    ,2.0,2,Fe1 Co1,23.14912500000001,2.85,0.5,5cd1a9946ed1427d7975ba0ef13a259d070ae2a0ef7ff42bbac3dbea9e8f96e7,-7.716589845,,,,0.5,,,,
DFT/dft_runs/Run_14_B2FeCo_vol_a2.857,dft_runs,Run_14_B2FeCo_vol_a2.857,Run_14_B2FeCo_vol_a2.857,True,True,True,260649,520,1E-6,120,0,2,1,0.10,,,,,1*2.5 1*1.7,,,,,Auto,2,Automatic mesh | 0 | Monkhorst-Pack | 16 16 16 | 0 0 0,-15.431022,-15.43096504,-15.431022,-15.430965,14.0,4.5355,9.9028,,PAW_PBE Fe_pv 02Aug2007                                                                  | PAW_PBE Co 02Aug2007                                                                    ,2.0,2,Fe1 Co1,23.320116793000008,2.857,0.5,8070dafb4a5c148bd665da94c8b1631cf620fde5e2621825a41aaba526f97915,-7.71548252,,,,0.5,,,,
DFT/dft_runs/Run_15_B2FeCo_vol_a2.880,dft_runs,Run_15_B2FeCo_vol_a2.880,Run_15_B2FeCo_vol_a2.880,True,True,True,260650,520,1E-6,120,0,2,1,0.10,,,,,1*2.5 1*1.7,,,,,Auto,2,Automatic mesh | 0 | Monkhorst-Pack | 16 16 16 | 0 0 0,-15.41435474,-15.41447272,-15.414355,-15.414473,14.0,4.5802,9.5849,,PAW_PBE Fe_pv 02Aug2007                                                                  | PAW_PBE Co 02Aug2007                                                                    ,2.0,2,Fe1 Co1,23.887872,2.88,0.5,7f48cbb76efcf04fda78bd867c88e9ff9420a0733ad94d0e978b8f1ee240513d,-7.70723636,,,,0.5,,,,
DFT/dft_runs/Run_16_B2FeCo_vol_a2.910,dft_runs,Run_16_B2FeCo_vol_a2.910,Run_16_B2FeCo_vol_a2.910,True,True,True,262607,520,1E-6,120,0,2,1,0.10,,,,,1*2.5 1*1.7,,,,,Auto,2,Automatic mesh | 0 | Monkhorst-Pack | 15 15 15 | 0 0 0,-15.37261954,-15.37272827,-15.37262,-15.372728,15.0,4.6216,9.1837,,PAW_PBE Fe_pv 02Aug2007                                                                  | PAW_PBE Co 02Aug2007                                                                    ,2.0,2,Fe1 Co1,24.642171000000012,2.91,0.5,e29092aa49c94f39462eb5b292b381218a5cf96c0fe89a57e77a412d5a9579d4,-7.686364135,,,,0.5,,,,
DFT/dft_runs/Run_17_B2FeCo_vol_a2.940,dft_runs,Run_17_B2FeCo_vol_a2.940,Run_17_B2FeCo_vol_a2.940,True,True,True,262607,520,1E-6,120,0,2,1,0.10,,,,,1*2.5 1*1.7,,,,,Auto,2,Automatic mesh | 0 | Monkhorst-Pack | 15 15 15 | 0 0 0,-15.3087576,-15.30893615,-15.308758,-15.308936,15.0,4.6395,8.8097,,PAW_PBE Fe_pv 02Aug2007                                                                  | PAW_PBE Co 02Aug2007                                                                    ,2.0,2,Fe1 Co1,25.412183999999996,2.94,0.5,0961c079cce6cf0b6323243883a2b79408326795b7242267a23fe48fb0b8c7df,-7.654468075,,,,0.5,,,,
DFT/dft_runs/Run_20_B2FeCo_Jij_FeFe/state1_pp,dft_runs,Run_20_B2FeCo_Jij_FeFe,state1_pp,True,True,True,4855792,440,1E-6,200,0,,1,0.2,,.TRUE.,2,,0 0 2.30  0 0 2.30  0 0 2.30  0 0 2.30  0 0 2.30  0 0 2.30  0 0 2.30  0 0 2.30  0 0 1.70  0 0 1.70  0 0 1.70  0 0 1.70  0 0 1.70  0 0 1.70  0 0 1.70  0 0 1.70,1,0 0 1  0 0 1  0 0 1  0 0 1  0 0 1  0 0 1  0 0 1  0 0 1  0 0 1  0 0 1  0 0 1  0 0 1  0 0 1  0 0 1  0 0 1  0 0 1,10,,.FALSE.,0,Automatic mesh | 0 | Monkhorst-Pack | 8 8 8 | 0 0 0,-123.43487758,-123.43837876,-123.43488,-123.43838,55.0,-0.0001,9.8961,,PAW_PBE Fe_pv 02Aug2007                                                                  | PAW_PBE Co 02Aug2007                                                                    ,16.0,16,Fe8 Co8,186.5609343440001,5.714,0.5,843eb1fd3a1a12b92c6b5a5141a26ac07db2d1ac631626cd7eebf1dc32c2cf99,-7.7148986725,"[0.0, -0.0, -0.0, 0.0, 0.0, 0.0, 0.0, -0.0, 0.0, 0.0, 0.0, 0.0, 0.0, -0.0, 0.0, -0.0]","[0.0, -0.0, 0.0, 0.0, 0.0, -0.0, 0.0, -0.0, 0.0, 0.0, -0.0, 0.0, -0.0, 0.0, 0.0, -0.0]","[2.83, 2.83, 2.83, 2.83, 2.83, 2.83, 2.83, 2.83, 1.758, 1.758, 1.758, 1.758, 1.758, 1.758, 1.758, 1.758]",0.5,,,,
DFT/dft_runs/Run_20_B2FeCo_Jij_FeFe/state2_pm,dft_runs,Run_20_B2FeCo_Jij_FeFe,state2_pm,True,True,False,5152425,440,1E-6,200,0,,1,0.2,,.TRUE.,2,,0 0 2.30  0 0 -2.30  0 0 2.30  0 0 2.30  0 0 2.30  0 0 2.30  0 0 2.30  0 0 2.30  0 0 1.70  0 0 1.70  0 0 1.70  0 0 1.70  0 0 1.70  0 0 1.70  0 0 1.70  0 0 1.70,1,0 0 1  0 0 -1  0 0 1  0 0 1  0 0 1  0 0 1  0 0 1  0 0 1  0 0 1  0 0 1  0 0 1  0 0 1  0 0 1  0 0 1  0 0 1  0 0 1,10,,.FALSE.,0,Automatic mesh | 0 | Monkhorst-Pack | 8 8 8 | 0 0 0,-122.05366725,-122.05613106,-122.05367,-122.05613,200.0,-0.0,9.799,,PAW_PBE Fe_pv 02Aug2007                                                                  | PAW_PBE Co 02Aug2007                                                                    ,16.0,16,Fe8 Co8,186.5609343440001,5.714,0.5,cf6475423c30741ebf28954facaa37f51dbc13b72fff983d6568fb0fc880ade9,-7.62850819125,"[-0.0, -0.0, 0.0, -0.0, 0.0, 0.0, -0.0, 0.0, 0.0, -0.0, 0.0, 0.0, -0.0, -0.0, 0.0, 0.0]","[0.0, -0.0, -0.0, 0.0, 0.0, -0.0, 0.0, -0.0, -0.0, 0.0, 0.0, 0.0, 0.0, -0.0, 0.0, 0.0]","[2.832, -0.982, 2.858, 2.832, 2.858, 2.832, 2.805, 2.858, 1.7, 1.7, 1.7, 1.7, 1.7, 1.7, 1.7, 1.7]",0.5,,,,
DFT/dft_runs/Run_20_B2FeCo_Jij_FeFe/state3_mp,dft_runs,Run_20_B2FeCo_Jij_FeFe,state3_mp,True,True,True,5035600,440,1E-6,200,0,,1,0.2,,.TRUE.,2,,2.30 0 0  0 0 2.30  0 0 2.30  0 0 2.30  0 0 2.30  0 0 2.30  0 0 2.30  0 0 2.30  0 0 1.70  0 0 1.70  0 0 1.70  0 0 1.70  0 0 1.70  0 0 1.70  0 0 1.70  0 0 1.70,1,1 0 0  0 0 1  0 0 1  0 0 1  0 0 1  0 0 1  0 0 1  0 0 1  0 0 1  0 0 1  0 0 1  0 0 1  0 0 1  0 0 1  0 0 1  0 0 1,10,,.FALSE.,0,Automatic mesh | 0 | Monkhorst-Pack | 8 8 8 | 0 0 0,-122.17366051,-122.17340363,-122.17366,-122.1734,115.0,0.0206,9.7688,,PAW_PBE Fe_pv 02Aug2007                                                                  | PAW_PBE Co 02Aug2007                                                                    ,16.0,16,Fe8 Co8,186.5609343440001,5.714,0.5,70bb89e9fab57103a96bd19db28dac40359121c2417fffa3c3ba68ccb3fefdbf,-7.635837726875,"[0.017, 0.0, 0.0, -0.0, 0.0, 0.0, 0.0, -0.0, -0.0, -0.0, -0.0, -0.0, 0.0, -0.0, -0.0, -0.0]","[-0.0, -0.0, -0.0, -0.0, -0.0, -0.0, 0.0, 0.0, 0.0, -0.0, -0.0, 0.0, -0.0, -0.0, 0.0, 0.0]","[-0.02, 2.823, 2.823, 2.847, 2.823, 2.847, 2.847, 2.788, 1.742, 1.742, 1.742, 1.742, 1.742, 1.742, 1.742, 1.742]",0.5,,,,
DFT/dft_runs/Run_20_B2FeCo_Jij_FeFe/state4_mm,dft_runs,Run_20_B2FeCo_Jij_FeFe,state4_mm,True,True,True,4825963,440,1E-6,200,0,,1,0.2,,.TRUE.,2,,2.30 0 0  0 0 -2.30  0 0 2.30  0 0 2.30  0 0 2.30  0 0 2.30  0 0 2.30  0 0 2.30  0 0 1.70  0 0 1.70  0 0 1.70  0 0 1.70  0 0 1.70  0 0 1.70  0 0 1.70  0 0 1.70,1,1 0 0  0 0 -1  0 0 1  0 0 1  0 0 1  0 0 1  0 0 1  0 0 1  0 0 1  0 0 1  0 0 1  0 0 1  0 0 1  0 0 1  0 0 1  0 0 1,10,,.FALSE.,0,Automatic mesh | 0 | Monkhorst-Pack | 8 8 8 | 0 0 0,-122.78589834,-122.78801143,-122.7859,-122.78801,92.0,2.8825,9.8374,,PAW_PBE Fe_pv 02Aug2007                                                                  | PAW_PBE Co 02Aug2007                                                                    ,16.0,16,Fe8 Co8,186.5609343440001,5.714,0.5,c9480ab0957d06baa20b76a2e3914b8deb3ca6ecb9e1154ad1088662534c5017,-7.674250714375,"[2.839, -0.003, -0.003, -0.0, -0.003, -0.0, -0.0, -0.002, 0.001, 0.001, 0.001, 0.001, 0.001, 0.001, 0.001, 0.001]","[-0.0, 0.0, 0.0, -0.0, -0.0, -0.0, -0.0, 0.0, 0.0, 0.0, 0.0, 0.0, 0.0, 0.0, 0.0, 0.0]","[-0.028, 2.815, 2.815, 2.85, 2.815, 2.85, 2.85, 2.834, 1.703, 1.703, 1.703, 1.703, 1.703, 1.703, 1.703, 1.703]",0.5,,,,
DFT/dft_runs/Run_21_B2FeCo_Jij_FeCo/state1_pp,dft_runs,Run_21_B2FeCo_Jij_FeCo,state1_pp,True,True,True,4855792,440,1E-6,200,0,,1,0.2,,.TRUE.,2,,0 0 2.30  0 0 2.30  0 0 2.30  0 0 2.30  0 0 2.30  0 0 2.30  0 0 2.30  0 0 2.30  0 0 1.70  0 0 1.70  0 0 1.70  0 0 1.70  0 0 1.70  0 0 1.70  0 0 1.70  0 0 1.70,1,0 0 1  0 0 1  0 0 1  0 0 1  0 0 1  0 0 1  0 0 1  0 0 1  0 0 1  0 0 1  0 0 1  0 0 1  0 0 1  0 0 1  0 0 1  0 0 1,10,,.FALSE.,0,Automatic mesh | 0 | Monkhorst-Pack | 8 8 8 | 0 0 0,-123.43487758,-123.43837876,-123.43488,-123.43838,55.0,-0.0001,9.8961,,PAW_PBE Fe_pv 02Aug2007                                                                  | PAW_PBE Co 02Aug2007                                                                    ,16.0,16,Fe8 Co8,186.5609343440001,5.714,0.5,47dcfa1d5e81611d4d218562e831e66ce4773c6512a185473ab1e8882372ec4e,-7.7148986725,"[0.0, -0.0, -0.0, 0.0, 0.0, 0.0, 0.0, -0.0, 0.0, 0.0, 0.0, 0.0, 0.0, -0.0, 0.0, -0.0]","[0.0, -0.0, 0.0, 0.0, 0.0, -0.0, 0.0, -0.0, 0.0, 0.0, -0.0, 0.0, -0.0, 0.0, 0.0, -0.0]","[2.83, 2.83, 2.83, 2.83, 2.83, 2.83, 2.83, 2.83, 1.758, 1.758, 1.758, 1.758, 1.758, 1.758, 1.758, 1.758]",0.5,,,,
DFT/dft_runs/Run_21_B2FeCo_Jij_FeCo/state2_pm,dft_runs,Run_21_B2FeCo_Jij_FeCo,state2_pm,True,True,True,4738344,440,1E-6,200,0,,1,0.2,,.TRUE.,2,,0 0 2.30  0 0 2.30  0 0 2.30  0 0 2.30  0 0 2.30  0 0 2.30  0 0 2.30  0 0 2.30  0 0 -1.70  0 0 1.70  0 0 1.70  0 0 1.70  0 0 1.70  0 0 1.70  0 0 1.70  0 0 1.70,1,0 0 1  0 0 1  0 0 1  0 0 1  0 0 1  0 0 1  0 0 1  0 0 1  0 0 -1  0 0 1  0 0 1  0 0 1  0 0 1  0 0 1  0 0 1  0 0 1,10,,.FALSE.,0,Automatic mesh | 0 | Monkhorst-Pack | 8 8 8 | 0 0 0,-123.43487826,-123.43837947,-123.43488,-123.43838,63.0,0.0,9.8961,,PAW_PBE Fe_pv 02Aug2007                                                                  | PAW_PBE Co 02Aug2007                                                                    ,16.0,16,Fe8 Co8,186.5609343440001,5.714,0.5,50b8b800d832d3f3eb2fcaade21a45e1faeec0cd204e64034b895cd497b22b2c,-7.714898716875,"[0.0, -0.0, 0.0, 0.0, -0.0, -0.0, -0.0, 0.0, -0.0, -0.0, -0.0, 0.0, 0.0, 0.0, 0.0, 0.0]","[0.0, 0.0, -0.0, -0.0, -0.0, -0.0, -0.0, -0.0, -0.0, -0.0, 0.0, 0.0, -0.0, 0.0, 0.0, 0.0]","[2.83, 2.83, 2.83, 2.83, 2.83, 2.83, 2.83, 2.83, 1.758, 1.758, 1.758, 1.758, 1.758, 1.758, 1.758, 1.758]",0.5,,,,
DFT/dft_runs/Run_21_B2FeCo_Jij_FeCo/state3_mp,dft_runs,Run_21_B2FeCo_Jij_FeCo,state3_mp,True,True,True,5035600,440,1E-6,200,0,,1,0.2,,.TRUE.,2,,2.30 0 0  0 0 2.30  0 0 2.30  0 0 2.30  0 0 2.30  0 0 2.30  0 0 2.30  0 0 2.30  0 0 1.70  0 0 1.70  0 0 1.70  0 0 1.70  0 0 1.70  0 0 1.70  0 0 1.70  0 0 1.70,1,1 0 0  0 0 1  0 0 1  0 0 1  0 0 1  0 0 1  0 0 1  0 0 1  0 0 1  0 0 1  0 0 1  0 0 1  0 0 1  0 0 1  0 0 1  0 0 1,10,,.FALSE.,0,Automatic mesh | 0 | Monkhorst-Pack | 8 8 8 | 0 0 0,-122.1736607,-122.17340372,-122.17366,-122.1734,115.0,0.0206,9.7688,,PAW_PBE Fe_pv 02Aug2007                                                                  | PAW_PBE Co 02Aug2007                                                                    ,16.0,16,Fe8 Co8,186.5609343440001,5.714,0.5,4825121aacf54513627a025fd31f6d92552abbcc5c2b4ef61909ad356820644e,-7.6358377325,"[0.017, 0.0, 0.0, -0.0, 0.0, 0.0, 0.0, -0.0, -0.0, -0.0, -0.0, -0.0, 0.0, -0.0, -0.0, -0.0]","[-0.0, -0.0, -0.0, -0.0, -0.0, -0.0, 0.0, 0.0, 0.0, -0.0, -0.0, 0.0, -0.0, -0.0, -0.0, 0.0]","[-0.02, 2.823, 2.823, 2.847, 2.823, 2.847, 2.847, 2.788, 1.742, 1.742, 1.742, 1.742, 1.742, 1.742, 1.742, 1.742]",0.5,,,,
DFT/dft_runs/Run_21_B2FeCo_Jij_FeCo/state4_mm,dft_runs,Run_21_B2FeCo_Jij_FeCo,state4_mm,True,True,True,4800573,440,1E-6,200,0,,1,0.2,,.TRUE.,2,,2.30 0 0  0 0 2.30  0 0 2.30  0 0 2.30  0 0 2.30  0 0 2.30  0 0 2.30  0 0 2.30  0 0 -1.70  0 0 1.70  0 0 1.70  0 0 1.70  0 0 1.70  0 0 1.70  0 0 1.70  0 0 1.70,1,1 0 0  0 0 1  0 0 1  0 0 1  0 0 1  0 0 1  0 0 1  0 0 1  0 0 -1  0 0 1  0 0 1  0 0 1  0 0 1  0 0 1  0 0 1  0 0 1,10,,.FALSE.,0,Automatic mesh | 0 | Monkhorst-Pack | 8 8 8 | 0 0 0,-122.78589859,-122.78801158,-122.7859,-122.78801,84.0,2.8825,9.8374,,PAW_PBE Fe_pv 02Aug2007                                                                  | PAW_PBE Co 02Aug2007                                                                    ,16.0,16,Fe8 Co8,186.5609343440001,5.714,0.5,ae5ef167c5b2c43169792eb0925b336abc52d269acd5b76db198381e7d174b2d,-7.67425072375,"[2.839, -0.003, -0.003, -0.0, -0.003, -0.0, -0.0, -0.002, 0.001, 0.001, 0.001, 0.001, 0.001, 0.001, 0.001, 0.001]","[-0.0, 0.0, 0.0, 0.0, 0.0, 0.0, -0.0, 0.0, -0.0, -0.0, -0.0, 0.0, -0.0, -0.0, 0.0, -0.0]","[-0.028, 2.815, 2.815, 2.85, 2.815, 2.85, 2.85, 2.834, 1.703, 1.703, 1.703, 1.703, 1.703, 1.703, 1.703, 1.703]",0.5,,,,
DFT/dft_runs/Run_22_B2FeCo_Jij_CoCo/state1_pp,dft_runs,Run_22_B2FeCo_Jij_CoCo,state1_pp,True,True,True,4855792,440,1E-6,200,0,,1,0.2,,.TRUE.,2,,0 0 2.30  0 0 2.30  0 0 2.30  0 0 2.30  0 0 2.30  0 0 2.30  0 0 2.30  0 0 2.30  0 0 1.70  0 0 1.70  0 0 1.70  0 0 1.70  0 0 1.70  0 0 1.70  0 0 1.70  0 0 1.70,1,0 0 1  0 0 1  0 0 1  0 0 1  0 0 1  0 0 1  0 0 1  0 0 1  0 0 1  0 0 1  0 0 1  0 0 1  0 0 1  0 0 1  0 0 1  0 0 1,10,,.FALSE.,0,Automatic mesh | 0 | Monkhorst-Pack | 8 8 8 | 0 0 0,-123.43487758,-123.43837876,-123.43488,-123.43838,55.0,-0.0001,9.8961,,PAW_PBE Fe_pv 02Aug2007                                                                  | PAW_PBE Co 02Aug2007                                                                    ,16.0,16,Fe8 Co8,186.5609343440001,5.714,0.5,107ab1b60010f40da847898167c2a9d1df06c4741fedec8d6f167bb0a62e0e83,-7.7148986725,"[0.0, -0.0, -0.0, 0.0, 0.0, 0.0, 0.0, -0.0, 0.0, 0.0, 0.0, 0.0, 0.0, -0.0, 0.0, -0.0]","[0.0, -0.0, 0.0, 0.0, 0.0, -0.0, 0.0, -0.0, 0.0, 0.0, -0.0, 0.0, -0.0, 0.0, 0.0, -0.0]","[2.83, 2.83, 2.83, 2.83, 2.83, 2.83, 2.83, 2.83, 1.758, 1.758, 1.758, 1.758, 1.758, 1.758, 1.758, 1.758]",0.5,,,,
DFT/dft_runs/Run_22_B2FeCo_Jij_CoCo/state2_pm,dft_runs,Run_22_B2FeCo_Jij_CoCo,state2_pm,True,True,True,4731514,440,1E-6,200,0,,1,0.2,,.TRUE.,2,,0 0 2.30  0 0 2.30  0 0 2.30  0 0 2.30  0 0 2.30  0 0 2.30  0 0 2.30  0 0 2.30  0 0 1.70  0 0 -1.70  0 0 1.70  0 0 1.70  0 0 1.70  0 0 1.70  0 0 1.70  0 0 1.70,1,0 0 1  0 0 1  0 0 1  0 0 1  0 0 1  0 0 1  0 0 1  0 0 1  0 0 1  0 0 -1  0 0 1  0 0 1  0 0 1  0 0 1  0 0 1  0 0 1,10,,.FALSE.,0,Automatic mesh | 0 | Monkhorst-Pack | 8 8 8 | 0 0 0,-123.4348778,-123.43837901,-123.43488,-123.43838,60.0,0.0,9.8961,,PAW_PBE Fe_pv 02Aug2007                                                                  | PAW_PBE Co 02Aug2007                                                                    ,16.0,16,Fe8 Co8,186.5609343440001,5.714,0.5,a11a7d56d7af5f98dda5f196870ca6439171f6d392611e7838bf3b30d955c2c4,-7.714898688125,"[0.0, 0.0, -0.0, 0.0, -0.0, -0.0, 0.0, 0.0, 0.0, 0.0, 0.0, 0.0, 0.0, -0.0, 0.0, -0.0]","[-0.0, -0.0, -0.0, -0.0, 0.0, -0.0, -0.0, -0.0, -0.0, -0.0, -0.0, -0.0, -0.0, -0.0, 0.0, -0.0]","[2.83, 2.83, 2.83, 2.83, 2.83, 2.83, 2.83, 2.83, 1.758, 1.758, 1.758, 1.758, 1.758, 1.758, 1.758, 1.758]",0.5,,,,
DFT/dft_runs/Run_22_B2FeCo_Jij_CoCo/state3_mp,dft_runs,Run_22_B2FeCo_Jij_CoCo,state3_mp,True,True,False,5291687,440,1E-6,200,0,,1,0.2,,.TRUE.,2,,0 0 2.30  0 0 2.30  0 0 2.30  0 0 2.30  0 0 2.30  0 0 2.30  0 0 2.30  0 0 2.30  1.70 0 0  0 0 1.70  0 0 1.70  0 0 1.70  0 0 1.70  0 0 1.70  0 0 1.70  0 0 1.70,1,0 0 1  0 0 1  0 0 1  0 0 1  0 0 1  0 0 1  0 0 1  0 0 1  1 0 0  0 0 1  0 0 1  0 0 1  0 0 1  0 0 1  0 0 1  0 0 1,10,,.FALSE.,0,Automatic mesh | 0 | Monkhorst-Pack | 8 8 8 | 0 0 0,-122.56919193,-122.57081662,-122.56919,-122.57082,200.0,-0.0055,9.8486,,PAW_PBE Fe_pv 02Aug2007                                                                  | PAW_PBE Co 02Aug2007                                                                    ,16.0,16,Fe8 Co8,186.5609343440001,5.714,0.5,383f541dfa667906aabc4397e7f196162c23c5a1494862257370bf3a3f9c67ad,-7.66067603875,"[-0.0, -0.0, -0.0, -0.0, -0.0, -0.0, -0.0, -0.0, -0.005, 0.0, 0.0, 0.0, 0.0, 0.0, 0.0, 0.0]","[-0.0, 0.0, -0.0, 0.0, 0.0, -0.0, -0.0, 0.0, 0.0, -0.0, 0.0, 0.0, -0.0, -0.0, 0.0, 0.0]","[2.844, 2.844, 2.844, 2.844, 2.844, 2.844, 2.844, 2.844, -0.01, 1.765, 1.765, 1.768, 1.765, 1.768, 1.768, 1.762]",0.5,,,,
DFT/dft_runs/Run_22_B2FeCo_Jij_CoCo/state4_mm,dft_runs,Run_22_B2FeCo_Jij_CoCo,state4_mm,True,True,False,5152425,440,1E-6,200,0,,1,0.2,,.TRUE.,2,,0 0 2.30  0 0 2.30  0 0 2.30  0 0 2.30  0 0 2.30  0 0 2.30  0 0 2.30  0 0 2.30  1.70 0 0  0 0 -1.70  0 0 1.70  0 0 1.70  0 0 1.70  0 0 1.70  0 0 1.70  0 0 1.70,1,0 0 1  0 0 1  0 0 1  0 0 1  0 0 1  0 0 1  0 0 1  0 0 1  1 0 0  0 0 -1  0 0 1  0 0 1  0 0 1  0 0 1  0 0 1  0 0 1,10,,.FALSE.,0,Automatic mesh | 0 | Monkhorst-Pack | 8 8 8 | 0 0 0,-122.56921147,-122.57083598,-122.56921,-122.57084,200.0,-0.0055,9.8486,,PAW_PBE Fe_pv 02Aug2007                                                                  | PAW_PBE Co 02Aug2007                                                                    ,16.0,16,Fe8 Co8,186.5609343440001,5.714,0.5,5a18b204dbe38345390f0a79e532f903a21d1ed00f5afd04da32900208357206,-7.66067724875,"[0.0, 0.0, -0.0, -0.0, -0.0, 0.0, -0.0, -0.0, -0.005, 0.0, -0.0, -0.0, -0.0, -0.0, 0.0, -0.0]","[-0.0, -0.0, -0.0, -0.0, -0.0, 0.0, 0.0, -0.0, -0.0, 0.0, 0.0, -0.0, 0.0, -0.0, 0.0, 0.0]","[2.844, 2.844, 2.844, 2.844, 2.844, 2.844, 2.844, 2.844, -0.01, 1.764, 1.765, 1.768, 1.765, 1.768, 1.768, 1.763]",0.5,,,,
DFT/dft_runs/Run_23_L12Fe3Co_vol_a3.450,dft_runs,Run_23_L12Fe3Co_vol_a3.450,Run_23_L12Fe3Co_vol_a3.450,True,True,True,313191,520,1E-6,120,0,2,1,0.10,,,,,3*2.5 1*1.7,,,,,Auto,2,Automatic mesh | 0 | Monkhorst-Pack | 13 13 13 | 0 0 0,-31.30732476,-31.30760152,-31.307325,-31.307602,17.0,3.516,11.2052,,PAW_PBE Fe_pv 02Aug2007                                                                  | PAW_PBE Co 02Aug2007                                                                    ,4.0,4,Fe3 Co1,41.063625,3.45,0.75,db58888f446a1ca34729f029e8c8ace7a05b3835ce7f24897019155bd8e5ffdc,-7.82690038,,,,0.25,,,,
DFT/dft_runs/Run_24_L12Fe3Co_vol_a3.520,dft_runs,Run_24_L12Fe3Co_vol_a3.520,Run_24_L12Fe3Co_vol_a3.520,True,True,True,323181,520,1E-6,120,0,2,1,0.10,,,,,3*2.5 1*1.7,,,,,Auto,2,Automatic mesh | 0 | Monkhorst-Pack | 13 13 13 | 0 0 0,-31.34288076,-31.34274884,-31.342881,-31.342749,22.0,6.97,10.2648,,PAW_PBE Fe_pv 02Aug2007                                                                  | PAW_PBE Co 02Aug2007                                                                    ,4.0,4,Fe3 Co1,43.61420799999998,3.52,0.75,f1114d89731c8482c7784dda89e26dfcde137f057522b01c559bca6e4137a77d,-7.83568721,,,,0.25,,,,
DFT/dft_runs/Run_25_L12Fe3Co_vol_a3.580,dft_runs,Run_25_L12Fe3Co_vol_a3.580,Run_25_L12Fe3Co_vol_a3.580,True,True,True,319160,520,1E-6,120,0,2,1,0.10,,,,,3*2.5 1*1.7,,,,,Auto,2,Automatic mesh | 0 | Monkhorst-Pack | 13 13 13 | 0 0 0,-31.42237839,-31.42232682,-31.422378,-31.422327,20.0,9.1962,9.6805,,PAW_PBE Fe_pv 02Aug2007                                                                  | PAW_PBE Co 02Aug2007                                                                    ,4.0,4,Fe3 Co1,45.882712000000005,3.58,0.75,a83c5ee7605675e907b8a26fc6fabd2ba0135970504b938a8103592e171b9a1f,-7.855581705,,,,0.25,,,,
DFT/dft_runs/Run_26_L12Fe3Co_vol_a3.620,dft_runs,Run_26_L12Fe3Co_vol_a3.620,Run_26_L12Fe3Co_vol_a3.620,True,True,True,236269,520,1E-6,120,0,2,1,0.10,,,,,3*2.5 1*1.7,,,,,Auto,2,Automatic mesh | 0 | Monkhorst-Pack | 12 12 12 | 0 0 0,-31.42018521,-31.41953347,-31.420185,-31.419533,18.0,9.2428,9.2775,,PAW_PBE Fe_pv 02Aug2007                                                                  | PAW_PBE Co 02Aug2007                                                                    ,4.0,4,Fe3 Co1,47.437928,3.62,0.75,75d3ffb321d9bdb37a33bcead4fba495f32a76e22714fd79265c9a6dc4263be3,-7.8548833675,,,,0.25,,,,
DFT/dft_runs/Run_27_L12Fe3Co_vol_a3.660,dft_runs,Run_27_L12Fe3Co_vol_a3.660,Run_27_L12Fe3Co_vol_a3.660,True,True,True,234287,520,1E-6,120,0,2,1,0.10,,,,,3*2.5 1*1.7,,,,,Auto,2,Automatic mesh | 0 | Monkhorst-Pack | 12 12 12 | 0 0 0,-31.36803772,-31.36743543,-31.368038,-31.367435,17.0,9.5217,8.8993,,PAW_PBE Fe_pv 02Aug2007                                                                  | PAW_PBE Co 02Aug2007                                                                    ,4.0,4,Fe3 Co1,49.02789600000001,3.66,0.75,f75229bc1d96981e417e1b1c4dbf3883b7b7b592336e4e52864b3e3f8dd9228a,-7.8418588575,,,,0.25,,,,
DFT/dft_runs/Run_28_L12Fe3Co_vol_a3.700,dft_runs,Run_28_L12Fe3Co_vol_a3.700,Run_28_L12Fe3Co_vol_a3.700,True,True,True,234287,520,1E-6,120,0,2,1,0.10,,,,,3*2.5 1*1.7,,,,,Auto,2,Automatic mesh | 0 | Monkhorst-Pack | 12 12 12 | 0 0 0,-31.27079248,-31.27021351,-31.270792,-31.270214,17.0,9.6282,8.5287,,PAW_PBE Fe_pv 02Aug2007                                                                  | PAW_PBE Co 02Aug2007                                                                    ,4.0,4,Fe3 Co1,50.65300000000002,3.7,0.75,dd6fbfb2174fdbe486953e2f266a52d988c2f02105f32de03bae703a6587ca61,-7.8175533775,,,,0.25,,,,
DFT/dft_runs/Run_29_L12Fe3Co_vol_a3.740,dft_runs,Run_29_L12Fe3Co_vol_a3.740,Run_29_L12Fe3Co_vol_a3.740,True,True,True,234287,520,1E-6,120,0,2,1,0.10,,,,,3*2.5 1*1.7,,,,,Auto,2,Automatic mesh | 0 | Monkhorst-Pack | 12 12 12 | 0 0 0,-31.12840318,-31.12782676,-31.128403,-31.127827,17.0,9.6911,8.1725,,PAW_PBE Fe_pv 02Aug2007                                                                  | PAW_PBE Co 02Aug2007                                                                    ,4.0,4,Fe3 Co1,52.313624000000026,3.74,0.75,cd87fb8d9e874d8acb7e8246d371a57d731baa888a0e63eab16d89cd1070b514,-7.78195669,,,,0.25,,,,
DFT/dft_runs/Run_32_L12Fe3Co_Jij_FeFe/state1_pp,dft_runs,Run_32_L12Fe3Co_Jij_FeFe,state1_pp,True,False,False,686722,440,1E-6,200,0,,1,0.2,,.TRUE.,2,,0 0 2.30  0 0 2.30  0 0 2.30  0 0 2.30  0 0 2.30  0 0 2.30  0 0 2.30  0 0 2.30  0 0 2.30  0 0 2.30  0 0 2.30  0 0 2.30  0 0 2.30  0 0 2.30  0 0 2.30  0 0 2.30  0 0 2.30  0 0 2.30  0 0 2.30  0 0 2.30  0 0 2.30  0 0 2.30  0 0 2.30 \ 0 0 2.30  0 0 1.70  0 0 1.70  0 0 1.70  0 0 1.70  0 0 1.70  0 0 1.70  0 0 1.70  0 0 1.70,1,0 0 1  0 0 1  0 0 1  0 0 1  0 0 1  0 0 1  0 0 1  0 0 1  0 0 1  0 0 1  0 0 1  0 0 1  0 0 1  0 0 1  0 0 1  0 0 1  0 0 1  0 0 1  0 0 1  0 0 1  0 0 1  0 0 1  0 0 1  0 0 1  0 0 1  0 0 1  0 0 1  0 0 1  0 0 1  0 0 1  0 0 1  0 0 1,10,,.FALSE.,0,Automatic mesh | 0 | Monkhorst-Pack | 6 6 6 | 0 0 0,-249.57157216,-249.55815759,,,171.0,,,,PAW_PBE Fe_pv 02Aug2007                                                                  | PAW_PBE Co 02Aug2007                                                                    ,32.0,32,Fe24 Co8,367.06169600000027,7.16,0.75,ebcf2bedad9b1e5b83118d640b6a30bd8d7ca8ea9b0b0809062a3775984f0e45,-7.7986924246875,"[0.02, 0.02, 0.053, -0.05, 0.001, 0.003, 0.022, -0.031, -0.057, -0.061, -0.05, 0.126, 0.032, 0.025, 0.007, -0.038, -0.01, -0.053, 0.011, -0.027, -0.035, -0.088, -0.037, 0.01, 0.114, -0.062, -0.04, 0.008, 0.021, -0.032, -0.054, -0.022]","[0.001, 0.051, 0.053, -0.009, 0.052, -0.068, 0.012, 0.01, -0.009, 0.007, 0.011, -0.011, 0.018, 0.062, 0.03, 0.021, 0.047, -0.031, 0.016, 0.024, -0.046, -0.0, 0.017, -0.099, 0.081, -0.005, -0.094, -0.027, -0.003, -0.017, 0.058, 0.114]","[1.93, 1.901, 1.523, 1.858, 1.927, 1.51, 1.977, 1.888, 1.603, 1.859, 1.903, -0.008, 1.933, 1.906, 2.026, 1.863, 1.928, 2.085, 1.974, 1.893, 2.091, 1.859, 1.904, 2.085, -0.42, -0.175, -0.131, -0.161, 1.171, -0.162, 1.178, -1.393]",0.25,,,,
DFT/dft_runs/Run_32_L12Fe3Co_Jij_FeFe/state2_pm,dft_runs,Run_32_L12Fe3Co_Jij_FeFe,state2_pm,False,False,False,0,440,1E-6,200,0,,1,0.2,,.TRUE.,2,,0 0 2.30  0 0 -2.30  0 0 2.30  0 0 2.30  0 0 2.30  0 0 2.30  0 0 2.30  0 0 2.30  0 0 2.30  0 0 2.30  0 0 2.30  0 0 2.30  0 0 2.30  0 0 2.30  0 0 2.30  0 0 2.30  0 0 2.30  0 0 2.30  0 0 2.30  0 0 2.30  0 0 2.30  0 0 2.30 \ 0 0 2.30  0 0 2.30  0 0 1.70  0 0 1.70  0 0 1.70  0 0 1.70  0 0 1.70  0 0 1.70  0 0 1.70  0 0 1.70,1,0 0 1  0 0 -1  0 0 1  0 0 1  0 0 1  0 0 1  0 0 1  0 0 1  0 0 1  0 0 1  0 0 1  0 0 1  0 0 1  0 0 1  0 0 1  0 0 1  0 0 1  0 0 1  0 0 1  0 0 1  0 0 1  0 0 1  0 0 1  0 0 1  0 0 1  0 0 1  0 0 1  0 0 1  0 0 1  0 0 1  0 0 1  0 0 1,10,,.FALSE.,0,Automatic mesh | 0 | Monkhorst-Pack | 6 6 6 | 0 0 0,,,-251.3901,-251.38962,20.0,42.1081,,,,,32,Fe24 Co8,367.06169600000027,7.16,0.75,fb2e5ab77c8a3f4d3eda7d9740b49108283f56fc92ba9f419734a657e869e67f,,,,,0.25,,,,
DFT/dft_runs/Run_32_L12Fe3Co_Jij_FeFe/state3_mp,dft_runs,Run_32_L12Fe3Co_Jij_FeFe,state3_mp,False,False,False,0,440,1E-6,200,0,,1,0.2,,.TRUE.,2,,2.30 0 0  0 0 2.30  0 0 2.30  0 0 2.30  0 0 2.30  0 0 2.30  0 0 2.30  0 0 2.30  0 0 2.30  0 0 2.30  0 0 2.30  0 0 2.30  0 0 2.30  0 0 2.30  0 0 2.30  0 0 2.30  0 0 2.30  0 0 2.30  0 0 2.30  0 0 2.30  0 0 2.30  0 0 2.30  0 0 2.30 \ 0 0 2.30  0 0 1.70  0 0 1.70  0 0 1.70  0 0 1.70  0 0 1.70  0 0 1.70  0 0 1.70  0 0 1.70,1,1 0 0  0 0 -1  0 0 1  0 0 1  0 0 1  0 0 1  0 0 1  0 0 1  0 0 1  0 0 1  0 0 1  0 0 1  0 0 1  0 0 1  0 0 1  0 0 1  0 0 1  0 0 1  0 0 1  0 0 1  0 0 1  0 0 1  0 0 1  0 0 1  0 0 1  0 0 1  0 0 1  0 0 1  0 0 1  0 0 1  0 0 1  0 0 1,10,,.FALSE.,0,Automatic mesh | 0 | Monkhorst-Pack | 6 6 6 | 0 0 0,,,-251.3901,-251.38962,20.0,42.1081,,,,,32,Fe24 Co8,367.06169600000027,7.16,0.75,67736fd92704c326bae92a9b29de3ce434e4cb438a3cb169aa6cf204a0c89493,,,,,0.25,,,,
DFT/dft_runs/Run_32_L12Fe3Co_Jij_FeFe/state4_mm,dft_runs,Run_32_L12Fe3Co_Jij_FeFe,state4_mm,False,False,False,0,440,1E-6,200,0,,1,0.2,,.TRUE.,2,,2.30 0 0  0 0 -2.30  0 0 2.30  0 0 2.30  0 0 2.30  0 0 2.30  0 0 2.30  0 0 2.30  0 0 2.30  0 0 2.30  0 0 2.30  0 0 2.30  0 0 2.30  0 0 2.30  0 0 2.30  0 0 2.30  0 0 2.30  0 0 2.30  0 0 2.30  0 0 2.30  0 0 2.30  0 0 2.30 \ 0 0 2.30  0 0 2.30  0 0 1.70  0 0 1.70  0 0 1.70  0 0 1.70  0 0 1.70  0 0 1.70  0 0 1.70  0 0 1.70,1,1 0 0  0 0 -1  0 0 1  0 0 1  0 0 1  0 0 1  0 0 1  0 0 1  0 0 1  0 0 1  0 0 1  0 0 1  0 0 1  0 0 1  0 0 1  0 0 1  0 0 1  0 0 1  0 0 1  0 0 1  0 0 1  0 0 1  0 0 1  0 0 1  0 0 1  0 0 1  0 0 1  0 0 1  0 0 1  0 0 1  0 0 1  0 0 1,10,,.FALSE.,0,Automatic mesh | 0 | Monkhorst-Pack | 6 6 6 | 0 0 0,,,-251.3901,-251.38962,20.0,42.1081,,,,,32,Fe24 Co8,367.06169600000027,7.16,0.75,31d3f28ab64b68adaefc6e57b5a84521bd76d3b4551f88b849a882d9c08fcdce,,,,,0.25,,,,
DFT/dft_runs/Run_33_L12Fe3Co_Jij_FeCo/state1_pp,dft_runs,Run_33_L12Fe3Co_Jij_FeCo,state1_pp,False,False,False,0,440,1E-6,200,0,,1,0.2,,.TRUE.,2,,0 0 2.30  0 0 2.30  0 0 2.30  0 0 2.30  0 0 2.30  0 0 2.30  0 0 2.30  0 0 2.30  0 0 2.30  0 0 2.30  0 0 2.30  0 0 2.30  0 0 2.30  0 0 2.30  0 0 2.30  0 0 2.30  0 0 2.30  0 0 2.30  0 0 2.30  0 0 2.30  0 0 2.30  0 0 2.30  0 0 2.30 \ 0 0 2.30  0 0 1.70  0 0 1.70  0 0 1.70  0 0 1.70  0 0 1.70  0 0 1.70  0 0 1.70  0 0 1.70,1,0 0 1  0 0 1  0 0 1  0 0 1  0 0 1  0 0 1  0 0 1  0 0 1  0 0 1  0 0 1  0 0 1  0 0 1  0 0 1  0 0 1  0 0 1  0 0 1  0 0 1  0 0 1  0 0 1  0 0 1  0 0 1  0 0 1  0 0 1  0 0 1  0 0 1  0 0 1  0 0 1  0 0 1  0 0 1  0 0 1  0 0 1  0 0 1,10,,.FALSE.,0,Automatic mesh | 0 | Monkhorst-Pack | 6 6 6 | 0 0 0,,,-251.3852,-251.38485,23.0,73.0742,,,,,32,Fe24 Co8,367.06169600000027,7.16,0.75,c0937b1919b809cb6957df64b523e4b8c5f3eb4310d736280b04ea1d7c74a0a1,,,,,0.25,,,,
DFT/dft_runs/Run_33_L12Fe3Co_Jij_FeCo/state2_pm,dft_runs,Run_33_L12Fe3Co_Jij_FeCo,state2_pm,False,False,False,0,440,1E-6,200,0,,1,0.2,,.TRUE.,2,,0 0 2.30  0 0 2.30  0 0 2.30  0 0 2.30  0 0 2.30  0 0 2.30  0 0 2.30  0 0 2.30  0 0 2.30  0 0 2.30  0 0 2.30  0 0 2.30  0 0 2.30  0 0 2.30  0 0 2.30  0 0 2.30  0 0 2.30  0 0 2.30  0 0 2.30  0 0 2.30  0 0 2.30  0 0 2.30  0 0 2.30 \ 0 0 2.30  0 0 -1.70  0 0 1.70  0 0 1.70  0 0 1.70  0 0 1.70  0 0 1.70  0 0 1.70  0 0 1.70,1,0 0 1  0 0 1  0 0 1  0 0 1  0 0 1  0 0 1  0 0 1  0 0 1  0 0 1  0 0 1  0 0 1  0 0 1  0 0 1  0 0 1  0 0 1  0 0 1  0 0 1  0 0 1  0 0 1  0 0 1  0 0 1  0 0 1  0 0 1  0 0 1  0 0 -1  0 0 1  0 0 1  0 0 1  0 0 1  0 0 1  0 0 1  0 0 1,10,,.FALSE.,0,Automatic mesh | 0 | Monkhorst-Pack | 6 6 6 | 0 0 0,,,-251.3852,-251.38485,18.0,73.0747,,,,,32,Fe24 Co8,367.06169600000027,7.16,0.75,b265d2e0154c4a5cf4e60a5a58054d55784621e86fb58b06e111a569e03296d8,,,,,0.25,,,,
DFT/dft_runs/Run_33_L12Fe3Co_Jij_FeCo/state3_mp,dft_runs,Run_33_L12Fe3Co_Jij_FeCo,state3_mp,False,False,False,0,440,1E-6,200,0,,1,0.2,,.TRUE.,2,,2.30 0 0  0 0 2.30  0 0 2.30  0 0 2.30  0 0 2.30  0 0 2.30  0 0 2.30  0 0 2.30  0 0 2.30  0 0 2.30  0 0 2.30  0 0 2.30  0 0 2.30  0 0 2.30  0 0 2.30  0 0 2.30  0 0 2.30  0 0 2.30  0 0 2.30  0 0 2.30  0 0 2.30  0 0 2.30  0 0 2.30 \ 0 0 2.30  0 0 1.70  0 0 1.70  0 0 1.70  0 0 1.70  0 0 1.70  0 0 1.70  0 0 1.70  0 0 1.70,1,1 0 0  0 0 1  0 0 1  0 0 1  0 0 1  0 0 1  0 0 1  0 0 1  0 0 1  0 0 1  0 0 1  0 0 1  0 0 1  0 0 1  0 0 1  0 0 1  0 0 1  0 0 1  0 0 1  0 0 1  0 0 1  0 0 1  0 0 1  0 0 1  0 0 1  0 0 1  0 0 1  0 0 1  0 0 1  0 0 1  0 0 1  0 0 1,10,,.FALSE.,0,Automatic mesh | 0 | Monkhorst-Pack | 6 6 6 | 0 0 0,,,-251.38521,-251.38486,19.0,73.0748,,,,,32,Fe24 Co8,367.06169600000027,7.16,0.75,46e4ccca404745611571eb22fb5ebeb94de8be0e19e5a1cff6ed3cfcf078ddf2,,,,,0.25,,,,
DFT/dft_runs/Run_33_L12Fe3Co_Jij_FeCo/state4_mm,dft_runs,Run_33_L12Fe3Co_Jij_FeCo,state4_mm,False,False,False,0,440,1E-6,200,0,,1,0.2,,.TRUE.,2,,2.30 0 0  0 0 2.30  0 0 2.30  0 0 2.30  0 0 2.30  0 0 2.30  0 0 2.30  0 0 2.30  0 0 2.30  0 0 2.30  0 0 2.30  0 0 2.30  0 0 2.30  0 0 2.30  0 0 2.30  0 0 2.30  0 0 2.30  0 0 2.30  0 0 2.30  0 0 2.30  0 0 2.30  0 0 2.30  0 0 2.30 \ 0 0 2.30  0 0 -1.70  0 0 1.70  0 0 1.70  0 0 1.70  0 0 1.70  0 0 1.70  0 0 1.70  0 0 1.70,1,1 0 0  0 0 1  0 0 1  0 0 1  0 0 1  0 0 1  0 0 1  0 0 1  0 0 1  0 0 1  0 0 1  0 0 1  0 0 1  0 0 1  0 0 1  0 0 1  0 0 1  0 0 1  0 0 1  0 0 1  0 0 1  0 0 1  0 0 1  0 0 1  0 0 -1  0 0 1  0 0 1  0 0 1  0 0 1  0 0 1  0 0 1  0 0 1,10,,.FALSE.,0,Automatic mesh | 0 | Monkhorst-Pack | 6 6 6 | 0 0 0,,,-251.38521,-251.38486,18.0,73.0747,,,,,32,Fe24 Co8,367.06169600000027,7.16,0.75,6dd9f53afcc3a3d7ad255c6df81ec2072aa0ce183457bf840f7352199dcfcd87,,,,,0.25,,,,
DFT/dft_runs/Run_34_L12FeCo3_vol_a3.420,dft_runs,Run_34_L12FeCo3_vol_a3.420,Run_34_L12FeCo3_vol_a3.420,True,True,True,279177,520,1E-6,120,0,2,1,0.10,,,,,1*2.5 3*1.7,,,,,Auto,2,Automatic mesh | 0 | Monkhorst-Pack | 13 13 13 | 0 0 0,-29.00002325,-29.00028,-29.000023,-29.00028,20.0,6.9876,11.5201,,PAW_PBE Fe_pv 02Aug2007                                                                  | PAW_PBE Co 02Aug2007                                                                    ,4.0,4,Fe1 Co3,40.00168800000001,3.42,0.25,ec24d49afb8a56baf0034d3d11175f7c7859c409d84586bb8ca60eb030c0cc88,-7.25007,,,,0.75,,,,
DFT/dft_runs/Run_35_L12FeCo3_vol_a3.480,dft_runs,Run_35_L12FeCo3_vol_a3.480,Run_35_L12FeCo3_vol_a3.480,True,True,True,279177,520,1E-6,120,0,2,1,0.10,,,,,1*2.5 3*1.7,,,,,Auto,2,Automatic mesh | 0 | Monkhorst-Pack | 13 13 13 | 0 0 0,-29.25455954,-29.25489522,-29.25456,-29.254895,20.0,7.2293,10.7589,,PAW_PBE Fe_pv 02Aug2007                                                                  | PAW_PBE Co 02Aug2007                                                                    ,4.0,4,Fe1 Co3,42.144192000000004,3.48,0.25,b1c9c8842d45ef78865e1a72e9950584e5552b02277619b042050708a00575fd,-7.313723805,,,,0.75,,,,
DFT/dft_runs/Run_36_L12FeCo3_vol_a3.540,dft_runs,Run_36_L12FeCo3_vol_a3.540,Run_36_L12FeCo3_vol_a3.540,True,True,True,273207,520,1E-6,120,0,2,1,0.10,,,,,1*2.5 3*1.7,,,,,Auto,2,Automatic mesh | 0 | Monkhorst-Pack | 13 13 13 | 0 0 0,-29.33149987,-29.33146269,-29.3315,-29.331463,17.0,7.3321,10.0531,,PAW_PBE Fe_pv 02Aug2007                                                                  | PAW_PBE Co 02Aug2007                                                                    ,4.0,4,Fe1 Co3,44.36186399999999,3.54,0.25,c6d50a10ddfb2b11626c203d630bd0462925bf2dedebebf7d0d6080f31c93fc0,-7.3328656725,,,,0.75,,,,
DFT/dft_runs/Run_37_L12FeCo3_vol_a3.580,dft_runs,Run_37_L12FeCo3_vol_a3.580,Run_37_L12FeCo3_vol_a3.580,True,True,True,275188,520,1E-6,120,0,2,1,0.10,,,,,1*2.5 3*1.7,,,,,Auto,2,Automatic mesh | 0 | Monkhorst-Pack | 13 13 13 | 0 0 0,-29.30251263,-29.30258769,-29.302513,-29.302588,18.0,7.5249,9.6043,,PAW_PBE Fe_pv 02Aug2007                                                                  | PAW_PBE Co 02Aug2007                                                                    ,4.0,4,Fe1 Co3,45.882712000000005,3.58,0.25,4b6a84d3ef28c138706f36ba192c564a9794406e313cbbd37fab94c22bcce675,-7.3256469225,,,,0.75,,,,
DFT/dft_runs/Run_38_L12FeCo3_vol_a3.620,dft_runs,Run_38_L12FeCo3_vol_a3.620,Run_38_L12FeCo3_vol_a3.620,True,True,True,209613,520,1E-6,120,0,2,1,0.10,,,,,1*2.5 3*1.7,,,,,Auto,2,Automatic mesh | 0 | Monkhorst-Pack | 12 12 12 | 0 0 0,-29.21996601,-29.22035625,-29.219966,-29.220356,18.0,7.6209,9.1837,,PAW_PBE Fe_pv 02Aug2007                                                                  | PAW_PBE Co 02Aug2007                                                                    ,4.0,4,Fe1 Co3,47.437928,3.62,0.25,81b3a7d26cf719da74b3031c3720612e37fc4f4e01bdab005f42749dbdfb0fd0,-7.3050890625,,,,0.75,,,,
DFT/dft_runs/Run_39_L12FeCo3_vol_a3.660,dft_runs,Run_39_L12FeCo3_vol_a3.660,Run_39_L12FeCo3_vol_a3.660,True,True,True,205657,520,1E-6,120,0,2,1,0.10,,,,,1*2.5 3*1.7,,,,,Auto,2,Automatic mesh | 0 | Monkhorst-Pack | 12 12 12 | 0 0 0,-29.08563215,-29.08615348,-29.085632,-29.086153,16.0,7.667,8.7764,,PAW_PBE Fe_pv 02Aug2007                                                                  | PAW_PBE Co 02Aug2007                                                                    ,4.0,4,Fe1 Co3,49.02789600000001,3.66,0.25,b53f2be1c4c71304d4e4dc5414e275a245ffde22b49b049b4987aa5529e887c8,-7.27153837,,,,0.75,,,,
DFT/dft_runs/Run_40_L12FeCo3_vol_a3.700,dft_runs,Run_40_L12FeCo3_vol_a3.700,Run_40_L12FeCo3_vol_a3.700,True,True,True,203692,520,1E-6,120,0,2,1,0.10,,,,,1*2.5 3*1.7,,,,,Auto,2,Automatic mesh | 0 | Monkhorst-Pack | 12 12 12 | 0 0 0,-28.90657691,-28.90672208,-28.906577,-28.906722,15.0,7.7532,8.3852,,PAW_PBE Fe_pv 02Aug2007                                                                  | PAW_PBE Co 02Aug2007                                                                    ,4.0,4,Fe1 Co3,50.65300000000002,3.7,0.25,fb078c6f092ac3e37c50dfbd2b7f7e75fa9e37dd3afa26bfd76ba512596b5d5e,-7.22668052,,,,0.75,,,,
DFT/dft_runs/Run_43_L12FeCo3_Jij_FeCo/state1_pp,dft_runs,Run_43_L12FeCo3_Jij_FeCo,state1_pp,False,False,False,0,440,1E-6,200,0,,1,0.2,,.TRUE.,2,,0 0 2.30  0 0 2.30  0 0 2.30  0 0 2.30  0 0 2.30  0 0 2.30  0 0 2.30  0 0 2.30  0 0 1.70  0 0 1.70  0 0 1.70  0 0 1.70  0 0 1.70  0 0 1.70  0 0 1.70  0 0 1.70  0 0 1.70  0 0 1.70  0 0 1.70  0 0 1.70  0 0 1.70  0 0 1.70  0 0 1.70 \ 0 0 1.70  0 0 1.70  0 0 1.70  0 0 1.70  0 0 1.70  0 0 1.70  0 0 1.70  0 0 1.70  0 0 1.70,1,0 0 1  0 0 1  0 0 1  0 0 1  0 0 1  0 0 1  0 0 1  0 0 1  0 0 1  0 0 1  0 0 1  0 0 1  0 0 1  0 0 1  0 0 1  0 0 1  0 0 1  0 0 1  0 0 1  0 0 1  0 0 1  0 0 1  0 0 1  0 0 1  0 0 1  0 0 1  0 0 1  0 0 1  0 0 1  0 0 1  0 0 1  0 0 1,10,,.FALSE.,0,Automatic mesh | 0 | Monkhorst-Pack | 6 6 6 | 0 0 0,,,-234.42781,-234.4301,24.0,60.4152,,,,,32,Fe8 Co24,367.06169600000027,7.16,0.25,32da3eea0aefa373b9ba1afba9d924216731adb526fff6300ddc3f26f41da431,,,,,0.75,,,,
DFT/dft_runs/Run_43_L12FeCo3_Jij_FeCo/state2_pm,dft_runs,Run_43_L12FeCo3_Jij_FeCo,state2_pm,False,False,False,0,440,1E-6,200,0,,1,0.2,,.TRUE.,2,,0 0 2.30  0 0 2.30  0 0 2.30  0 0 2.30  0 0 2.30  0 0 2.30  0 0 2.30  0 0 2.30  0 0 -1.70  0 0 1.70  0 0 1.70  0 0 1.70  0 0 1.70  0 0 1.70  0 0 1.70  0 0 1.70  0 0 1.70  0 0 1.70  0 0 1.70  0 0 1.70  0 0 1.70  0 0 1.70 \ 0 0 1.70  0 0 1.70  0 0 1.70  0 0 1.70  0 0 1.70  0 0 1.70  0 0 1.70  0 0 1.70  0 0 1.70  0 0 1.70,1,0 0 1  0 0 1  0 0 1  0 0 1  0 0 1  0 0 1  0 0 1  0 0 1  0 0 -1  0 0 1  0 0 1  0 0 1  0 0 1  0 0 1  0 0 1  0 0 1  0 0 1  0 0 1  0 0 1  0 0 1  0 0 1  0 0 1  0 0 1  0 0 1  0 0 1  0 0 1  0 0 1  0 0 1  0 0 1  0 0 1  0 0 1  0 0 1,10,,.FALSE.,0,Automatic mesh | 0 | Monkhorst-Pack | 6 6 6 | 0 0 0,,,-234.42781,-234.4301,18.0,60.415,,,,,32,Fe8 Co24,367.06169600000027,7.16,0.25,506da9b6a361a86348dc0df1ad1b99f99dad4ba1a0cfb3fc03dafc46b12281c1,,,,,0.75,,,,
DFT/dft_runs/Run_43_L12FeCo3_Jij_FeCo/state3_mp,dft_runs,Run_43_L12FeCo3_Jij_FeCo,state3_mp,False,False,False,0,440,1E-6,200,0,,1,0.2,,.TRUE.,2,,2.30 0 0  0 0 2.30  0 0 2.30  0 0 2.30  0 0 2.30  0 0 2.30  0 0 2.30  0 0 2.30  0 0 1.70  0 0 1.70  0 0 1.70  0 0 1.70  0 0 1.70  0 0 1.70  0 0 1.70  0 0 1.70  0 0 1.70  0 0 1.70  0 0 1.70  0 0 1.70  0 0 1.70  0 0 1.70  0 0 1.70 \ 0 0 1.70  0 0 1.70  0 0 1.70  0 0 1.70  0 0 1.70  0 0 1.70  0 0 1.70  0 0 1.70  0 0 1.70,1,1 0 0  0 0 1  0 0 1  0 0 1  0 0 1  0 0 1  0 0 1  0 0 1  0 0 1  0 0 1  0 0 1  0 0 1  0 0 1  0 0 1  0 0 1  0 0 1  0 0 1  0 0 1  0 0 1  0 0 1  0 0 1  0 0 1  0 0 1  0 0 1  0 0 1  0 0 1  0 0 1  0 0 1  0 0 1  0 0 1  0 0 1  0 0 1,10,,.FALSE.,0,Automatic mesh | 0 | Monkhorst-Pack | 6 6 6 | 0 0 0,,,-234.42781,-234.4301,20.0,60.4152,,,,,32,Fe8 Co24,367.06169600000027,7.16,0.25,ba64f1de1e4ed87cd5e30e162213cf1cbc56e888a3fd0006fa473ab5ee87f2d1,,,,,0.75,,,,
DFT/dft_runs/Run_43_L12FeCo3_Jij_FeCo/state4_mm,dft_runs,Run_43_L12FeCo3_Jij_FeCo,state4_mm,True,True,True,662703,440,1E-6,200,0,,1,0.2,,.TRUE.,2,,2.30 0 0  0 0 2.30  0 0 2.30  0 0 2.30  0 0 2.30  0 0 2.30  0 0 2.30  0 0 2.30  0 0 -1.70  0 0 1.70  0 0 1.70  0 0 1.70  0 0 1.70  0 0 1.70  0 0 1.70  0 0 1.70  0 0 1.70  0 0 1.70  0 0 1.70  0 0 1.70  0 0 1.70  0 0 1.70 \ 0 0 1.70  0 0 1.70  0 0 1.70  0 0 1.70  0 0 1.70  0 0 1.70  0 0 1.70  0 0 1.70  0 0 1.70  0 0 1.70,1,1 0 0  0 0 1  0 0 1  0 0 1  0 0 1  0 0 1  0 0 1  0 0 1  0 0 -1  0 0 1  0 0 1  0 0 1  0 0 1  0 0 1  0 0 1  0 0 1  0 0 1  0 0 1  0 0 1  0 0 1  0 0 1  0 0 1  0 0 1  0 0 1  0 0 1  0 0 1  0 0 1  0 0 1  0 0 1  0 0 1  0 0 1  0 0 1,10,,.FALSE.,0,Automatic mesh | 0 | Monkhorst-Pack | 6 6 6 | 0 0 0,-234.42781208,-234.4301025,-234.42781,-234.4301,19.0,60.4151,9.6111,,PAW_PBE Fe_pv 02Aug2007                                                                  | PAW_PBE Co 02Aug2007                                                                    ,32.0,32,Fe8 Co24,367.06169600000027,7.16,0.25,1c8a4353b7870fc304365ff7fc4dfffffee0835c611ae9917b9148deaf4a0818,-7.325940703125,,,,0.75,,,,
DFT/dft_runs/Run_44_L12FeCo3_Jij_CoCo/state1_pp,dft_runs,Run_44_L12FeCo3_Jij_CoCo,state1_pp,False,False,False,0,440,1E-6,200,0,,1,0.2,,.TRUE.,2,,0 0 2.30  0 0 2.30  0 0 2.30  0 0 2.30  0 0 2.30  0 0 2.30  0 0 2.30  0 0 2.30  0 0 1.70  0 0 1.70  0 0 1.70  0 0 1.70  0 0 1.70  0 0 1.70  0 0 1.70  0 0 1.70  0 0 1.70  0 0 1.70  0 0 1.70  0 0 1.70  0 0 1.70  0 0 1.70  0 0 1.70 \ 0 0 1.70  0 0 1.70  0 0 1.70  0 0 1.70  0 0 1.70  0 0 1.70  0 0 1.70  0 0 1.70  0 0 1.70,1,0 0 1  0 0 1  0 0 1  0 0 1  0 0 1  0 0 1  0 0 1  0 0 1  0 0 1  0 0 1  0 0 1  0 0 1  0 0 1  0 0 1  0 0 1  0 0 1  0 0 1  0 0 1  0 0 1  0 0 1  0 0 1  0 0 1  0 0 1  0 0 1  0 0 1  0 0 1  0 0 1  0 0 1  0 0 1  0 0 1  0 0 1  0 0 1,10,,.FALSE.,0,Automatic mesh | 0 | Monkhorst-Pack | 6 6 6 | 0 0 0,,,-234.42781,-234.4301,24.0,60.4152,,,,,32,Fe8 Co24,367.06169600000027,7.16,0.25,76883dd56f46bf44b07166e52ae8d68f9381f9707d49fd17ab8bbe50619227f1,,,,,0.75,,,,
DFT/dft_runs/Run_44_L12FeCo3_Jij_CoCo/state2_pm,dft_runs,Run_44_L12FeCo3_Jij_CoCo,state2_pm,False,False,False,0,440,1E-6,200,0,,1,0.2,,.TRUE.,2,,0 0 2.30  0 0 2.30  0 0 2.30  0 0 2.30  0 0 2.30  0 0 2.30  0 0 2.30  0 0 2.30  0 0 1.70  0 0 -1.70  0 0 1.70  0 0 1.70  0 0 1.70  0 0 1.70  0 0 1.70  0 0 1.70  0 0 1.70  0 0 1.70  0 0 1.70  0 0 1.70  0 0 1.70  0 0 1.70 \ 0 0 1.70  0 0 1.70  0 0 1.70  0 0 1.70  0 0 1.70  0 0 1.70  0 0 1.70  0 0 1.70  0 0 1.70  0 0 1.70,1,0 0 1  0 0 1  0 0 1  0 0 1  0 0 1  0 0 1  0 0 1  0 0 1  0 0 1  0 0 -1  0 0 1  0 0 1  0 0 1  0 0 1  0 0 1  0 0 1  0 0 1  0 0 1  0 0 1  0 0 1  0 0 1  0 0 1  0 0 1  0 0 1  0 0 1  0 0 1  0 0 1  0 0 1  0 0 1  0 0 1  0 0 1  0 0 1,10,,.FALSE.,0,Automatic mesh | 0 | Monkhorst-Pack | 6 6 6 | 0 0 0,,,-234.42781,-234.4301,18.0,60.415,,,,,32,Fe8 Co24,367.06169600000027,7.16,0.25,f533edaea76d33e39999988b28e7f6deedcefe82ccd592e7c458c0d11e4546d6,,,,,0.75,,,,
DFT/dft_runs/Run_44_L12FeCo3_Jij_CoCo/state3_mp,dft_runs,Run_44_L12FeCo3_Jij_CoCo,state3_mp,False,False,False,0,440,1E-6,200,0,,1,0.2,,.TRUE.,2,,0 0 2.30  0 0 2.30  0 0 2.30  0 0 2.30  0 0 2.30  0 0 2.30  0 0 2.30  0 0 2.30  1.70 0 0  0 0 1.70  0 0 1.70  0 0 1.70  0 0 1.70  0 0 1.70  0 0 1.70  0 0 1.70  0 0 1.70  0 0 1.70  0 0 1.70  0 0 1.70  0 0 1.70  0 0 1.70  0 0 1.70 \ 0 0 1.70  0 0 1.70  0 0 1.70  0 0 1.70  0 0 1.70  0 0 1.70  0 0 1.70  0 0 1.70  0 0 1.70,1,0 0 1  0 0 1  0 0 1  0 0 1  0 0 1  0 0 1  0 0 1  0 0 1  1 0 0  0 0 1  0 0 1  0 0 1  0 0 1  0 0 1  0 0 1  0 0 1  0 0 1  0 0 1  0 0 1  0 0 1  0 0 1  0 0 1  0 0 1  0 0 1  0 0 1  0 0 1  0 0 1  0 0 1  0 0 1  0 0 1  0 0 1  0 0 1,10,,.FALSE.,0,Automatic mesh | 0 | Monkhorst-Pack | 6 6 6 | 0 0 0,,,-234.42781,-234.4301,18.0,60.415,,,,,32,Fe8 Co24,367.06169600000027,7.16,0.25,1acac608afcc88b3ee9cd3dd5a951de7c242e33ed82600c3588415df389fa985,,,,,0.75,,,,
DFT/dft_runs/Run_44_L12FeCo3_Jij_CoCo/state4_mm,dft_runs,Run_44_L12FeCo3_Jij_CoCo,state4_mm,False,False,False,0,440,1E-6,200,0,,1,0.2,,.TRUE.,2,,0 0 2.30  0 0 2.30  0 0 2.30  0 0 2.30  0 0 2.30  0 0 2.30  0 0 2.30  0 0 2.30  1.70 0 0  0 0 -1.70  0 0 1.70  0 0 1.70  0 0 1.70  0 0 1.70  0 0 1.70  0 0 1.70  0 0 1.70  0 0 1.70  0 0 1.70  0 0 1.70  0 0 1.70  0 0 1.70 \ 0 0 1.70  0 0 1.70  0 0 1.70  0 0 1.70  0 0 1.70  0 0 1.70  0 0 1.70  0 0 1.70  0 0 1.70  0 0 1.70,1,0 0 1  0 0 1  0 0 1  0 0 1  0 0 1  0 0 1  0 0 1  0 0 1  1 0 0  0 0 -1  0 0 1  0 0 1  0 0 1  0 0 1  0 0 1  0 0 1  0 0 1  0 0 1  0 0 1  0 0 1  0 0 1  0 0 1  0 0 1  0 0 1  0 0 1  0 0 1  0 0 1  0 0 1  0 0 1  0 0 1  0 0 1  0 0 1,10,,.FALSE.,0,Automatic mesh | 0 | Monkhorst-Pack | 6 6 6 | 0 0 0,,,-234.42781,-234.4301,20.0,60.4152,,,,,32,Fe8 Co24,367.06169600000027,7.16,0.25,b16d6ee32884d881975598bd988b068251ec8770d17383b05de5b022d6ef431f,,,,,0.75,,,,
DFT/dft_runs/Run_45_SQS_cand1_Fe46Co34Ni10Mn4Al2Si5_BCC,dft_runs,Run_45_SQS_cand1_Fe46Co34Ni10Mn4Al2Si5_BCC,Run_45_SQS_cand1_Fe46Co34Ni10Mn4Al2Si5_BCC,True,True,True,2053140,520,1E-6,120,0,2,1,0.10,,,,,25*2.5 18*1.7 5*0.6 2*3 1*0 3*0,,,,,Auto,2,Automatic mesh | 0 | Monkhorst-Pack | 5 5 5 | 0 0 0,-401.32781278,-401.32786,-401.32781,-401.32786,44.0,100.8413,9.6026,,PAW_PBE Fe_pv 02Aug2007                                                                  | PAW_PBE Co 02Aug2007                                                                     | PAW_PBE Ni_pv 06Sep2000                                                                  | PAW_PBE Mn_pv 02Aug2007                                                                  | PAW_PBE Al 04Jan2001                                                                     | PAW_PBE Si 05Jan2001                                                                    ,54.0,54,Fe25 Co18 Ni5 Mn2 Al1 Si3,631.628712,8.58,0.46296296296296297,1eb623ef4d06a8694b4cab86fdde3b7579fec7827afe1d5e81522eab57c467e7,-7.431997407407407,,,,0.3333333333333333,0.09259259259259259,0.037037037037037035,0.018518518518518517,0.05555555555555555
DFT/dft_runs/Run_46_SQS_cand1_Fe46Co34Ni10Mn4Al2Si5_FCC,dft_runs,Run_46_SQS_cand1_Fe46Co34Ni10Mn4Al2Si5_FCC,Run_46_SQS_cand1_Fe46Co34Ni10Mn4Al2Si5_FCC,True,True,True,2149422,520,1E-6,120,0,2,1,0.10,,,,,49*2.5 36*1.7 11*0.6 4*3 2*0 6*0,,,,,Auto,2,Automatic mesh | 0 | Monkhorst-Pack | 4 4 4 | 0 0 0,-797.32267537,-797.32545041,-797.32268,-797.32545,63.0,167.3691,10.0302,,PAW_PBE Fe_pv 02Aug2007                                                                  | PAW_PBE Co 02Aug2007                                                                     | PAW_PBE Ni_pv 06Sep2000                                                                  | PAW_PBE Mn_pv 02Aug2007                                                                  | PAW_PBE Al 04Jan2001                                                                     | PAW_PBE Si 05Jan2001                                                                    ,108.0,108,Fe49 Co36 Ni11 Mn4 Al2 Si6,1207.9496250000002,10.649999999999999,0.4537037037037037,dbe63e0b7b5fc82a0bd32469fda73b1fe08474a3770af059b844c9db4b52de8e,-7.382643059351852,,,,0.3333333333333333,0.10185185185185185,0.037037037037037035,0.018518518518518517,0.05555555555555555
DFT/dft_runs/Run_47_SQS_cand2_Fe38Co40Ni5Mn1Al1Si14_BCC,dft_runs,Run_47_SQS_cand2_Fe38Co40Ni5Mn1Al1Si14_BCC,Run_47_SQS_cand2_Fe38Co40Ni5Mn1Al1Si14_BCC,True,True,True,1891283,520,1E-6,120,0,2,1,0.10,,,,,21*2.5 22*1.7 3*0.6 1*3 7*0,,,,,Auto,2,Automatic mesh | 0 | Monkhorst-Pack | 5 5 5 | 0 0 0,-395.93889677,-395.93887263,-395.9389,-395.93887,41.0,91.0338,9.9448,,PAW_PBE Fe_pv 02Aug2007                                                                  | PAW_PBE Co 02Aug2007                                                                     | PAW_PBE Ni_pv 06Sep2000                                                                  | PAW_PBE Mn_pv 02Aug2007                                                                  | PAW_PBE Si 05Jan2001                                                                    ,54.0,54,Fe21 Co22 Ni3 Mn1 Si7,631.628712,8.58,0.3888888888888889,c15db59b1ac152cf8f82c9aeacd49fadc99e4820f86fefdcc5ffff24d2c90bd9,-7.332201345,,,,0.4074074074074074,0.05555555555555555,0.018518518518518517,,0.12962962962962962
DFT/dft_runs/Run_48_SQS_cand2_Fe38Co40Ni5Mn1Al1Si14_FCC,dft_runs,Run_48_SQS_cand2_Fe38Co40Ni5Mn1Al1Si14_FCC,Run_48_SQS_cand2_Fe38Co40Ni5Mn1Al1Si14_FCC,True,True,True,1933266,520,1E-6,120,0,2,1,0.10,,,,,41*2.5 44*1.7 6*0.6 1*3 1*0 15*0,,,,,Auto,2,Automatic mesh | 0 | Monkhorst-Pack | 4 4 4 | 0 0 0,-785.22473184,-785.22619363,-785.22473,-785.22619,48.0,155.747,10.4251,,PAW_PBE Fe_pv 02Aug2007                                                                  | PAW_PBE Co 02Aug2007                                                                     | PAW_PBE Ni_pv 06Sep2000                                                                  | PAW_PBE Mn_pv 02Aug2007                                                                  | PAW_PBE Al 04Jan2001                                                                     | PAW_PBE Si 05Jan2001                                                                    ,108.0,108,Fe41 Co44 Ni6 Mn1 Al1 Si15,1207.9496250000002,10.649999999999999,0.37962962962962965,ae78cdb617960a31e6549cd8a34f61f6c37b3d17f80a675a0b0ff58540349f71,-7.2706129039814815,,,,0.4074074074074074,0.05555555555555555,0.009259259259259259,0.009259259259259259,0.1388888888888889
DFT/dft_runs/Run_49_SQS_cand3_Fe26Co45Ni11Mn2Al4Si12_BCC,dft_runs,Run_49_SQS_cand3_Fe26Co45Ni11Mn2Al4Si12_BCC,Run_49_SQS_cand3_Fe26Co45Ni11Mn2Al4Si12_BCC,True,True,True,1807052,520,1E-6,120,0,2,1,0.10,,,,,14*2.5 24*1.7 6*0.6 1*3 2*0 7*0,,,,,Auto,2,Automatic mesh | 0 | Monkhorst-Pack | 5 5 5 | 0 0 0,-376.61528486,-376.61739837,-376.61528,-376.6174,41.0,77.0625,9.8713,,PAW_PBE Fe_pv 02Aug2007                                                                  | PAW_PBE Co 02Aug2007                                                                     | PAW_PBE Ni_pv 06Sep2000                                                                  | PAW_PBE Mn_pv 02Aug2007                                                                  | PAW_PBE Al 04Jan2001                                                                     | PAW_PBE Si 05Jan2001                                                                    ,54.0,54,Fe14 Co24 Ni6 Mn1 Al2 Si7,631.628712,8.58,0.25925925925925924,348ac361f059e6aaa19005388b093f5fa48dd67ffdfea9ecc1eb9ec6e1bc9fb5,-6.9743962661111105,,,,0.4444444444444444,0.1111111111111111,0.018518518518518517,0.037037037037037035,0.12962962962962962
DFT/dft_runs/Run_50_SQS_cand3_Fe26Co45Ni11Mn2Al4Si12_FCC,dft_runs,Run_50_SQS_cand3_Fe26Co45Ni11Mn2Al4Si12_FCC,Run_50_SQS_cand3_Fe26Co45Ni11Mn2Al4Si12_FCC,True,True,True,1879021,520,1E-6,120,0,2,1,0.10,,,,,28*2.5 48*1.7 12*0.6 2*3 5*0 13*0,,,,,Auto,2,Automatic mesh | 0 | Monkhorst-Pack | 4 4 4 | 0 0 0,-753.87743863,-753.87684018,-753.87744,-753.87684,51.0,135.2282,10.2822,,PAW_PBE Fe_pv 02Aug2007                                                                  | PAW_PBE Co 02Aug2007                                                                     | PAW_PBE Ni_pv 06Sep2000                                                                  | PAW_PBE Mn_pv 02Aug2007                                                                  | PAW_PBE Al 04Jan2001                                                                     | PAW_PBE Si 05Jan2001                                                                    ,108.0,108,Fe28 Co48 Ni12 Mn2 Al5 Si13,1207.9496250000002,10.649999999999999,0.25925925925925924,912849a401d38de696869f6408df94e335ea6a32df8daaf8ee91ec83831635c6,-6.980341112777778,,,,0.4444444444444444,0.1111111111111111,0.018518518518518517,0.046296296296296294,0.12037037037037036
DFT/new_runs/Run_01_bccFe_vol_a2.750,new_runs,Run_01_bccFe_vol_a2.750,Run_01_bccFe_vol_a2.750,True,True,True,753656,520,1E-6,120,0,2,0,0.20,,,,,2.5 -2.5,,,,,.FALSE.,0,Automatic mesh | 0 | Monkhorst-Pack | 8 8 8 | 0 0 0,-15.68632351,-15.6359903,-15.686324,-15.63599,5.0,0.0045,11.1887,,PAW_PBE Fe_pv 02Aug2007                                                                 ,2.0,2,Fe2,20.796874999999996,2.75,1.0,b94d269b211590f8d4986d04b63250a553146841578a1ac111bc90cf37d58430,-7.81799515,,,,,,,,
DFT/new_runs/Run_08_bccFe_MAE_001,new_runs,Run_08_bccFe_MAE_001,Run_08_bccFe_MAE_001,True,True,True,21114700,520,1E-6,120,0,,1,0.05,.TRUE.,.TRUE.,11,0 0 1,0 0 2.5  0 0 2.5,,,,,.FALSE.,-1,Automatic mesh | 0 | Monkhorst-Pack | 22 22 22 | 0 0 0,-16.55926822,-16.55922777,-16.559268,-16.559228,8.0,0.0,9.2628,,PAW_PBE Fe_pv 02Aug2007                                                                 ,2.0,2,Fe2,23.541197896000003,2.866,1.0,1583827a085b97074ff790100b8a01c32a6b97230453969958404de0039ea9f7,-8.279613885,,,,,,,,
DFT/new_runs/Run_09_bccFe_MAE_111,new_runs,Run_09_bccFe_MAE_111,Run_09_bccFe_MAE_111,True,True,True,21117697,520,1E-6,120,0,,1,0.05,.TRUE.,.TRUE.,11,1 1 1,1.44338 1.44338 1.44338  1.44338 1.44338 1.44338,,,,,.FALSE.,-1,Automatic mesh | 0 | Monkhorst-Pack | 22 22 22 | 0 0 0,-16.5592677,-16.55922702,-16.559268,-16.559227,10.0,0.0,9.2628,,PAW_PBE Fe_pv 02Aug2007                                                                 ,2.0,2,Fe2,23.541197896000003,2.866,1.0,1c5071f79ca8101b4ef741802083b42799545893373e18773ecc619cdf64553c,-8.27961351,,,,,,,,
DFT/new_runs/Run_18_B2FeCo_MAE_001,new_runs,Run_18_B2FeCo_MAE_001,Run_18_B2FeCo_MAE_001,True,True,True,16774537,520,1E-6,120,0,,1,0.05,.TRUE.,.TRUE.,11,0 0 1,0 0 2.5  0 0 1.7,,,,,.FALSE.,-1,Automatic mesh | 0 | Monkhorst-Pack | 22 22 22 | 0 0 0,-15.45655448,-15.45654881,-15.456554,-15.456549,8.0,0.0,9.8993,,PAW_PBE Fe_pv 02Aug2007                                                                  | PAW_PBE Co 02Aug2007                                                                    ,2.0,2,Fe1 Co1,23.320116793000008,2.857,0.5,63413a08e6b19fd974d787240b022296568d13e518f7e47d36b612cb0509a519,-7.728274405,,,,0.5,,,,
DFT/new_runs/Run_19_B2FeCo_MAE_100,new_runs,Run_19_B2FeCo_MAE_100,Run_19_B2FeCo_MAE_100,True,True,True,15326435,520,1E-6,120,0,,1,0.05,.TRUE.,.TRUE.,11,1 1 1,1.4434 1.4434 1.4434  0.9815 0.9815 0.9815,,,,,.FALSE.,-1,Automatic mesh | 0 | Monkhorst-Pack | 22 22 22 | 0 0 0,-15.45655408,-15.45654845,-15.456554,-15.456548,8.0,0.0,9.8993,,PAW_PBE Fe_pv 02Aug2007                                                                  | PAW_PBE Co 02Aug2007                                                                    ,2.0,2,Fe1 Co1,23.320116793000008,2.857,0.5,70f62afa2a0388552e677d9ab673c414f8563c93fc4f4f7bc5ffafa7e54c4543,-7.728274225,,,,0.5,,,,
DFT/new_runs/Run_30_L12Fe3Co_MAE_001,new_runs,Run_30_L12Fe3Co_MAE_001,Run_30_L12Fe3Co_MAE_001,True,True,True,16360306,520,1E-6,120,0,,1,0.05,.TRUE.,.TRUE.,11,0 0 1,0 0 2.5  0 0 2.5  0 0 2.5    0 0 1.7,,,,,.FALSE.,-1,Automatic mesh | 0 | Monkhorst-Pack | 18 18 18 | 0 0 0,-31.48596268,-31.48605906,-31.485963,-31.486059,8.0,0.0,9.6825,,PAW_PBE Fe_pv 02Aug2007                                                                  | PAW_PBE Co 02Aug2007                                                                    ,4.0,4,Fe3 Co1,45.882712000000005,3.58,0.75,7e37840e765be06ff94a9877571b08df5c809289cf06a448dd33d403628d6e13,-7.871514765,,,,0.25,,,,
DFT/new_runs/Run_31_L12Fe3Co_MAE_100,new_runs,Run_31_L12Fe3Co_MAE_100,Run_31_L12Fe3Co_MAE_100,True,True,True,15568691,520,1E-6,120,0,,1,0.05,.TRUE.,.TRUE.,11,1 0 0,1.4434 1.4434 1.4434  1.4434 1.4434 1.4434  1.4434 1.4434 1.4434    0.9815 0.9815 0.9815,,,,,.FALSE.,-1,Automatic mesh | 0 | Monkhorst-Pack | 18 18 18 | 0 0 0,-31.4859627,-31.48605908,-31.485963,-31.486059,9.0,0.0,9.6825,,PAW_PBE Fe_pv 02Aug2007                                                                  | PAW_PBE Co 02Aug2007                                                                    ,4.0,4,Fe3 Co1,45.882712000000005,3.58,0.75,d77aeb0e0b97eef7c58f91cafd11e5f1036591632fce98f13f81b507ddc1ee35,-7.87151477,,,,0.25,,,,
DFT/new_runs/Run_41_L12FeCo3_MAE_001,new_runs,Run_41_L12FeCo3_MAE_001,Run_41_L12FeCo3_MAE_001,True,True,True,13193638,520,1E-6,120,0,,1,0.05,.TRUE.,.TRUE.,11,0 0 1,0 0 2.5    0 0 1.7  0 0 1.7  0 0 1.7,,,,,.FALSE.,-1,Automatic mesh | 0 | Monkhorst-Pack | 18 18 18 | 0 0 0,-29.34755857,-29.34770793,-29.347559,-29.347708,12.0,0.0,9.6127,,PAW_PBE Fe_pv 02Aug2007                                                                  | PAW_PBE Co 02Aug2007                                                                    ,4.0,4,Fe1 Co3,45.882712000000005,3.58,0.25,498f99758e140b0c68b97de225db746bfc6773bff26caa2f09654437070d0bd8,-7.3369269825,,,,0.75,,,,
DFT/new_runs/Run_42_L12FeCo3_MAE_100,new_runs,Run_42_L12FeCo3_MAE_100,Run_42_L12FeCo3_MAE_100,True,True,True,12409704,520,1E-6,120,0,2,1,0.05,.TRUE.,.TRUE.,11,1 0 0,1.4434 1.4434 1.4434    0.9815 0.9815 0.9815  0.9815 0.9815 0.9815  0.9815 0.9815 0.9815,,,,,.FALSE.,-1,Automatic mesh | 0 | Monkhorst-Pack | 18 18 18 | 0 0 0,-29.34755856,-29.34770793,-29.347559,-29.347708,18.0,0.0,9.6127,,PAW_PBE Fe_pv 02Aug2007                                                                  | PAW_PBE Co 02Aug2007                                                                    ,4.0,4,Fe1 Co3,45.882712000000005,3.58,0.25,f30e3938f883ea317b4fc8a4adc89fdf4bb432ddc82294a96de89f74dd13eb27,-7.3369269825,,,,0.75,,,,
DFT/prep_pending/Run_08_bccFe_MAE_001,prep_pending,Run_08_bccFe_MAE_001,Run_08_bccFe_MAE_001,True,False,False,2708466,520,1E-6,120,0,,1,0.05,.TRUE.,.TRUE.,11,0 0 1,,,,,,Auto,0,Automatic mesh | 0 | Monkhorst-Pack | 22 22 22 | 0 0 0,,,,,,,,,PAW_PBE Fe_pv 02Aug2007                                                                 ,2.0,2,Fe2,23.541197896000003,2.866,1.0,1583827a085b97074ff790100b8a01c32a6b97230453969958404de0039ea9f7,,,,,,,,,
DFT/prep_pending/Run_08_bccFe_MAE_001/ncl,prep_pending,Run_08_bccFe_MAE_001,ncl,False,False,False,0,520,1E-6,120,0,,1,0.05,.TRUE.,.TRUE.,11,0 0 1,,,,,,.FALSE.,0,Automatic mesh | 0 | Monkhorst-Pack | 22 22 22 | 0 0 0,,,,,,,,,,,2,Fe2,23.541197896000003,2.866,1.0,1583827a085b97074ff790100b8a01c32a6b97230453969958404de0039ea9f7,,,,,,,,,
DFT/prep_pending/Run_08_bccFe_MAE_001/scf,prep_pending,Run_08_bccFe_MAE_001,scf,True,True,True,5148194,520,1E-6,120,0,,1,0.05,,,,,,,,,,.FALSE.,0,Automatic mesh | 0 | Monkhorst-Pack | 22 22 22 | 0 0 0,-15.37352469,-15.37346309,-15.373525,-15.373463,13.0,,9.3393,,PAW_PBE Fe_pv 02Aug2007                                                                 ,2.0,2,Fe2,23.541197896000003,2.866,1.0,1583827a085b97074ff790100b8a01c32a6b97230453969958404de0039ea9f7,-7.686731545,,,,,,,,
DFT/prep_pending/Run_09_bccFe_MAE_111,prep_pending,Run_09_bccFe_MAE_111,Run_09_bccFe_MAE_111,True,False,False,2392,520,1E-6,120,0,,1,0.05,.TRUE.,.TRUE.,11,1 1 1,,,,,,Auto,0,Automatic mesh | 0 | Monkhorst-Pack | 22 22 22 | 0 0 0,,,,,,,,,,,2,Fe2,23.541197896000003,2.866,1.0,1c5071f79ca8101b4ef741802083b42799545893373e18773ecc619cdf64553c,,,,,,,,,
DFT/prep_pending/Run_09_bccFe_MAE_111/ncl,prep_pending,Run_09_bccFe_MAE_111,ncl,False,False,False,0,520,1E-6,120,0,,1,0.05,.TRUE.,.TRUE.,11,1 1 1,,,,,,.FALSE.,0,Automatic mesh | 0 | Monkhorst-Pack | 22 22 22 | 0 0 0,,,,,,,,,,,2,Fe2,23.541197896000003,2.866,1.0,1c5071f79ca8101b4ef741802083b42799545893373e18773ecc619cdf64553c,,,,,,,,,
DFT/prep_pending/Run_09_bccFe_MAE_111/scf,prep_pending,Run_09_bccFe_MAE_111,scf,True,True,True,5148189,520,1E-6,120,0,,1,0.05,,,,,,,,,,.FALSE.,0,Automatic mesh | 0 | Monkhorst-Pack | 22 22 22 | 0 0 0,-15.37352469,-15.37346309,-15.373525,-15.373463,13.0,,9.3393,,PAW_PBE Fe_pv 02Aug2007                                                                 ,2.0,2,Fe2,23.541197896000003,2.866,1.0,1c5071f79ca8101b4ef741802083b42799545893373e18773ecc619cdf64553c,-7.686731545,,,,,,,,
DFT/prep_pending/Run_18_B2FeCo_MAE_001,prep_pending,Run_18_B2FeCo_MAE_001,Run_18_B2FeCo_MAE_001,True,False,False,2443,520,1E-6,120,0,,1,0.05,.TRUE.,.TRUE.,11,0 0 1,,,,,,Auto,0,Automatic mesh | 0 | Monkhorst-Pack | 22 22 22 | 0 0 0,,,,,,,,,,,2,Fe1 Co1,23.320116793000008,2.857,0.5,63413a08e6b19fd974d787240b022296568d13e518f7e47d36b612cb0509a519,,,,,0.5,,,,
DFT/prep_pending/Run_18_B2FeCo_MAE_001/ncl,prep_pending,Run_18_B2FeCo_MAE_001,ncl,False,False,False,0,520,1E-6,120,0,,1,0.05,.TRUE.,.TRUE.,11,0 0 1,,,,,,.FALSE.,0,Automatic mesh | 0 | Monkhorst-Pack | 22 22 22 | 0 0 0,,,,,,,,,,,2,Fe1 Co1,23.320116793000008,2.857,0.5,63413a08e6b19fd974d787240b022296568d13e518f7e47d36b612cb0509a519,,,,,0.5,,,,
DFT/prep_pending/Run_18_B2FeCo_MAE_001/scf,prep_pending,Run_18_B2FeCo_MAE_001,scf,True,True,True,4614821,520,1E-6,120,0,,1,0.05,,,,,,,,,,.FALSE.,0,Automatic mesh | 0 | Monkhorst-Pack | 22 22 22 | 0 0 0,-14.18567393,-14.18556907,-14.185674,-14.185569,15.0,,9.2338,,PAW_PBE Fe_pv 02Aug2007                                                                  | PAW_PBE Co 02Aug2007                                                                    ,2.0,2,Fe1 Co1,23.320116793000008,2.857,0.5,63413a08e6b19fd974d787240b022296568d13e518f7e47d36b612cb0509a519,-7.092784535,,,,0.5,,,,
DFT/prep_pending/Run_19_B2FeCo_MAE_100,prep_pending,Run_19_B2FeCo_MAE_100,Run_19_B2FeCo_MAE_100,True,False,False,2443,520,1E-6,120,0,,1,0.05,.TRUE.,.TRUE.,11,1 0 0,,,,,,Auto,0,Automatic mesh | 0 | Monkhorst-Pack | 22 22 22 | 0 0 0,,,,,,,,,,,2,Fe1 Co1,23.320116793000008,2.857,0.5,70f62afa2a0388552e677d9ab673c414f8563c93fc4f4f7bc5ffafa7e54c4543,,,,,0.5,,,,
DFT/prep_pending/Run_19_B2FeCo_MAE_100/ncl,prep_pending,Run_19_B2FeCo_MAE_100,ncl,False,False,False,0,520,1E-6,120,0,,1,0.05,.TRUE.,.TRUE.,11,1 0 0,,,,,,.FALSE.,0,Automatic mesh | 0 | Monkhorst-Pack | 22 22 22 | 0 0 0,,,,,,,,,,,2,Fe1 Co1,23.320116793000008,2.857,0.5,70f62afa2a0388552e677d9ab673c414f8563c93fc4f4f7bc5ffafa7e54c4543,,,,,0.5,,,,
DFT/prep_pending/Run_19_B2FeCo_MAE_100/scf,prep_pending,Run_19_B2FeCo_MAE_100,scf,True,True,True,4614821,520,1E-6,120,0,,1,0.05,,,,,,,,,,.FALSE.,0,Automatic mesh | 0 | Monkhorst-Pack | 22 22 22 | 0 0 0,-14.18567393,-14.18556907,-14.185674,-14.185569,15.0,,9.2338,,PAW_PBE Fe_pv 02Aug2007                                                                  | PAW_PBE Co 02Aug2007                                                                    ,2.0,2,Fe1 Co1,23.320116793000008,2.857,0.5,70f62afa2a0388552e677d9ab673c414f8563c93fc4f4f7bc5ffafa7e54c4543,-7.092784535,,,,0.5,,,,
DFT/prep_pending/Run_30_L12Fe3Co_MAE_001,prep_pending,Run_30_L12Fe3Co_MAE_001,Run_30_L12Fe3Co_MAE_001,True,False,False,2426,520,1E-6,120,0,,1,0.05,.TRUE.,.TRUE.,11,0 0 1,,,,,,Auto,0,Automatic mesh | 0 | Monkhorst-Pack | 18 18 18 | 0 0 0,,,,,,,,,,,4,Fe3 Co1,45.882712000000005,3.58,0.75,7e37840e765be06ff94a9877571b08df5c809289cf06a448dd33d403628d6e13,,,,,0.25,,,,
DFT/prep_pending/Run_30_L12Fe3Co_MAE_001/ncl,prep_pending,Run_30_L12Fe3Co_MAE_001,ncl,False,False,False,0,520,1E-6,120,0,,1,0.05,.TRUE.,.TRUE.,11,0 0 1,,,,,,.FALSE.,0,Automatic mesh | 0 | Monkhorst-Pack | 18 18 18 | 0 0 0,,,,,,,,,,,4,Fe3 Co1,45.882712000000005,3.58,0.75,7e37840e765be06ff94a9877571b08df5c809289cf06a448dd33d403628d6e13,,,,,0.25,,,,
DFT/prep_pending/Run_30_L12Fe3Co_MAE_001/scf,prep_pending,Run_30_L12Fe3Co_MAE_001,scf,True,True,True,4050185,520,1E-6,120,0,,1,0.05,,,,,,,,,,.FALSE.,0,Automatic mesh | 0 | Monkhorst-Pack | 18 18 18 | 0 0 0,-30.77200066,-30.771812,-30.772001,-30.771812,18.0,,9.4765,,PAW_PBE Fe_pv 02Aug2007                                                                  | PAW_PBE Co 02Aug2007                                                                    ,4.0,4,Fe3 Co1,45.882712000000005,3.58,0.75,7e37840e765be06ff94a9877571b08df5c809289cf06a448dd33d403628d6e13,-7.692953,,,,0.25,,,,
DFT/prep_pending/Run_31_L12Fe3Co_MAE_100,prep_pending,Run_31_L12Fe3Co_MAE_100,Run_31_L12Fe3Co_MAE_100,True,False,False,2426,520,1E-6,120,0,,1,0.05,.TRUE.,.TRUE.,11,1 0 0,,,,,,Auto,0,Automatic mesh | 0 | Monkhorst-Pack | 18 18 18 | 0 0 0,,,,,,,,,,,4,Fe3 Co1,45.882712000000005,3.58,0.75,d77aeb0e0b97eef7c58f91cafd11e5f1036591632fce98f13f81b507ddc1ee35,,,,,0.25,,,,
DFT/prep_pending/Run_31_L12Fe3Co_MAE_100/ncl,prep_pending,Run_31_L12Fe3Co_MAE_100,ncl,False,False,False,0,520,1E-6,120,0,,1,0.05,.TRUE.,.TRUE.,11,1 0 0,,,,,,.FALSE.,0,Automatic mesh | 0 | Monkhorst-Pack | 18 18 18 | 0 0 0,,,,,,,,,,,4,Fe3 Co1,45.882712000000005,3.58,0.75,d77aeb0e0b97eef7c58f91cafd11e5f1036591632fce98f13f81b507ddc1ee35,,,,,0.25,,,,
DFT/prep_pending/Run_31_L12Fe3Co_MAE_100/scf,prep_pending,Run_31_L12Fe3Co_MAE_100,scf,True,True,True,4050185,520,1E-6,120,0,,1,0.05,,,,,,,,,,.FALSE.,0,Automatic mesh | 0 | Monkhorst-Pack | 18 18 18 | 0 0 0,-30.77200065,-30.771812,-30.772001,-30.771812,18.0,,9.4765,,PAW_PBE Fe_pv 02Aug2007                                                                  | PAW_PBE Co 02Aug2007                                                                    ,4.0,4,Fe3 Co1,45.882712000000005,3.58,0.75,d77aeb0e0b97eef7c58f91cafd11e5f1036591632fce98f13f81b507ddc1ee35,-7.692953,,,,0.25,,,,
DFT/prep_pending/Run_41_L12FeCo3_MAE_001,prep_pending,Run_41_L12FeCo3_MAE_001,Run_41_L12FeCo3_MAE_001,True,False,False,2426,520,1E-6,120,0,,1,0.05,.TRUE.,.TRUE.,11,0 0 1,,,,,,Auto,0,Automatic mesh | 0 | Monkhorst-Pack | 18 18 18 | 0 0 0,,,,,,,,,,,4,Fe1 Co3,45.882712000000005,3.58,0.25,498f99758e140b0c68b97de225db746bfc6773bff26caa2f09654437070d0bd8,,,,,0.75,,,,
DFT/prep_pending/Run_41_L12FeCo3_MAE_001/ncl,prep_pending,Run_41_L12FeCo3_MAE_001,ncl,False,False,False,0,520,1E-6,120,0,,1,0.05,.TRUE.,.TRUE.,11,0 0 1,,,,,,.FALSE.,0,Automatic mesh | 0 | Monkhorst-Pack | 18 18 18 | 0 0 0,,,,,,,,,,,4,Fe1 Co3,45.882712000000005,3.58,0.25,498f99758e140b0c68b97de225db746bfc6773bff26caa2f09654437070d0bd8,,,,,0.75,,,,
DFT/prep_pending/Run_41_L12FeCo3_MAE_001/scf,prep_pending,Run_41_L12FeCo3_MAE_001,scf,True,True,True,3453369,520,1E-6,120,0,,1,0.05,,,,,,,,,,.FALSE.,0,Automatic mesh | 0 | Monkhorst-Pack | 18 18 18 | 0 0 0,-28.23626336,-28.23647697,-28.236263,-28.236477,17.0,,9.3715,,PAW_PBE Fe_pv 02Aug2007                                                                  | PAW_PBE Co 02Aug2007                                                                    ,4.0,4,Fe1 Co3,45.882712000000005,3.58,0.25,498f99758e140b0c68b97de225db746bfc6773bff26caa2f09654437070d0bd8,-7.0591192425,,,,0.75,,,,
DFT/prep_pending/Run_42_L12FeCo3_MAE_100,prep_pending,Run_42_L12FeCo3_MAE_100,Run_42_L12FeCo3_MAE_100,True,False,False,2426,520,1E-6,120,0,,1,0.05,.TRUE.,.TRUE.,11,1 0 0,,,,,,Auto,0,Automatic mesh | 0 | Monkhorst-Pack | 18 18 18 | 0 0 0,,,,,,,,,,,4,Fe1 Co3,45.882712000000005,3.58,0.25,f30e3938f883ea317b4fc8a4adc89fdf4bb432ddc82294a96de89f74dd13eb27,,,,,0.75,,,,
DFT/prep_pending/Run_42_L12FeCo3_MAE_100/ncl,prep_pending,Run_42_L12FeCo3_MAE_100,ncl,False,False,False,0,520,1E-6,120,0,,1,0.05,.TRUE.,.TRUE.,11,1 0 0,,,,,,.FALSE.,0,Automatic mesh | 0 | Monkhorst-Pack | 18 18 18 | 0 0 0,,,,,,,,,,,4,Fe1 Co3,45.882712000000005,3.58,0.25,f30e3938f883ea317b4fc8a4adc89fdf4bb432ddc82294a96de89f74dd13eb27,,,,,0.75,,,,
DFT/prep_pending/Run_42_L12FeCo3_MAE_100/scf,prep_pending,Run_42_L12FeCo3_MAE_100,scf,True,True,True,3453369,520,1E-6,120,0,,1,0.05,,,,,,,,,,.FALSE.,0,Automatic mesh | 0 | Monkhorst-Pack | 18 18 18 | 0 0 0,-28.23626336,-28.23647697,-28.236263,-28.236477,17.0,,9.3715,,PAW_PBE Fe_pv 02Aug2007                                                                  | PAW_PBE Co 02Aug2007                                                                    ,4.0,4,Fe1 Co3,45.882712000000005,3.58,0.25,f30e3938f883ea317b4fc8a4adc89fdf4bb432ddc82294a96de89f74dd13eb27,-7.0591192425,,,,0.75,,,,
DFT/prep_pending/Run_45_SQS_cand1_Fe46Co34Ni10Mn4Al2Si5_BCC,prep_pending,Run_45_SQS_cand1_Fe46Co34Ni10Mn4Al2Si5_BCC,Run_45_SQS_cand1_Fe46Co34Ni10Mn4Al2Si5_BCC,True,True,True,2053140,520,1E-6,120,0,2,1,0.10,,,,,25*2.5 18*1.7 5*0.6 2*3 1*0 3*0,,,,,Auto,2,Automatic mesh | 0 | Monkhorst-Pack | 5 5 5 | 0 0 0,-401.32781278,-401.32786,-401.32781,-401.32786,44.0,100.8413,9.6026,,PAW_PBE Fe_pv 02Aug2007                                                                  | PAW_PBE Co 02Aug2007                                                                     | PAW_PBE Ni_pv 06Sep2000                                                                  | PAW_PBE Mn_pv 02Aug2007                                                                  | PAW_PBE Al 04Jan2001                                                                     | PAW_PBE Si 05Jan2001                                                                    ,54.0,54,Fe25 Co18 Ni5 Mn2 Al1 Si3,631.628712,8.58,0.46296296296296297,1eb623ef4d06a8694b4cab86fdde3b7579fec7827afe1d5e81522eab57c467e7,-7.431997407407407,,,,0.3333333333333333,0.09259259259259259,0.037037037037037035,0.018518518518518517,0.05555555555555555
DFT/prep_pending/Run_45_SQS_cand1_Fe46Co34Ni10Mn4Al2Si5_BCC/scf,prep_pending,Run_45_SQS_cand1_Fe46Co34Ni10Mn4Al2Si5_BCC,scf,True,True,True,2048172,520,1E-6,120,0,2,1,0.10,,,,,25*2.5 18*1.7 5*0.6 2*3 1*0 3*0,,,,,.FALSE.,0,Automatic mesh | 0 | Monkhorst-Pack | 5 5 5 | 0 0 0,-401.31905119,-401.31909774,-401.31905,-401.3191,44.0,100.8392,9.6026,,PAW_PBE Fe_pv 02Aug2007                                                                  | PAW_PBE Co 02Aug2007                                                                     | PAW_PBE Ni_pv 06Sep2000                                                                  | PAW_PBE Mn_pv 02Aug2007                                                                  | PAW_PBE Al 04Jan2001                                                                     | PAW_PBE Si 05Jan2001                                                                    ,54.0,54,Fe25 Co18 Ni5 Mn2 Al1 Si3,631.628712,8.58,0.46296296296296297,1eb623ef4d06a8694b4cab86fdde3b7579fec7827afe1d5e81522eab57c467e7,-7.431835143333334,,,,0.3333333333333333,0.09259259259259259,0.037037037037037035,0.018518518518518517,0.05555555555555555
DFT/prep_pending/Run_46_SQS_cand1_Fe46Co34Ni10Mn4Al2Si5_FCC,prep_pending,Run_46_SQS_cand1_Fe46Co34Ni10Mn4Al2Si5_FCC,Run_46_SQS_cand1_Fe46Co34Ni10Mn4Al2Si5_FCC,True,False,False,95695,520,1E-6,120,0,2,1,0.10,,,,,49*2.5 36*1.7 11*0.6 4*3 2*0 6*0,,,,,Auto,2,Automatic mesh | 0 | Monkhorst-Pack | 4 4 4 | 0 0 0,,,,,,,,,PAW_PBE Fe_pv 02Aug2007                                                                  | PAW_PBE Co 02Aug2007                                                                     | PAW_PBE Ni_pv 06Sep2000                                                                  | PAW_PBE Mn_pv 02Aug2007                                                                  | PAW_PBE Al 04Jan2001                                                                     | PAW_PBE Si 05Jan2001                                                                    ,108.0,108,Fe49 Co36 Ni11 Mn4 Al2 Si6,1207.9496250000002,10.649999999999999,0.4537037037037037,dbe63e0b7b5fc82a0bd32469fda73b1fe08474a3770af059b844c9db4b52de8e,,,,,0.3333333333333333,0.10185185185185185,0.037037037037037035,0.018518518518518517,0.05555555555555555
DFT/prep_pending/Run_46_SQS_cand1_Fe46Co34Ni10Mn4Al2Si5_FCC/scf,prep_pending,Run_46_SQS_cand1_Fe46Co34Ni10Mn4Al2Si5_FCC,scf,True,False,False,90704,520,1E-6,120,0,2,1,0.10,,,,,49*2.5 36*1.7 11*0.6 4*3 2*0 6*0,,,,,.FALSE.,0,Automatic mesh | 0 | Monkhorst-Pack | 4 4 4 | 0 0 0,,,,,,,,,PAW_PBE Fe_pv 02Aug2007                                                                  | PAW_PBE Co 02Aug2007                                                                     | PAW_PBE Ni_pv 06Sep2000                                                                  | PAW_PBE Mn_pv 02Aug2007                                                                  | PAW_PBE Al 04Jan2001                                                                     | PAW_PBE Si 05Jan2001                                                                    ,108.0,108,Fe49 Co36 Ni11 Mn4 Al2 Si6,1207.9496250000002,10.649999999999999,0.4537037037037037,dbe63e0b7b5fc82a0bd32469fda73b1fe08474a3770af059b844c9db4b52de8e,,,,,0.3333333333333333,0.10185185185185185,0.037037037037037035,0.018518518518518517,0.05555555555555555
DFT/prep_pending/Run_47_SQS_cand2_Fe38Co40Ni5Mn1Al1Si14_BCC,prep_pending,Run_47_SQS_cand2_Fe38Co40Ni5Mn1Al1Si14_BCC,Run_47_SQS_cand2_Fe38Co40Ni5Mn1Al1Si14_BCC,True,True,True,1891283,520,1E-6,120,0,2,1,0.10,,,,,21*2.5 22*1.7 3*0.6 1*3 7*0,,,,,Auto,2,Automatic mesh | 0 | Monkhorst-Pack | 5 5 5 | 0 0 0,-395.93889677,-395.93887263,-395.9389,-395.93887,41.0,91.0338,9.9448,,PAW_PBE Fe_pv 02Aug2007                                                                  | PAW_PBE Co 02Aug2007                                                                     | PAW_PBE Ni_pv 06Sep2000                                                                  | PAW_PBE Mn_pv 02Aug2007                                                                  | PAW_PBE Si 05Jan2001                                                                    ,54.0,54,Fe21 Co22 Ni3 Mn1 Si7,631.628712,8.58,0.3888888888888889,c15db59b1ac152cf8f82c9aeacd49fadc99e4820f86fefdcc5ffff24d2c90bd9,-7.332201345,,,,0.4074074074074074,0.05555555555555555,0.018518518518518517,,0.12962962962962962
DFT/prep_pending/Run_47_SQS_cand2_Fe38Co40Ni5Mn1Al1Si14_BCC/scf,prep_pending,Run_47_SQS_cand2_Fe38Co40Ni5Mn1Al1Si14_BCC,scf,True,True,True,1886885,520,1E-6,120,0,2,1,0.10,,,,,21*2.5 22*1.7 3*0.6 1*3 7*0,,,,,.FALSE.,0,Automatic mesh | 0 | Monkhorst-Pack | 5 5 5 | 0 0 0,-395.93017751,-395.93015285,-395.93018,-395.93015,41.0,91.0319,9.9448,,PAW_PBE Fe_pv 02Aug2007                                                                  | PAW_PBE Co 02Aug2007                                                                     | PAW_PBE Ni_pv 06Sep2000                                                                  | PAW_PBE Mn_pv 02Aug2007                                                                  | PAW_PBE Si 05Jan2001                                                                    ,54.0,54,Fe21 Co22 Ni3 Mn1 Si7,631.628712,8.58,0.3888888888888889,c15db59b1ac152cf8f82c9aeacd49fadc99e4820f86fefdcc5ffff24d2c90bd9,-7.332039867592592,,,,0.4074074074074074,0.05555555555555555,0.018518518518518517,,0.12962962962962962
DFT/prep_pending/Run_48_SQS_cand2_Fe38Co40Ni5Mn1Al1Si14_FCC,prep_pending,Run_48_SQS_cand2_Fe38Co40Ni5Mn1Al1Si14_FCC,Run_48_SQS_cand2_Fe38Co40Ni5Mn1Al1Si14_FCC,True,False,False,95695,520,1E-6,120,0,2,1,0.10,,,,,41*2.5 44*1.7 6*0.6 1*3 1*0 15*0,,,,,Auto,2,Automatic mesh | 0 | Monkhorst-Pack | 4 4 4 | 0 0 0,,,,,,,,,PAW_PBE Fe_pv 02Aug2007                                                                  | PAW_PBE Co 02Aug2007                                                                     | PAW_PBE Ni_pv 06Sep2000                                                                  | PAW_PBE Mn_pv 02Aug2007                                                                  | PAW_PBE Al 04Jan2001                                                                     | PAW_PBE Si 05Jan2001                                                                    ,108.0,108,Fe41 Co44 Ni6 Mn1 Al1 Si15,1207.9496250000002,10.649999999999999,0.37962962962962965,ae78cdb617960a31e6549cd8a34f61f6c37b3d17f80a675a0b0ff58540349f71,,,,,0.4074074074074074,0.05555555555555555,0.009259259259259259,0.009259259259259259,0.1388888888888889
DFT/prep_pending/Run_48_SQS_cand2_Fe38Co40Ni5Mn1Al1Si14_FCC/scf,prep_pending,Run_48_SQS_cand2_Fe38Co40Ni5Mn1Al1Si14_FCC,scf,True,False,False,90704,520,1E-6,120,0,2,1,0.10,,,,,41*2.5 44*1.7 6*0.6 1*3 1*0 15*0,,,,,.FALSE.,0,Automatic mesh | 0 | Monkhorst-Pack | 4 4 4 | 0 0 0,,,,,,,,,PAW_PBE Fe_pv 02Aug2007                                                                  | PAW_PBE Co 02Aug2007                                                                     | PAW_PBE Ni_pv 06Sep2000                                                                  | PAW_PBE Mn_pv 02Aug2007                                                                  | PAW_PBE Al 04Jan2001                                                                     | PAW_PBE Si 05Jan2001                                                                    ,108.0,108,Fe41 Co44 Ni6 Mn1 Al1 Si15,1207.9496250000002,10.649999999999999,0.37962962962962965,ae78cdb617960a31e6549cd8a34f61f6c37b3d17f80a675a0b0ff58540349f71,,,,,0.4074074074074074,0.05555555555555555,0.009259259259259259,0.009259259259259259,0.1388888888888889
DFT/prep_pending/Run_49_SQS_cand3_Fe26Co45Ni11Mn2Al4Si12_BCC,prep_pending,Run_49_SQS_cand3_Fe26Co45Ni11Mn2Al4Si12_BCC,Run_49_SQS_cand3_Fe26Co45Ni11Mn2Al4Si12_BCC,True,True,True,1807052,520,1E-6,120,0,2,1,0.10,,,,,14*2.5 24*1.7 6*0.6 1*3 2*0 7*0,,,,,Auto,2,Automatic mesh | 0 | Monkhorst-Pack | 5 5 5 | 0 0 0,-376.61528486,-376.61739837,-376.61528,-376.6174,41.0,77.0625,9.8713,,PAW_PBE Fe_pv 02Aug2007                                                                  | PAW_PBE Co 02Aug2007                                                                     | PAW_PBE Ni_pv 06Sep2000                                                                  | PAW_PBE Mn_pv 02Aug2007                                                                  | PAW_PBE Al 04Jan2001                                                                     | PAW_PBE Si 05Jan2001                                                                    ,54.0,54,Fe14 Co24 Ni6 Mn1 Al2 Si7,631.628712,8.58,0.25925925925925924,348ac361f059e6aaa19005388b093f5fa48dd67ffdfea9ecc1eb9ec6e1bc9fb5,-6.9743962661111105,,,,0.4444444444444444,0.1111111111111111,0.018518518518518517,0.037037037037037035,0.12962962962962962
DFT/prep_pending/Run_49_SQS_cand3_Fe26Co45Ni11Mn2Al4Si12_BCC/scf,prep_pending,Run_49_SQS_cand3_Fe26Co45Ni11Mn2Al4Si12_BCC,scf,True,True,True,1802084,520,1E-6,120,0,2,1,0.10,,,,,14*2.5 24*1.7 6*0.6 1*3 2*0 7*0,,,,,.FALSE.,0,Automatic mesh | 0 | Monkhorst-Pack | 5 5 5 | 0 0 0,-376.60731467,-376.60942902,-376.60731,-376.60943,41.0,77.0611,9.8713,,PAW_PBE Fe_pv 02Aug2007                                                                  | PAW_PBE Co 02Aug2007                                                                     | PAW_PBE Ni_pv 06Sep2000                                                                  | PAW_PBE Mn_pv 02Aug2007                                                                  | PAW_PBE Al 04Jan2001                                                                     | PAW_PBE Si 05Jan2001                                                                    ,54.0,54,Fe14 Co24 Ni6 Mn1 Al2 Si7,631.628712,8.58,0.25925925925925924,348ac361f059e6aaa19005388b093f5fa48dd67ffdfea9ecc1eb9ec6e1bc9fb5,-6.974248685555556,,,,0.4444444444444444,0.1111111111111111,0.018518518518518517,0.037037037037037035,0.12962962962962962
DFT/prep_pending/Run_50_SQS_cand3_Fe26Co45Ni11Mn2Al4Si12_FCC,prep_pending,Run_50_SQS_cand3_Fe26Co45Ni11Mn2Al4Si12_FCC,Run_50_SQS_cand3_Fe26Co45Ni11Mn2Al4Si12_FCC,True,False,False,95696,520,1E-6,120,0,2,1,0.10,,,,,28*2.5 48*1.7 12*0.6 2*3 5*0 13*0,,,,,Auto,2,Automatic mesh | 0 | Monkhorst-Pack | 4 4 4 | 0 0 0,,,,,,,,,PAW_PBE Fe_pv 02Aug2007                                                                  | PAW_PBE Co 02Aug2007                                                                     | PAW_PBE Ni_pv 06Sep2000                                                                  | PAW_PBE Mn_pv 02Aug2007                                                                  | PAW_PBE Al 04Jan2001                                                                     | PAW_PBE Si 05Jan2001                                                                    ,108.0,108,Fe28 Co48 Ni12 Mn2 Al5 Si13,1207.9496250000002,10.649999999999999,0.25925925925925924,912849a401d38de696869f6408df94e335ea6a32df8daaf8ee91ec83831635c6,,,,,0.4444444444444444,0.1111111111111111,0.018518518518518517,0.046296296296296294,0.12037037037037036
DFT/prep_pending/Run_50_SQS_cand3_Fe26Co45Ni11Mn2Al4Si12_FCC/scf,prep_pending,Run_50_SQS_cand3_Fe26Co45Ni11Mn2Al4Si12_FCC,scf,True,False,False,90705,520,1E-6,120,0,2,1,0.10,,,,,28*2.5 48*1.7 12*0.6 2*3 5*0 13*0,,,,,.FALSE.,0,Automatic mesh | 0 | Monkhorst-Pack | 4 4 4 | 0 0 0,,,,,,,,,PAW_PBE Fe_pv 02Aug2007                                                                  | PAW_PBE Co 02Aug2007                                                                     | PAW_PBE Ni_pv 06Sep2000                                                                  | PAW_PBE Mn_pv 02Aug2007                                                                  | PAW_PBE Al 04Jan2001                                                                     | PAW_PBE Si 05Jan2001                                                                    ,108.0,108,Fe28 Co48 Ni12 Mn2 Al5 Si13,1207.9496250000002,10.649999999999999,0.25925925925925924,912849a401d38de696869f6408df94e335ea6a32df8daaf8ee91ec83831635c6,,,,,0.4444444444444444,0.1111111111111111,0.018518518518518517,0.046296296296296294,0.12037037037037036
DFT/Temp MAE/Run_18_B2FeCo_MAE_001,Temp MAE,Run_18_B2FeCo_MAE_001,Run_18_B2FeCo_MAE_001,True,False,False,2708950,520,1E-6,120,0,2,1,0.05,.TRUE.,.TRUE.,11,0 0 1,0 0 2.5    0 0 1.7,,,,,.FALSE.,-1,Automatic mesh | 0 | Monkhorst-Pack | 22 22 22 | 0 0 0,,,,,,,,,PAW_PBE Fe_pv 02Aug2007                                                                  | PAW_PBE Co 02Aug2007                                                                    ,2.0,2,Fe1 Co1,23.320116793000008,2.857,0.5,63413a08e6b19fd974d787240b022296568d13e518f7e47d36b612cb0509a519,,,,,0.5,,,,
DFT/Temp MAE/Run_19_B2FeCo_MAE_100,Temp MAE,Run_19_B2FeCo_MAE_100,Run_19_B2FeCo_MAE_100,True,False,False,2457,520,1E-6,120,0,2,1,0.05,.TRUE.,.TRUE.,11,1 0 0,2.5 0 0    1.7 0 0,,,,,.FALSE.,-1,Automatic mesh | 0 | Monkhorst-Pack | 22 22 22 | 0 0 0,,,,,,,,,,,2,Fe1 Co1,23.320116793000008,2.857,0.5,70f62afa2a0388552e677d9ab673c414f8563c93fc4f4f7bc5ffafa7e54c4543,,,,,0.5,,,,
DFT/Temp MAE/Run_30_L12Fe3Co_MAE_001,Temp MAE,Run_30_L12Fe3Co_MAE_001,Run_30_L12Fe3Co_MAE_001,True,False,False,2475,520,1E-6,120,0,2,1,0.05,.TRUE.,.TRUE.,11,0 0 1,0 0 2.5  0 0 2.5  0 0 2.5    0 0 1.7,,,,,.FALSE.,-1,Automatic mesh | 0 | Monkhorst-Pack | 18 18 18 | 0 0 0,,,-31.486703,-31.486799,15.0,0.0,,,,,4,Fe3 Co1,45.882712000000005,3.58,0.75,7e37840e765be06ff94a9877571b08df5c809289cf06a448dd33d403628d6e13,,,,,0.25,,,,
DFT/Temp MAE/Run_31_L12Fe3Co_MAE_100,Temp MAE,Run_31_L12Fe3Co_MAE_100,Run_31_L12Fe3Co_MAE_100,True,False,False,2475,520,1E-6,120,0,2,1,0.05,.TRUE.,.TRUE.,11,1 0 0,2.5 0 0  2.5 0 0  2.5 0 0    1.7 0 0,,,,,.FALSE.,-1,Automatic mesh | 0 | Monkhorst-Pack | 18 18 18 | 0 0 0,,,-31.486703,-31.486799,15.0,0.0,,,,,4,Fe3 Co1,45.882712000000005,3.58,0.75,d77aeb0e0b97eef7c58f91cafd11e5f1036591632fce98f13f81b507ddc1ee35,,,,,0.25,,,,
DFT/Temp MAE/Run_41_L12FeCo3_MAE_001,Temp MAE,Run_41_L12FeCo3_MAE_001,Run_41_L12FeCo3_MAE_001,True,False,False,2475,520,1E-6,120,0,2,1,0.05,.TRUE.,.TRUE.,11,0 0 1,0 0 2.5    0 0 1.7  0 0 1.7  0 0 1.7,,,,,.FALSE.,-1,Automatic mesh | 0 | Monkhorst-Pack | 18 18 18 | 0 0 0,,,,,,,,,,,4,Fe1 Co3,45.882712000000005,3.58,0.25,498f99758e140b0c68b97de225db746bfc6773bff26caa2f09654437070d0bd8,,,,,0.75,,,,
DFT/Temp MAE/Run_42_L12FeCo3_MAE_100,Temp MAE,Run_42_L12FeCo3_MAE_100,Run_42_L12FeCo3_MAE_100,True,False,False,2475,520,1E-6,120,0,2,1,0.05,.TRUE.,.TRUE.,11,1 0 0,2.5 0 0    1.7 0 0  1.7 0 0  1.7 0 0,,,,,.FALSE.,-1,Automatic mesh | 0 | Monkhorst-Pack | 18 18 18 | 0 0 0,,,,,,,,,,,4,Fe1 Co3,45.882712000000005,3.58,0.25,f30e3938f883ea317b4fc8a4adc89fdf4bb432ddc82294a96de89f74dd13eb27,,,,,0.75,,,,
