symbol,Z,mass,radius,covalent_radius,electronegativity,melting_point,boiling_point,density,molar_volume,ionization_energy,electron_affinity,thermal_conductivity,heat_of_formation,nvalence,n_s,n_p,n_d,n_f,group,period,mendeleev_number,gs_magmom
Ag,47,107.8682,134.0,128.0,1.93,1234.9299999999998,2435.15,10.5,10.273161904761904,7.576234,1.3019999999999998,429.0,284.9,11,1,0,10,0,11.0,5,72,0.0
Al,13,26.9815385,125.0,126.0,1.61,933.473,2792.15,2.7,9.993162407407407,5.985769,0.43283,237.0,330.9,3,2,1,0,0,13.0,3,82,0.0
Am,95,243.0,175.0,166.0,1.7,1449.15,2901.65,12.0,20.25,5.97381,0.748,50.85,284.0,9,2,0,0,7,10.0,7,26,0.0
As,33,74.921595,121.0,121.0,2.18,1090.15,889.15,5.75,13.02984260869565,9.78855,0.804,50.85,302.5,5,2,3,0,0,15.0,4,95,0.0
Au,79,196.966569,134.0,124.0,2.4,1337.33,3109.15,19.3,10.20552170984456,9.225554,2.30863,318.0,368.2,11,1,0,10,0,11.0,6,73,0.0
B,5,10.81,80.0,85.0,2.04,2350.15,4273.15,2.34,4.61965811965812,8.298019,0.279723,27.4,565.0,3,2,1,0,0,13.0,2,81,0.0
Ba,56,137.327,198.0,196.0,0.89,1000.15,2118.15,3.62,37.93563535911602,5.2116646,0.14462,50.85,179.1,2,2,0,0,0,2.0,6,9,0.0
Be,4,9.0121831,89.0,102.0,1.57,1560.15,2741.15,1.85,4.871450324324324,9.322699,-2.4,201.0,324.0,2,2,0,0,0,2.0,2,75,0.0
Bi,83,208.9804,151.0,151.0,1.9,544.5519999999999,1837.15,9.79,21.346312563840655,7.285516,0.942362,7.9,209.6,5,2,3,0,0,15.0,6,97,0.0
C,6,12.011,70.0,75.0,2.55,1357.77,4098.15,2.2,5.459545454545454,11.260288,1.262119,1.59,716.87,4,2,2,0,0,14.0,2,87,0.0
Ca,20,40.078,174.0,171.0,1.0,1115.15,1757.15,1.54,26.024675324675325,6.11315547,0.02455,50.85,177.8,2,2,0,0,0,2.0,4,7,0.0
Cd,48,112.414,138.0,136.0,1.69,594.219,1040.15,8.69,12.93601841196778,8.99382,0.748,96.9,111.8,12,2,0,10,0,12.0,5,78,0.0
Ce,58,140.116,185.0,163.0,1.12,1072.15,3716.15,6.77,20.696602658788777,5.5386,0.65,11.3,420.1,4,2,0,1,1,10.0,6,15,0.6
Cl,17,35.45,100.0,99.0,3.16,171.64999999999998,239.10999999999999,0.002898,12232.574189095929,12.967633,3.612725,0.009,121.302,7,2,5,0,0,17.0,3,107,0.0
Co,27,58.933194,116.0,111.00000000000001,1.88,1768.15,3200.15,8.86,6.651602031602709,7.88101,0.66225646,100.0,426.7,9,2,0,7,0,9.0,4,63,1.72
Cr,24,51.9961,119.0,122.0,1.66,2180.15,2944.15,7.15,7.272181818181817,6.76651,0.6659999999999999,93.9,397.48,6,1,0,5,0,6.0,4,51,0.62
Cu,29,63.546,118.0,112.00000000000001,1.9,1357.77,2833.15,8.96,7.0921875,7.72638,1.235,401.0,337.4,11,1,0,10,0,11.0,4,71,0.0
Dy,66,162.5,175.0,167.0,1.22,1685.15,2840.15,8.55,19.005847953216374,5.939061,0.35200000000000004,10.7,290.4,12,2,0,0,10,10.0,6,31,10.33
Er,68,167.259,175.0,165.0,1.24,1802.15,3141.15,9.07,18.440904079382577,6.1077,0.748,50.85,316.4,14,2,0,0,12,10.0,6,35,9.1
Eu,63,151.964,185.0,168.0,1.7,1095.15,1802.15,5.24,29.000763358778624,5.670385,0.8640000000000001,13.9,177.4,9,2,0,0,7,10.0,6,25,7.0
F,9,18.998403163,50.0,64.0,3.98,53.47999999999999,85.03999999999996,0.001553,12233.35683386993,17.42282,3.4011897000000006,0.028,79.335,7,2,5,0,0,17.0,2,106,0.0
Fe,26,55.845,117.0,115.99999999999999,1.83,1811.15,3134.15,7.87,7.095933926302414,7.9024681,0.151,80.4,415.5,8,2,0,6,0,8.0,4,59,2.22
Ga,31,69.723,125.0,124.0,1.81,302.91459999999995,2502.15,5.91,11.797461928934009,5.999302,0.43,28.1,271.96,3,2,1,0,0,13.0,4,83,0.0
Gd,64,157.25,180.0,169.0,1.2,1586.15,3546.15,7.9,19.90506329113924,6.1498,0.748,50.85,397.5,10,2,0,1,7,10.0,6,27,7.63
Ge,32,72.63,124.0,121.0,2.01,1211.4,3106.15,5.3234,13.643536085960099,7.899435,1.232712,60.2,372.0,4,2,2,0,0,14.0,4,89,0.0
H,1,1.008,25.0,32.0,2.2,13.989999999999952,20.270999999999987,8.2e-05,12292.682926829268,13.598434599702,0.754195,0.1815,217.998,1,1,0,0,0,1.0,1,105,0.0
He,2,4.002602,120.0,46.0,1.7,1357.77,4.22199999999998,0.000164,24406.109756097565,24.587389011,-19.7,0.152,330.9,2,2,0,0,0,18.0,1,112,0.0
Hf,72,178.49,144.0,152.0,1.3,2506.15,4873.15,13.3,13.420300751879699,6.82507,0.013999999999999999,23.0,618.4,4,2,0,2,0,4.0,6,45,0.0
Ho,67,164.93033,175.0,166.0,1.23,1745.15,2973.15,8.8,18.742082954545452,6.0215,0.748,50.85,300.6,13,2,0,0,11,10.0,6,33,10.34
I,53,126.90447,140.0,133.0,2.66,386.84999999999997,457.54999999999995,4.933,25.72561727143726,10.451236,3.0590368,50.85,106.757,7,2,5,0,0,17.0,5,109,0.0
In,49,114.818,142.0,142.0,1.78,429.7485,2300.15,7.31,15.706976744186047,5.7863558,0.3,81.8,243.0,3,2,1,0,0,13.0,5,84,0.0
Ir,77,192.217,127.0,122.0,2.2,2719.15,4701.15,22.5622,8.519426297080958,8.96702,1.5638,147.0,669.0,9,2,0,7,0,9.0,6,65,0.0
K,19,39.0983,203.0,196.0,0.82,336.65,1032.15,0.89,43.93067415730337,4.34066373,0.50147,79.0,89.0,1,1,0,0,0,1.0,4,3,0.0
La,57,138.90547,169.0,180.0,1.1,1193.15,3737.15,6.15,22.586255284552845,5.5769,0.47,13.4,431.0,3,2,0,1,0,3.0,6,13,0.0
Li,3,6.94,123.0,133.0,0.98,453.65,1615.15,0.534,12.99625468164794,5.391714996,0.618049,84.8,159.3,1,1,0,0,0,1.0,2,1,0.0
Lu,71,174.9668,175.0,162.0,1.0,1936.15,3675.15,9.84,17.781178861788618,5.425871,0.34,50.85,427.6,17,2,0,1,0,10.0,6,41,0.0
Mg,12,24.305,136.0,139.0,1.31,923.15,1363.15,1.74,13.968390804597702,7.646236,0.748,156.0,147.1,2,2,0,0,0,2.0,3,76,0.0
Mn,25,54.938044,118.0,119.0,1.55,1519.15,2334.15,7.3,7.525759452054794,7.434038,0.748,50.85,283.3,7,2,0,5,0,7.0,4,55,2.1
Mo,42,95.95,130.0,138.0,2.16,2895.15,4912.15,10.2,9.40686274509804,7.09243,0.748,50.85,658.98,6,1,0,5,0,6.0,5,52,0.0
N,7,14.007,65.0,71.0,3.04,63.14999999999998,77.35499999999999,0.001145,12233.187772925765,14.53413,-1.4,0.026,472.44,5,2,3,0,0,15.0,2,93,0.0
Na,11,22.98976928,157.0,155.0,0.93,370.94399999999996,1156.0900000000001,0.97,23.70079307216495,5.13907696,0.547926,142.0,107.5,1,1,0,0,0,1.0,3,2,0.0
Nb,41,92.90637,134.0,147.0,1.6,2750.15,5014.15,8.57,10.840883313885646,6.75885,0.917406,53.7,733.0,5,1,0,4,0,5.0,5,48,0.0
Nd,60,144.242,185.0,174.0,1.14,1289.15,3347.15,7.01,20.57660485021398,5.525,1.916,50.85,326.9,6,2,0,0,4,10.0,6,19,2.9
Ni,28,58.6934,115.0,110.00000000000001,1.91,1728.15,3186.15,8.9,6.59476404494382,7.639878,1.156,90.9,430.1,10,2,0,8,0,10.0,4,67,0.61
O,8,15.999,60.0,63.0,3.44,54.359999999999985,90.18799999999999,0.0013080000000000001,12231.651376146789,13.618055,1.4611135,0.027,249.229,6,2,4,0,0,16.0,2,99,0.0
Os,76,190.23,126.0,129.0,2.2,3306.15,5281.15,22.5872,8.422026634554083,8.43823,1.1,50.85,787.0,8,2,0,6,0,8.0,6,61,0.0
P,15,30.973761998,110.0,111.00000000000001,2.19,1357.77,2901.65,1.823,16.99054415688426,10.486686,0.746607,50.85,316.5,5,2,3,0,0,15.0,3,94,0.0
Pa,91,231.03588,180.0,169.0,1.5,1845.15,2901.65,15.4,15.00232987012987,5.89,0.748,50.85,563.0,5,2,0,1,2,10.0,7,18,0.0
Pb,82,207.2,150.0,144.0,1.8,600.612,2022.15,11.3,18.336283185840706,7.4166799,0.35674316,35.3,195.2,4,2,2,0,0,14.0,6,91,0.0
Pd,46,106.42,128.0,120.0,2.2,1827.9499999999998,3236.15,12.0,8.868333333333334,8.336839,0.562,71.8,376.6,10,2,6,10,0,10.0,5,68,0.0
Po,84,209.0,190.0,145.0,2.0,527.15,1235.15,9.2,22.717391304347828,8.41807,1.9,50.85,330.9,6,2,4,0,0,16.0,6,103,0.0
Pr,59,140.90766,185.0,176.0,1.13,1204.15,3793.15,6.773,20.80432009449284,5.4702,0.9620000000000001,12.5,356.9,5,2,0,0,3,10.0,6,17,2.7
Pt,78,195.084,130.0,123.0,2.2,2041.35,4098.15,21.5,9.073674418604652,8.95883,2.128,71.6,565.7,10,1,0,9,0,10.0,6,69,0.0
Pu,94,244.0,175.0,172.0,1.3,913.15,3501.15,19.7,12.385786802030458,6.02576,0.748,50.85,345.0,8,2,0,0,6,10.0,7,24,0.0
Rb,37,85.4678,216.0,210.0,0.82,312.45,961.15,1.53,55.86130718954248,4.1771281,0.48591999999999996,58.2,80.9,1,1,0,0,0,1.0,5,4,0.0
Re,75,186.207,128.0,131.0,1.9,3458.15,5863.15,20.8,8.952259615384614,7.83352,0.15,48.0,774.0,7,2,0,5,0,7.0,6,57,0.0
Rh,45,102.9055,125.0,125.0,2.28,2236.15,3968.15,12.4,8.29883064516129,7.4589,1.137,150.0,556.0,9,1,0,8,0,9.0,5,64,0.0
Ru,44,101.07,125.0,125.0,2.2,2606.15,4420.15,12.1,8.35289256198347,7.3605,1.05,117.0,650.6,8,1,0,7,0,8.0,5,60,0.0
S,16,32.06,104.0,103.0,2.58,1357.77,717.76,2.07,15.487922705314013,10.36001,2.07710403,0.27,277.17,6,2,4,0,0,16.0,3,100,0.0
Sb,51,121.76,139.0,140.0,2.05,903.778,1860.15,6.68,18.227544910179642,8.608389,1.046,24.43,264.4,5,2,3,0,0,15.0,5,96,0.0
Sc,21,44.955908,144.0,148.0,1.36,1814.15,3109.15,2.99,15.035420735785953,6.56149,0.188,15.8,377.8,3,2,0,1,0,3.0,4,11,0.0
Se,34,78.971,117.0,115.99999999999999,2.55,1357.77,958.15,4.809,16.421501351632354,9.752368,2.02067,0.52,227.2,6,2,4,0,0,16.0,4,101,0.0
Si,14,28.085,117.0,115.99999999999999,1.9,1687.15,3538.15,2.3296,12.055717719780219,8.15168,1.3895211,149.0,450.0,4,2,2,0,0,14.0,3,88,0.0
Sm,62,150.36,185.0,172.0,1.17,1345.15,2067.15,7.52,19.994680851063833,5.643722,0.748,50.85,206.7,8,2,0,0,6,10.0,6,23,0.13
Sn,50,118.71,142.0,140.0,1.96,1357.77,2859.15,7.287,16.290654590366405,7.343918,1.112067,66.8,301.2,4,2,2,0,0,14.0,5,90,0.0
Sr,38,87.62,191.0,185.0,0.95,1050.15,1650.15,2.64,33.18939393939394,5.69486745,0.048,50.85,164.0,2,2,0,0,0,2.0,5,8,0.0
Ta,73,180.94788,134.0,146.0,1.5,3290.15,5728.15,16.4,11.033407317073172,7.549571,0.322,57.5,782.0,5,2,0,3,0,5.0,6,49,0.0
Tb,65,158.92535,175.0,168.0,1.7,1632.15,3503.15,8.23,19.310492102065613,5.8638,1.165,11.1,388.7,11,2,0,0,9,10.0,6,29,9.34
Te,52,127.6,137.0,136.0,2.1,722.66,1261.15,6.232,20.47496790757381,9.009808,1.9708759999999999,14.3,196.6,6,2,4,0,0,16.0,5,102,0.0
Ti,22,47.867,132.0,136.0,1.54,1943.15,3560.15,4.506,10.622947181535729,6.82812,0.079,21.9,473.0,4,2,0,2,0,4.0,4,43,0.0
Tm,69,168.93422,175.0,164.0,1.25,1818.15,2223.15,9.321,18.124044630404466,6.184402,1.0290000000000001,50.85,232.2,15,2,0,0,13,10.0,6,37,7.14
U,92,238.02891,175.0,170.0,1.7,1408.15,4404.15,19.1,12.462246596858638,6.19405,0.748,27.5,533.0,6,2,0,1,3,10.0,7,20,0.0
V,23,50.9415,122.0,134.0,1.63,2183.15,3680.15,6.0,8.49025,6.746187,0.525,30.7,515.5,5,2,0,3,0,5.0,4,47,0.0
W,74,183.84,130.0,137.0,1.7,3687.15,5828.15,19.3,9.52538860103627,7.86403,0.81626,173.0,851.0,6,2,0,4,0,6.0,6,53,0.0
Y,39,88.90584,162.0,163.0,1.22,1795.15,3618.15,4.47,19.88944966442953,6.21726,0.307,50.85,424.7,3,2,0,1,0,3.0,5,12,0.0
Zn,30,65.38,121.0,118.0,1.65,692.6769999999999,1180.15,7.134,9.164564059433697,9.394197,0.748,116.0,130.4,12,2,0,10,0,12.0,4,77,0.0
Zr,40,91.224,145.0,154.0,1.33,2127.15,4679.15,6.52,13.991411042944787,6.634126,0.426,22.7,610.0,4,2,0,2,0,4.0,5,44,0.0
