tc_threshold,hc_threshold,n_interval_robust,n_point
300.0,1.0,0,0
300.0,1.2589254117941673,0,3
300.0,1.5848931924611136,0,9
300.0,1.9952623149688797,0,27
300.0,2.51188643150958,0,89
300.0,3.1622776601683795,0,201
300.0,3.981071705534973,0,456
300.0,5.011872336272724,0,818
300.0,6.309573444801933,0,1443
300.0,7.943282347242816,0,2420
300.0,10.0,0,3975
300.0,12.589254117941675,0,6080
300.0,15.848931924611142,0,8370
300.0,19.952623149688797,3,10673
300.0,25.11886431509581,10,12667
300.0,31.622776601683793,28,14566
300.0,39.810717055349734,91,16293
300.0,50.118723362727245,205,17607
300.0,63.09573444801933,465,18609
300.0,79.43282347242817,822,19317
300.0,100.0,1441,19709
300.0,125.89254117941675,2396,19853
300.0,158.48931924611142,3928,19915
300.0,199.52623149688807,5978,19941
300.0,251.18864315095823,8194,19962
300.0,316.2277660168379,10370,19980
300.0,398.1071705534973,12239,19990
300.0,501.18723362727246,14046,19994
300.0,630.9573444801937,15677,19996
300.0,794.3282347242822,16889,20000
300.0,1000.0,17806,20000
300.0,1258.9254117941675,18441,20000
300.0,1584.893192461114,18784,20000
300.0,1995.262314968881,18904,20000
300.0,2511.886431509582,18951,20000
300.0,3162.2776601683795,18960,20000
300.0,3981.0717055349733,18963,20000
300.0,5011.872336272725,18970,20000
300.0,6309.573444801937,18971,20000
300.0,7943.282347242822,18972,20000
300.0,10000.0,18974,20000
325.0,1.0,0,0
325.0,1.2589254117941673,0,3
325.0,1.5848931924611136,0,9
325.0,1.9952623149688797,0,27
325.0,2.51188643150958,0,89
325.0,3.1622776601683795,0,201
325.0,3.981071705534973,0,456
325.0,5.011872336272724,0,818
325.0,6.309573444801933,0,1443
325.0,7.943282347242816,0,2420
325.0,10.0,0,3975
325.0,12.589254117941675,0,6080
325.0,15.848931924611142,0,8370
325.0,19.952623149688797,3,10673
325.0,25.11886431509581,10,12667
325.0,31.622776601683793,28,14566
325.0,39.810717055349734,90,16293
325.0,50.118723362727245,203,17607
325.0,63.09573444801933,459,18609
325.0,79.43282347242817,810,19317
325.0,100.0,1426,19709
325.0,125.89254117941675,2377,19853
325.0,158.48931924611142,3888,19915
325.0,199.52623149688807,5914,19941
325.0,251.18864315095823,8110,19962
325.0,316.2277660168379,10249,19980
325.0,398.1071705534973,12096,19990
325.0,501.18723362727246,13875,19994
325.0,630.9573444801937,15486,19996
325.0,794.3282347242822,16682,20000
325.0,1000.0,17582,20000
325.0,1258.9254117941675,18203,20000
325.0,1584.893192461114,18540,20000
325.0,1995.262314968881,18654,20000
325.0,2511.886431509582,18699,20000
325.0,3162.2776601683795,18707,20000
325.0,3981.0717055349733,18710,20000
325.0,5011.872336272725,18714,20000
325.0,6309.573444801937,18714,20000
325.0,7943.282347242822,18714,20000
325.0,10000.0,18715,20000
350.0,1.0,0,0
350.0,1.2589254117941673,0,3
350.0,1.5848931924611136,0,9
350.0,1.9952623149688797,0,27
350.0,2.51188643150958,0,89
350.0,3.1622776601683795,0,201
350.0,3.981071705534973,0,456
350.0,5.011872336272724,0,818
350.0,6.309573444801933,0,1443
350.0,7.943282347242816,0,2420
350.0,10.0,0,3975
350.0,12.589254117941675,0,6080
350.0,15.848931924611142,0,8370
350.0,19.952623149688797,3,10673
350.0,25.11886431509581,9,12667
350.0,31.622776601683793,27,14566
350.0,39.810717055349734,89,16293
350.0,50.118723362727245,199,17607
350.0,63.09573444801933,444,18609
350.0,79.43282347242817,790,19317
350.0,100.0,1393,19709
350.0,125.89254117941675,2323,19853
350.0,158.48931924611142,3807,19915
350.0,199.52623149688807,5803,19941
350.0,251.18864315095823,7960,19962
350.0,316.2277660168379,10056,19980
350.0,398.1071705534973,11873,19990
350.0,501.18723362727246,13627,19994
350.0,630.9573444801937,15210,19996
350.0,794.3282347242822,16383,20000
350.0,1000.0,17268,20000
350.0,1258.9254117941675,17870,20000
350.0,1584.893192461114,18201,20000
350.0,1995.262314968881,18310,20000
350.0,2511.886431509582,18353,20000
350.0,3162.2776601683795,18360,20000
350.0,3981.0717055349733,18361,20000
350.0,5011.872336272725,18362,20000
350.0,6309.573444801937,18362,20000
350.0,7943.282347242822,18362,20000
350.0,10000.0,18362,20000
375.0,1.0,0,0
375.0,1.2589254117941673,0,3
375.0,1.5848931924611136,0,9
375.0,1.9952623149688797,0,27
375.0,2.51188643150958,0,89
375.0,3.1622776601683795,0,201
375.0,3.981071705534973,0,456
375.0,5.011872336272724,0,818
375.0,6.309573444801933,0,1443
375.0,7.943282347242816,0,2420
375.0,10.0,0,3975
375.0,12.589254117941675,0,6080
375.0,15.848931924611142,0,8370
375.0,19.952623149688797,3,10673
375.0,25.11886431509581,9,12667
375.0,31.622776601683793,27,14566
375.0,39.810717055349734,89,16293
375.0,50.118723362727245,198,17607
375.0,63.09573444801933,432,18609
375.0,79.43282347242817,767,19317
375.0,100.0,1352,19709
375.0,125.89254117941675,2254,19853
375.0,158.48931924611142,3709,19915
375.0,199.52623149688807,5663,19941
375.0,251.18864315095823,7773,19962
375.0,316.2277660168379,9819,19980
375.0,398.1071705534973,11598,19990
375.0,501.18723362727246,13321,19994
375.0,630.9573444801937,14877,19996
375.0,794.3282347242822,16028,20000
375.0,1000.0,16880,20000
375.0,1258.9254117941675,17472,20000
375.0,1584.893192461114,17783,20000
375.0,1995.262314968881,17887,20000
375.0,2511.886431509582,17927,20000
375.0,3162.2776601683795,17932,20000
375.0,3981.0717055349733,17932,20000
375.0,5011.872336272725,17932,20000
375.0,6309.573444801937,17932,20000
375.0,7943.282347242822,17932,20000
375.0,10000.0,17932,20000
400.0,1.0,0,0
400.0,1.2589254117941673,0,3
400.0,1.5848931924611136,0,9
400.0,1.9952623149688797,0,27
400.0,2.51188643150958,0,89
400.0,3.1622776601683795,0,201
400.0,3.981071705534973,0,456
400.0,5.011872336272724,0,818
400.0,6.309573444801933,0,1443
400.0,7.943282347242816,0,2420
400.0,10.0,0,3975
400.0,12.589254117941675,0,6080
400.0,15.848931924611142,0,8370
400.0,19.952623149688797,3,10673
400.0,25.11886431509581,9,12667
400.0,31.622776601683793,27,14566
400.0,39.810717055349734,89,16292
400.0,50.118723362727245,195,17604
400.0,63.09573444801933,410,18606
400.0,79.43282347242817,724,19314
400.0,100.0,1287,19706
400.0,125.89254117941675,2164,19850
400.0,158.48931924611142,3585,19912
400.0,199.52623149688807,5492,19938
400.0,251.18864315095823,7553,19958
400.0,316.2277660168379,9527,19976
400.0,398.1071705534973,11269,19986
400.0,501.18723362727246,12960,19990
400.0,630.9573444801937,14480,19992
400.0,794.3282347242822,15591,19996
400.0,1000.0,16417,19996
400.0,1258.9254117941675,16986,19996
400.0,1584.893192461114,17276,19996
400.0,1995.262314968881,17368,19996
400.0,2511.886431509582,17405,19996
400.0,3162.2776601683795,17410,19996
400.0,3981.0717055349733,17410,19996
400.0,5011.872336272725,17410,19996
400.0,6309.573444801937,17410,19996
400.0,7943.282347242822,17410,19996
400.0,10000.0,17410,19996
425.0,1.0,0,0
425.0,1.2589254117941673,0,3
425.0,1.5848931924611136,0,9
425.0,1.9952623149688797,0,27
425.0,2.51188643150958,0,89
425.0,3.1622776601683795,0,201
425.0,3.981071705534973,0,456
425.0,5.011872336272724,0,818
425.0,6.309573444801933,0,1443
425.0,7.943282347242816,0,2420
425.0,10.0,0,3974
425.0,12.589254117941675,0,6079
425.0,15.848931924611142,0,8369
425.0,19.952623149688797,3,10671
425.0,25.11886431509581,9,12664
425.0,31.622776601683793,27,14561
425.0,39.810717055349734,84,16287
425.0,50.118723362727245,181,17597
425.0,63.09573444801933,375,18596
425.0,79.43282347242817,672,19304
425.0,100.0,1204,19696
425.0,125.89254117941675,2045,19840
425.0,158.48931924611142,3398,19902
425.0,199.52623149688807,5257,19926
425.0,251.18864315095823,7251,19944
425.0,316.2277660168379,9142,19960
425.0,398.1071705534973,10817,19970
425.0,501.18723362727246,12439,19974
425.0,630.9573444801937,13900,19976
425.0,794.3282347242822,14966,19980
425.0,1000.0,15753,19980
425.0,1258.9254117941675,16294,19980
425.0,1584.893192461114,16563,19980
425.0,1995.262314968881,16648,19980
425.0,2511.886431509582,16682,19980
425.0,3162.2776601683795,16687,19980
425.0,3981.0717055349733,16687,19980
425.0,5011.872336272725,16687,19980
425.0,6309.573444801937,16687,19980
425.0,7943.282347242822,16687,19980
425.0,10000.0,16687,19980
450.0,1.0,0,0
450.0,1.2589254117941673,0,3
450.0,1.5848931924611136,0,9
450.0,1.9952623149688797,0,27
450.0,2.51188643150958,0,89
450.0,3.1622776601683795,0,201
450.0,3.981071705534973,0,456
450.0,5.011872336272724,0,818
450.0,6.309573444801933,0,1443
450.0,7.943282347242816,0,2419
450.0,10.0,0,3972
450.0,12.589254117941675,0,6073
450.0,15.848931924611142,0,8360
450.0,19.952623149688797,3,10661
450.0,25.11886431509581,9,12651
450.0,31.622776601683793,24,14547
450.0,39.810717055349734,74,16272
450.0,50.118723362727245,156,17581
450.0,63.09573444801933,336,18579
450.0,79.43282347242817,617,19285
450.0,100.0,1127,19675
450.0,125.89254117941675,1923,19819
450.0,158.48931924611142,3222,19879
450.0,199.52623149688807,5000,19902
450.0,251.18864315095823,6888,19919
450.0,316.2277660168379,8690,19935
450.0,398.1071705534973,10295,19944
450.0,501.18723362727246,11859,19948
450.0,630.9573444801937,13262,19950
450.0,794.3282347242822,14279,19954
450.0,1000.0,15021,19954
450.0,1258.9254117941675,15530,19954
450.0,1584.893192461114,15787,19954
450.0,1995.262314968881,15859,19954
450.0,2511.886431509582,15892,19954
450.0,3162.2776601683795,15897,19954
450.0,3981.0717055349733,15897,19954
450.0,5011.872336272725,15897,19954
450.0,6309.573444801937,15897,19954
450.0,7943.282347242822,15897,19954
450.0,10000.0,15897,19954
475.0,1.0,0,0
475.0,1.2589254117941673,0,3
475.0,1.5848931924611136,0,9
475.0,1.9952623149688797,0,27
475.0,2.51188643150958,0,89
475.0,3.1622776601683795,0,201
475.0,3.981071705534973,0,456
475.0,5.011872336272724,0,817
475.0,6.309573444801933,0,1442
475.0,7.943282347242816,0,2415
475.0,10.0,0,3967
475.0,12.589254117941675,0,6066
475.0,15.848931924611142,0,8351
475.0,19.952623149688797,3,10646
475.0,25.11886431509581,8,12635
475.0,31.622776601683793,20,14529
475.0,39.810717055349734,61,16252
475.0,50.118723362727245,129,17560
475.0,63.09573444801933,289,18558
475.0,79.43282347242817,547,19261
475.0,100.0,1018,19650
475.0,125.89254117941675,1759,19792
475.0,158.48931924611142,2974,19851
475.0,199.52623149688807,4628,19872
475.0,251.18864315095823,6380,19885
475.0,316.2277660168379,8051,19898
475.0,398.1071705534973,9545,19901
475.0,501.18723362727246,11013,19905
475.0,630.9573444801937,12318,19907
475.0,794.3282347242822,13240,19911
475.0,1000.0,13918,19911
475.0,1258.9254117941675,14374,19911
475.0,1584.893192461114,14608,19911
475.0,1995.262314968881,14671,19911
475.0,2511.886431509582,14701,19911
475.0,3162.2776601683795,14705,19911
475.0,3981.0717055349733,14705,19911
475.0,5011.872336272725,14705,19911
475.0,6309.573444801937,14705,19911
475.0,7943.282347242822,14705,19911
475.0,10000.0,14705,19911
500.0,1.0,0,0
500.0,1.2589254117941673,0,3
500.0,1.5848931924611136,0,9
500.0,1.9952623149688797,0,27
500.0,2.51188643150958,0,89
500.0,3.1622776601683795,0,201
500.0,3.981071705534973,0,456
500.0,5.011872336272724,0,816
500.0,6.309573444801933,0,1438
500.0,7.943282347242816,0,2406
500.0,10.0,0,3950
500.0,12.589254117941675,0,6044
500.0,15.848931924611142,0,8324
500.0,19.952623149688797,3,10616
500.0,25.11886431509581,6,12599
500.0,31.622776601683793,11,14488
500.0,39.810717055349734,43,16207
500.0,50.118723362727245,101,17512
500.0,63.09573444801933,236,18509
500.0,79.43282347242817,453,19208
500.0,100.0,864,19593
500.0,125.89254117941675,1511,19734
500.0,158.48931924611142,2608,19790
500.0,199.52623149688807,4127,19808
500.0,251.18864315095823,5708,19816
500.0,316.2277660168379,7234,19824
500.0,398.1071705534973,8601,19826
500.0,501.18723362727246,9943,19829
500.0,630.9573444801937,11119,19831
500.0,794.3282347242822,11941,19835
500.0,1000.0,12550,19835
500.0,1258.9254117941675,12942,19835
500.0,1584.893192461114,13144,19835
500.0,1995.262314968881,13196,19835
500.0,2511.886431509582,13223,19835
500.0,3162.2776601683795,13226,19835
500.0,3981.0717055349733,13226,19835
500.0,5011.872336272725,13226,19835
500.0,6309.573444801937,13226,19835
500.0,7943.282347242822,13226,19835
500.0,10000.0,13226,19835
525.0,1.0,0,0
525.0,1.2589254117941673,0,3
525.0,1.5848931924611136,0,9
525.0,1.9952623149688797,0,27
525.0,2.51188643150958,0,89
525.0,3.1622776601683795,0,201
525.0,3.981071705534973,0,456
525.0,5.011872336272724,0,815
525.0,6.309573444801933,0,1436
525.0,7.943282347242816,0,2399
525.0,10.0,0,3936
525.0,12.589254117941675,0,6024
525.0,15.848931924611142,0,8298
525.0,19.952623149688797,2,10575
525.0,25.11886431509581,5,12548
525.0,31.622776601683793,9,14423
525.0,39.810717055349734,28,16131
525.0,50.118723362727245,70,17432
525.0,63.09573444801933,163,18419
525.0,79.43282347242817,325,19113
525.0,100.0,656,19493
525.0,125.89254117941675,1184,19632
525.0,158.48931924611142,2105,19684
525.0,199.52623149688807,3365,19699
525.0,251.18864315095823,4641,19705
525.0,316.2277660168379,5946,19713
525.0,398.1071705534973,7122,19715
525.0,501.18723362727246,8252,19716
525.0,630.9573444801937,9248,19718
525.0,794.3282347242822,9967,19722
525.0,1000.0,10478,19722
525.0,1258.9254117941675,10813,19722
525.0,1584.893192461114,10971,19722
525.0,1995.262314968881,11012,19722
525.0,2511.886431509582,11035,19722
525.0,3162.2776601683795,11037,19722
525.0,3981.0717055349733,11037,19722
525.0,5011.872336272725,11037,19722
525.0,6309.573444801937,11037,19722
525.0,7943.282347242822,11037,19722
525.0,10000.0,11037,19722
550.0,1.0,0,0
550.0,1.2589254117941673,0,3
550.0,1.5848931924611136,0,9
550.0,1.9952623149688797,0,27
550.0,2.51188643150958,0,89
550.0,3.1622776601683795,0,201
550.0,3.981071705534973,0,455
550.0,5.011872336272724,0,811
550.0,6.309573444801933,0,1429
550.0,7.943282347242816,0,2387
550.0,10.0,0,3916
550.0,12.589254117941675,0,5994
550.0,15.848931924611142,0,8258
550.0,19.952623149688797,2,10520
550.0,25.11886431509581,3,12476
550.0,31.622776601683793,7,14337
550.0,39.810717055349734,20,16034
550.0,50.118723362727245,49,17323
550.0,63.09573444801933,117,18299
550.0,79.43282347242817,220,18987
550.0,100.0,440,19361
550.0,125.89254117941675,804,19496
550.0,158.48931924611142,1479,19543
550.0,199.52623149688807,2399,19555
550.0,251.18864315095823,3338,19559
550.0,316.2277660168379,4358,19567
550.0,398.1071705534973,5271,19568
550.0,501.18723362727246,6175,19569
550.0,630.9573444801937,6968,19571
550.0,794.3282347242822,7547,19574
550.0,1000.0,7954,19574
550.0,1258.9254117941675,8212,19574
550.0,1584.893192461114,8342,19574
550.0,1995.262314968881,8380,19574
550.0,2511.886431509582,8399,19574
550.0,3162.2776601683795,8401,19574
550.0,3981.0717055349733,8401,19574
550.0,5011.872336272725,8401,19574
550.0,6309.573444801937,8401,19574
550.0,7943.282347242822,8401,19574
550.0,10000.0,8401,19574
575.0,1.0,0,0
575.0,1.2589254117941673,0,3
575.0,1.5848931924611136,0,9
575.0,1.9952623149688797,0,27
575.0,2.51188643150958,0,89
575.0,3.1622776601683795,0,201
575.0,3.981071705534973,0,455
575.0,5.011872336272724,0,810
575.0,6.309573444801933,0,1420
575.0,7.943282347242816,0,2373
575.0,10.0,0,3894
575.0,12.589254117941675,0,5962
575.0,15.848931924611142,0,8200
575.0,19.952623149688797,1,10428
575.0,25.11886431509581,2,12355
575.0,31.622776601683793,4,14197
575.0,39.810717055349734,8,15876
575.0,50.118723362727245,28,17150
575.0,63.09573444801933,79,18108
575.0,79.43282347242817,148,18788
575.0,100.0,284,19156
575.0,125.89254117941675,514,19287
575.0,158.48931924611142,947,19334
575.0,199.52623149688807,1530,19345
575.0,251.18864315095823,2202,19348
575.0,316.2277660168379,2919,19356
575.0,398.1071705534973,3533,19357
575.0,501.18723362727246,4144,19358
575.0,630.9573444801937,4676,19360
575.0,794.3282347242822,5093,19362
575.0,1000.0,5388,19362
575.0,1258.9254117941675,5570,19362
575.0,1584.893192461114,5683,19362
575.0,1995.262314968881,5717,19362
575.0,2511.886431509582,5735,19362
575.0,3162.2776601683795,5737,19362
575.0,3981.0717055349733,5737,19362
575.0,5011.872336272725,5737,19362
575.0,6309.573444801937,5737,19362
575.0,7943.282347242822,5737,19362
575.0,10000.0,5737,19362
600.0,1.0,0,0
600.0,1.2589254117941673,0,3
600.0,1.5848931924611136,0,9
600.0,1.9952623149688797,0,27
600.0,2.51188643150958,0,88
600.0,3.1622776601683795,0,199
600.0,3.981071705534973,0,450
600.0,5.011872336272724,0,801
600.0,6.309573444801933,0,1407
600.0,7.943282347242816,0,2356
600.0,10.0,0,3858
600.0,12.589254117941675,0,5901
600.0,15.848931924611142,0,8117
600.0,19.952623149688797,0,10307
600.0,25.11886431509581,0,12211
600.0,31.622776601683793,0,14018
600.0,39.810717055349734,2,15675
600.0,50.118723362727245,13,16928
600.0,63.09573444801933,43,17864
600.0,79.43282347242817,79,18528
600.0,100.0,147,18892
600.0,125.89254117941675,297,19017
600.0,158.48931924611142,558,19062
600.0,199.52623149688807,939,19071
600.0,251.18864315095823,1415,19074
600.0,316.2277660168379,1939,19079
600.0,398.1071705534973,2368,19079
600.0,501.18723362727246,2816,19079
600.0,630.9573444801937,3239,19080
600.0,794.3282347242822,3554,19081
600.0,1000.0,3786,19081
600.0,1258.9254117941675,3931,19081
600.0,1584.893192461114,4021,19081
600.0,1995.262314968881,4050,19081
600.0,2511.886431509582,4066,19081
600.0,3162.2776601683795,4068,19081
600.0,3981.0717055349733,4068,19081
600.0,5011.872336272725,4068,19081
600.0,6309.573444801937,4068,19081
600.0,7943.282347242822,4068,19081
600.0,10000.0,4068,19081
625.0,1.0,0,0
625.0,1.2589254117941673,0,3
625.0,1.5848931924611136,0,8
625.0,1.9952623149688797,0,26
625.0,2.51188643150958,0,87
625.0,3.1622776601683795,0,196
625.0,3.981071705534973,0,440
625.0,5.011872336272724,0,782
625.0,6.309573444801933,0,1378
625.0,7.943282347242816,0,2313
625.0,10.0,0,3792
625.0,12.589254117941675,0,5803
625.0,15.848931924611142,0,7982
625.0,19.952623149688797,0,10125
625.0,25.11886431509581,0,11999
625.0,31.622776601683793,0,13778
625.0,39.810717055349734,0,15409
625.0,50.118723362727245,3,16637
625.0,63.09573444801933,10,17556
625.0,79.43282347242817,22,18199
625.0,100.0,44,18556
625.0,125.89254117941675,93,18673
625.0,158.48931924611142,203,18716
625.0,199.52623149688807,386,18724
625.0,251.18864315095823,652,18725
625.0,316.2277660168379,962,18726
625.0,398.1071705534973,1247,18726
625.0,501.18723362727246,1553,18726
625.0,630.9573444801937,1854,18726
625.0,794.3282347242822,2106,18727
625.0,1000.0,2293,18727
625.0,1258.9254117941675,2423,18727
625.0,1584.893192461114,2489,18727
625.0,1995.262314968881,2513,18727
625.0,2511.886431509582,2525,18727
625.0,3162.2776601683795,2527,18727
625.0,3981.0717055349733,2527,18727
625.0,5011.872336272725,2527,18727
625.0,6309.573444801937,2527,18727
625.0,7943.282347242822,2527,18727
625.0,10000.0,2527,18727
650.0,1.0,0,0
650.0,1.2589254117941673,0,3
650.0,1.5848931924611136,0,8
650.0,1.9952623149688797,0,26
650.0,2.51188643150958,0,87
650.0,3.1622776601683795,0,194
650.0,3.981071705534973,0,426
650.0,5.011872336272724,0,760
650.0,6.309573444801933,0,1340
650.0,7.943282347242816,0,2248
650.0,10.0,0,3696
650.0,12.589254117941675,0,5677
650.0,15.848931924611142,0,7809
650.0,19.952623149688797,0,9900
650.0,25.11886431509581,0,11727
650.0,31.622776601683793,0,13474
650.0,39.810717055349734,0,15078
650.0,50.118723362727245,0,16278
650.0,63.09573444801933,0,17160
650.0,79.43282347242817,0,17781
650.0,100.0,1,18118
650.0,125.89254117941675,12,18227
650.0,158.48931924611142,35,18268
650.0,199.52623149688807,82,18274
650.0,251.18864315095823,161,18274
650.0,316.2277660168379,284,18274
650.0,398.1071705534973,426,18274
650.0,501.18723362727246,577,18274
650.0,630.9573444801937,736,18274
650.0,794.3282347242822,896,18274
650.0,1000.0,1021,18274
650.0,1258.9254117941675,1118,18274
650.0,1584.893192461114,1164,18274
650.0,1995.262314968881,1177,18274
650.0,2511.886431509582,1183,18274
650.0,3162.2776601683795,1183,18274
650.0,3981.0717055349733,1183,18274
650.0,5011.872336272725,1183,18274
650.0,6309.573444801937,1183,18274
650.0,7943.282347242822,1183,18274
650.0,10000.0,1183,18274
675.0,1.0,0,0
675.0,1.2589254117941673,0,3
675.0,1.5848931924611136,0,8
675.0,1.9952623149688797,0,26
675.0,2.51188643150958,0,87
675.0,3.1622776601683795,0,192
675.0,3.981071705534973,0,409
675.0,5.011872336272724,0,722
675.0,6.309573444801933,0,1278
675.0,7.943282347242816,0,2160
675.0,10.0,0,3573
675.0,12.589254117941675,0,5500
675.0,15.848931924611142,0,7583
675.0,19.952623149688797,0,9603
675.0,25.11886431509581,0,11384
675.0,31.622776601683793,0,13092
675.0,39.810717055349734,0,14656
675.0,50.118723362727245,0,15817
675.0,63.09573444801933,0,16664
675.0,79.43282347242817,0,17259
675.0,100.0,0,17571
675.0,125.89254117941675,2,17669
675.0,158.48931924611142,9,17706
675.0,199.52623149688807,17,17712
675.0,251.18864315095823,27,17712
675.0,316.2277660168379,60,17712
675.0,398.1071705534973,101,17712
675.0,501.18723362727246,145,17712
675.0,630.9573444801937,190,17712
675.0,794.3282347242822,253,17712
675.0,1000.0,303,17712
675.0,1258.9254117941675,351,17712
675.0,1584.893192461114,370,17712
675.0,1995.262314968881,378,17712
675.0,2511.886431509582,382,17712
675.0,3162.2776601683795,382,17712
675.0,3981.0717055349733,382,17712
675.0,5011.872336272725,382,17712
675.0,6309.573444801937,382,17712
675.0,7943.282347242822,382,17712
675.0,10000.0,382,17712
700.0,1.0,0,0
700.0,1.2589254117941673,0,3
700.0,1.5848931924611136,0,8
700.0,1.9952623149688797,0,26
700.0,2.51188643150958,0,83
700.0,3.1622776601683795,0,179
700.0,3.981071705534973,0,374
700.0,5.011872336272724,0,670
700.0,6.309573444801933,0,1200
700.0,7.943282347242816,0,2049
700.0,10.0,0,3396
700.0,12.589254117941675,0,5267
700.0,15.848931924611142,0,7273
700.0,19.952623149688797,0,9201
700.0,25.11886431509581,0,10903
700.0,31.622776601683793,0,12546
700.0,39.810717055349734,0,14044
700.0,50.118723362727245,0,15144
700.0,63.09573444801933,0,15943
700.0,79.43282347242817,0,16510
700.0,100.0,0,16798
700.0,125.89254117941675,1,16891
700.0,158.48931924611142,2,16925
700.0,199.52623149688807,4,16931
700.0,251.18864315095823,5,16931
700.0,316.2277660168379,9,16931
700.0,398.1071705534973,17,16931
700.0,501.18723362727246,31,16931
700.0,630.9573444801937,40,16931
700.0,794.3282347242822,60,16931
700.0,1000.0,73,16931
700.0,1258.9254117941675,90,16931
700.0,1584.893192461114,93,16931
700.0,1995.262314968881,95,16931
700.0,2511.886431509582,96,16931
700.0,3162.2776601683795,96,16931
700.0,3981.0717055349733,96,16931
700.0,5011.872336272725,96,16931
700.0,6309.573444801937,96,16931
700.0,7943.282347242822,96,16931
700.0,10000.0,96,16931
725.0,1.0,0,0
725.0,1.2589254117941673,0,3
725.0,1.5848931924611136,0,8
725.0,1.9952623149688797,0,25
725.0,2.51188643150958,0,77
725.0,3.1622776601683795,0,160
725.0,3.981071705534973,0,339
725.0,5.011872336272724,0,621
725.0,6.309573444801933,0,1127
725.0,7.943282347242816,0,1923
725.0,10.0,0,3214
725.0,12.589254117941675,0,5016
725.0,15.848931924611142,0,6920
725.0,19.952623149688797,0,8752
725.0,25.11886431509581,0,10381
725.0,31.622776601683793,0,11957
725.0,39.810717055349734,0,13391
725.0,50.118723362727245,0,14434
725.0,63.09573444801933,0,15180
725.0,79.43282347242817,0,15710
725.0,100.0,0,15981
725.0,125.89254117941675,0,16059
725.0,158.48931924611142,1,16091
725.0,199.52623149688807,3,16097
725.0,251.18864315095823,4,16097
725.0,316.2277660168379,5,16097
725.0,398.1071705534973,6,16097
725.0,501.18723362727246,7,16097
725.0,630.9573444801937,9,16097
725.0,794.3282347242822,13,16097
725.0,1000.0,15,16097
725.0,1258.9254117941675,17,16097
725.0,1584.893192461114,18,16097
725.0,1995.262314968881,18,16097
725.0,2511.886431509582,18,16097
725.0,3162.2776601683795,18,16097
725.0,3981.0717055349733,18,16097
725.0,5011.872336272725,18,16097
725.0,6309.573444801937,18,16097
725.0,7943.282347242822,18,16097
725.0,10000.0,18,16097
750.0,1.0,0,0
750.0,1.2589254117941673,0,3
750.0,1.5848931924611136,0,7
750.0,1.9952623149688797,0,20
750.0,2.51188643150958,0,63
750.0,3.1622776601683795,0,134
750.0,3.981071705534973,0,298
750.0,5.011872336272724,0,560
750.0,6.309573444801933,0,1035
750.0,7.943282347242816,0,1785
750.0,10.0,0,2991
750.0,12.589254117941675,0,4675
750.0,15.848931924611142,0,6445
750.0,19.952623149688797,0,8152
750.0,25.11886431509581,0,9675
750.0,31.622776601683793,0,11158
750.0,39.810717055349734,0,12502
750.0,50.118723362727245,0,13463
750.0,63.09573444801933,0,14151
750.0,79.43282347242817,0,14623
750.0,100.0,0,14870
750.0,125.89254117941675,0,14940
750.0,158.48931924611142,1,14970
750.0,199.52623149688807,3,14975
750.0,251.18864315095823,3,14975
750.0,316.2277660168379,3,14975
750.0,398.1071705534973,4,14975
750.0,501.18723362727246,4,14975
750.0,630.9573444801937,4,14975
750.0,794.3282347242822,4,14975
750.0,1000.0,4,14975
750.0,1258.9254117941675,4,14975
750.0,1584.893192461114,4,14975
750.0,1995.262314968881,4,14975
750.0,2511.886431509582,4,14975
750.0,3162.2776601683795,4,14975
750.0,3981.0717055349733,4,14975
750.0,5011.872336272725,4,14975
750.0,6309.573444801937,4,14975
750.0,7943.282347242822,4,14975
750.0,10000.0,4,14975
775.0,1.0,0,0
775.0,1.2589254117941673,0,3
775.0,1.5848931924611136,0,6
775.0,1.9952623149688797,0,13
775.0,2.51188643150958,0,46
775.0,3.1622776601683795,0,104
775.0,3.981071705534973,0,246
775.0,5.011872336272724,0,467
775.0,6.309573444801933,0,889
775.0,7.943282347242816,0,1559
775.0,10.0,0,2665
775.0,12.589254117941675,0,4226
775.0,15.848931924611142,0,5833
775.0,19.952623149688797,0,7412
775.0,25.11886431509581,0,8804
775.0,31.622776601683793,0,10164
775.0,39.810717055349734,0,11380
775.0,50.118723362727245,0,12244
775.0,63.09573444801933,0,12864
775.0,79.43282347242817,0,13275
775.0,100.0,0,13492
775.0,125.89254117941675,0,13548
775.0,158.48931924611142,0,13576
775.0,199.52623149688807,1,13580
775.0,251.18864315095823,1,13580
775.0,316.2277660168379,1,13580
775.0,398.1071705534973,1,13580
775.0,501.18723362727246,1,13580
775.0,630.9573444801937,1,13580
775.0,794.3282347242822,1,13580
775.0,1000.0,1,13580
775.0,1258.9254117941675,1,13580
775.0,1584.893192461114,1,13580
775.0,1995.262314968881,1,13580
775.0,2511.886431509582,1,13580
775.0,3162.2776601683795,1,13580
775.0,3981.0717055349733,1,13580
775.0,5011.872336272725,1,13580
775.0,6309.573444801937,1,13580
775.0,7943.282347242822,1,13580
775.0,10000.0,1,13580
800.0,1.0,0,0
800.0,1.2589254117941673,0,2
800.0,1.5848931924611136,0,5
800.0,1.9952623149688797,0,9
800.0,2.51188643150958,0,29
800.0,3.1622776601683795,0,72
800.0,3.981071705534973,0,176
800.0,5.011872336272724,0,348
800.0,6.309573444801933,0,685
800.0,7.943282347242816,0,1241
800.0,10.0,0,2181
800.0,12.589254117941675,0,3505
800.0,15.848931924611142,0,4843
800.0,19.952623149688797,0,6211
800.0,25.11886431509581,0,7438
800.0,31.622776601683793,0,8612
800.0,39.810717055349734,0,9663
800.0,50.118723362727245,0,10422
800.0,63.09573444801933,0,10954
800.0,79.43282347242817,0,11308
800.0,100.0,0,11480
800.0,125.89254117941675,0,11530
800.0,158.48931924611142,0,11553
800.0,199.52623149688807,0,11556
800.0,251.18864315095823,0,11556
800.0,316.2277660168379,0,11556
800.0,398.1071705534973,0,11556
800.0,501.18723362727246,0,11556
800.0,630.9573444801937,0,11556
800.0,794.3282347242822,0,11556
800.0,1000.0,0,11556
800.0,1258.9254117941675,0,11556
800.0,1584.893192461114,0,11556
800.0,1995.262314968881,0,11556
800.0,2511.886431509582,0,11556
800.0,3162.2776601683795,0,11556
800.0,3981.0717055349733,0,11556
800.0,5011.872336272725,0,11556
800.0,6309.573444801937,0,11556
800.0,7943.282347242822,0,11556
800.0,10000.0,0,11556
825.0,1.0,0,0
825.0,1.2589254117941673,0,2
825.0,1.5848931924611136,0,3
825.0,1.9952623149688797,0,7
825.0,2.51188643150958,0,20
825.0,3.1622776601683795,0,55
825.0,3.981071705534973,0,124
825.0,5.011872336272724,0,238
825.0,6.309573444801933,0,478
825.0,7.943282347242816,0,884
825.0,10.0,0,1607
825.0,12.589254117941675,0,2640
825.0,15.848931924611142,0,3641
825.0,19.952623149688797,0,4717
825.0,25.11886431509581,0,5691
825.0,31.622776601683793,0,6644
825.0,39.810717055349734,0,7480
825.0,50.118723362727245,0,8101
825.0,63.09573444801933,0,8534
825.0,79.43282347242817,0,8813
825.0,100.0,0,8951
825.0,125.89254117941675,0,8993
825.0,158.48931924611142,0,9012
825.0,199.52623149688807,0,9014
825.0,251.18864315095823,0,9014
825.0,316.2277660168379,0,9014
825.0,398.1071705534973,0,9014
825.0,501.18723362727246,0,9014
825.0,630.9573444801937,0,9014
825.0,794.3282347242822,0,9014
825.0,1000.0,0,9014
825.0,1258.9254117941675,0,9014
825.0,1584.893192461114,0,9014
825.0,1995.262314968881,0,9014
825.0,2511.886431509582,0,9014
825.0,3162.2776601683795,0,9014
825.0,3981.0717055349733,0,9014
825.0,5011.872336272725,0,9014
825.0,6309.573444801937,0,9014
825.0,7943.282347242822,0,9014
825.0,10000.0,0,9014
850.0,1.0,0,0
850.0,1.2589254117941673,0,2
850.0,1.5848931924611136,0,3
850.0,1.9952623149688797,0,5
850.0,2.51188643150958,0,10
850.0,3.1622776601683795,0,32
850.0,3.981071705534973,0,84
850.0,5.011872336272724,0,156
850.0,6.309573444801933,0,293
850.0,7.943282347242816,0,549
850.0,10.0,0,1005
850.0,12.589254117941675,0,1648
850.0,15.848931924611142,0,2357
850.0,19.952623149688797,0,3121
850.0,25.11886431509581,0,3811
850.0,31.622776601683793,0,4483
850.0,39.810717055349734,0,5061
850.0,50.118723362727245,0,5506
850.0,63.09573444801933,0,5818
850.0,79.43282347242817,0,6008
850.0,100.0,0,6131
850.0,125.89254117941675,0,6168
850.0,158.48931924611142,0,6186
850.0,199.52623149688807,0,6188
850.0,251.18864315095823,0,6188
850.0,316.2277660168379,0,6188
850.0,398.1071705534973,0,6188
850.0,501.18723362727246,0,6188
850.0,630.9573444801937,0,6188
850.0,794.3282347242822,0,6188
850.0,1000.0,0,6188
850.0,1258.9254117941675,0,6188
850.0,1584.893192461114,0,6188
850.0,1995.262314968881,0,6188
850.0,2511.886431509582,0,6188
850.0,3162.2776601683795,0,6188
850.0,3981.0717055349733,0,6188
850.0,5011.872336272725,0,6188
850.0,6309.573444801937,0,6188
850.0,7943.282347242822,0,6188
850.0,10000.0,0,6188
875.0,1.0,0,0
875.0,1.2589254117941673,0,1
875.0,1.5848931924611136,0,1
875.0,1.9952623149688797,0,2
875.0,2.51188643150958,0,4
875.0,3.1622776601683795,0,18
875.0,3.981071705534973,0,54
875.0,5.011872336272724,0,100
875.0,6.309573444801933,0,182
875.0,7.943282347242816,0,344
875.0,10.0,0,619
875.0,12.589254117941675,0,1042
875.0,15.848931924611142,0,1568
875.0,19.952623149688797,0,2125
875.0,25.11886431509581,0,2580
875.0,31.622776601683793,0,3057
875.0,39.810717055349734,0,3500
875.0,50.118723362727245,0,3825
875.0,63.09573444801933,0,4066
875.0,79.43282347242817,0,4221
875.0,100.0,0,4321
875.0,125.89254117941675,0,4353
875.0,158.48931924611142,0,4370
875.0,199.52623149688807,0,4372
875.0,251.18864315095823,0,4372
875.0,316.2277660168379,0,4372
875.0,398.1071705534973,0,4372
875.0,501.18723362727246,0,4372
875.0,630.9573444801937,0,4372
875.0,794.3282347242822,0,4372
875.0,1000.0,0,4372
875.0,1258.9254117941675,0,4372
875.0,1584.893192461114,0,4372
875.0,1995.262314968881,0,4372
875.0,2511.886431509582,0,4372
875.0,3162.2776601683795,0,4372
875.0,3981.0717055349733,0,4372
875.0,5011.872336272725,0,4372
875.0,6309.573444801937,0,4372
875.0,7943.282347242822,0,4372
875.0,10000.0,0,4372
900.0,1.0,0,0
900.0,1.2589254117941673,0,0
900.0,1.5848931924611136,0,0
900.0,1.9952623149688797,0,0
900.0,2.51188643150958,0,0
900.0,3.1622776601683795,0,4
900.0,3.981071705534973,0,12
900.0,5.011872336272724,0,29
900.0,6.309573444801933,0,57
900.0,7.943282347242816,0,124
900.0,10.0,0,249
900.0,12.589254117941675,0,474
900.0,15.848931924611142,0,780
900.0,19.952623149688797,0,1134
900.0,25.11886431509581,0,1457
900.0,31.622776601683793,0,1793
900.0,39.810717055349734,0,2125
900.0,50.118723362727245,0,2393
900.0,63.09573444801933,0,2588
900.0,79.43282347242817,0,2723
900.0,100.0,0,2795
900.0,125.89254117941675,0,2822
900.0,158.48931924611142,0,2835
900.0,199.52623149688807,0,2837
900.0,251.18864315095823,0,2837
900.0,316.2277660168379,0,2837
900.0,398.1071705534973,0,2837
900.0,501.18723362727246,0,2837
900.0,630.9573444801937,0,2837
900.0,794.3282347242822,0,2837
900.0,1000.0,0,2837
900.0,1258.9254117941675,0,2837
900.0,1584.893192461114,0,2837
900.0,1995.262314968881,0,2837
900.0,2511.886431509582,0,2837
900.0,3162.2776601683795,0,2837
900.0,3981.0717055349733,0,2837
900.0,5011.872336272725,0,2837
900.0,6309.573444801937,0,2837
900.0,7943.282347242822,0,2837
900.0,10000.0,0,2837
925.0,1.0,0,0
925.0,1.2589254117941673,0,0
925.0,1.5848931924611136,0,0
925.0,1.9952623149688797,0,0
925.0,2.51188643150958,0,0
925.0,3.1622776601683795,0,0
925.0,3.981071705534973,0,2
925.0,5.011872336272724,0,3
925.0,6.309573444801933,0,4
925.0,7.943282347242816,0,19
925.0,10.0,0,49
925.0,12.589254117941675,0,120
925.0,15.848931924611142,0,231
925.0,19.952623149688797,0,382
925.0,25.11886431509581,0,547
925.0,31.622776601683793,0,724
925.0,39.810717055349734,0,913
925.0,50.118723362727245,0,1092
925.0,63.09573444801933,0,1237
925.0,79.43282347242817,0,1340
925.0,100.0,0,1391
925.0,125.89254117941675,0,1408
925.0,158.48931924611142,0,1414
925.0,199.52623149688807,0,1414
925.0,251.18864315095823,0,1414
925.0,316.2277660168379,0,1414
925.0,398.1071705534973,0,1414
925.0,501.18723362727246,0,1414
925.0,630.9573444801937,0,1414
925.0,794.3282347242822,0,1414
925.0,1000.0,0,1414
925.0,1258.9254117941675,0,1414
925.0,1584.893192461114,0,1414
925.0,1995.262314968881,0,1414
925.0,2511.886431509582,0,1414
925.0,3162.2776601683795,0,1414
925.0,3981.0717055349733,0,1414
925.0,5011.872336272725,0,1414
925.0,6309.573444801937,0,1414
925.0,7943.282347242822,0,1414
925.0,10000.0,0,1414
950.0,1.0,0,0
950.0,1.2589254117941673,0,0
950.0,1.5848931924611136,0,0
950.0,1.9952623149688797,0,0
950.0,2.51188643150958,0,0
950.0,3.1622776601683795,0,0
950.0,3.981071705534973,0,0
950.0,5.011872336272724,0,0
950.0,6.309573444801933,0,0
950.0,7.943282347242816,0,4
950.0,10.0,0,10
950.0,12.589254117941675,0,24
950.0,15.848931924611142,0,44
950.0,19.952623149688797,0,81
950.0,25.11886431509581,0,140
950.0,31.622776601683793,0,201
950.0,39.810717055349734,0,267
950.0,50.118723362727245,0,347
950.0,63.09573444801933,0,415
950.0,79.43282347242817,0,473
950.0,100.0,0,499
950.0,125.89254117941675,0,508
950.0,158.48931924611142,0,512
950.0,199.52623149688807,0,512
950.0,251.18864315095823,0,512
950.0,316.2277660168379,0,512
950.0,398.1071705534973,0,512
950.0,501.18723362727246,0,512
950.0,630.9573444801937,0,512
950.0,794.3282347242822,0,512
950.0,1000.0,0,512
950.0,1258.9254117941675,0,512
950.0,1584.893192461114,0,512
950.0,1995.262314968881,0,512
950.0,2511.886431509582,0,512
950.0,3162.2776601683795,0,512
950.0,3981.0717055349733,0,512
950.0,5011.872336272725,0,512
950.0,6309.573444801937,0,512
950.0,7943.282347242822,0,512
950.0,10000.0,0,512
975.0,1.0,0,0
975.0,1.2589254117941673,0,0
975.0,1.5848931924611136,0,0
975.0,1.9952623149688797,0,0
975.0,2.51188643150958,0,0
975.0,3.1622776601683795,0,0
975.0,3.981071705534973,0,0
975.0,5.011872336272724,0,0
975.0,6.309573444801933,0,0
975.0,7.943282347242816,0,1
975.0,10.0,0,2
975.0,12.589254117941675,0,4
975.0,15.848931924611142,0,5
975.0,19.952623149688797,0,10
975.0,25.11886431509581,0,19
975.0,31.622776601683793,0,38
975.0,39.810717055349734,0,55
975.0,50.118723362727245,0,85
975.0,63.09573444801933,0,104
975.0,79.43282347242817,0,123
975.0,100.0,0,127
975.0,125.89254117941675,0,130
975.0,158.48931924611142,0,132
975.0,199.52623149688807,0,132
975.0,251.18864315095823,0,132
975.0,316.2277660168379,0,132
975.0,398.1071705534973,0,132
975.0,501.18723362727246,0,132
975.0,630.9573444801937,0,132
975.0,794.3282347242822,0,132
975.0,1000.0,0,132
975.0,1258.9254117941675,0,132
975.0,1584.893192461114,0,132
975.0,1995.262314968881,0,132
975.0,2511.886431509582,0,132
975.0,3162.2776601683795,0,132
975.0,3981.0717055349733,0,132
975.0,5011.872336272725,0,132
975.0,6309.573444801937,0,132
975.0,7943.282347242822,0,132
975.0,10000.0,0,132
1000.0,1.0,0,0
1000.0,1.2589254117941673,0,0
1000.0,1.5848931924611136,0,0
1000.0,1.9952623149688797,0,0
1000.0,2.51188643150958,0,0
1000.0,3.1622776601683795,0,0
1000.0,3.981071705534973,0,0
1000.0,5.011872336272724,0,0
1000.0,6.309573444801933,0,0
1000.0,7.943282347242816,0,0
1000.0,10.0,0,1
1000.0,12.589254117941675,0,3
1000.0,15.848931924611142,0,4
1000.0,19.952623149688797,0,5
1000.0,25.11886431509581,0,6
1000.0,31.622776601683793,0,8
1000.0,39.810717055349734,0,11
1000.0,50.118723362727245,0,22
1000.0,63.09573444801933,0,28
1000.0,79.43282347242817,0,30
1000.0,100.0,0,31
1000.0,125.89254117941675,0,31
1000.0,158.48931924611142,0,31
1000.0,199.52623149688807,0,31
1000.0,251.18864315095823,0,31
1000.0,316.2277660168379,0,31
1000.0,398.1071705534973,0,31
1000.0,501.18723362727246,0,31
1000.0,630.9573444801937,0,31
1000.0,794.3282347242822,0,31
1000.0,1000.0,0,31
1000.0,1258.9254117941675,0,31
1000.0,1584.893192461114,0,31
1000.0,1995.262314968881,0,31
1000.0,2511.886431509582,0,31
1000.0,3162.2776601683795,0,31
1000.0,3981.0717055349733,0,31
1000.0,5011.872336272725,0,31
1000.0,6309.573444801937,0,31
1000.0,7943.282347242822,0,31
1000.0,10000.0,0,31
1025.0,1.0,0,0
1025.0,1.2589254117941673,0,0
1025.0,1.5848931924611136,0,0
1025.0,1.9952623149688797,0,0
1025.0,2.51188643150958,0,0
1025.0,3.1622776601683795,0,0
1025.0,3.981071705534973,0,0
1025.0,5.011872336272724,0,0
1025.0,6.309573444801933,0,0
1025.0,7.943282347242816,0,0
1025.0,10.0,0,1
1025.0,12.589254117941675,0,3
1025.0,15.848931924611142,0,3
1025.0,19.952623149688797,0,3
1025.0,25.11886431509581,0,4
1025.0,31.622776601683793,0,4
1025.0,39.810717055349734,0,4
1025.0,50.118723362727245,0,5
1025.0,63.09573444801933,0,6
1025.0,79.43282347242817,0,6
1025.0,100.0,0,6
1025.0,125.89254117941675,0,6
1025.0,158.48931924611142,0,6
1025.0,199.52623149688807,0,6
1025.0,251.18864315095823,0,6
1025.0,316.2277660168379,0,6
1025.0,398.1071705534973,0,6
1025.0,501.18723362727246,0,6
1025.0,630.9573444801937,0,6
1025.0,794.3282347242822,0,6
1025.0,1000.0,0,6
1025.0,1258.9254117941675,0,6
1025.0,1584.893192461114,0,6
1025.0,1995.262314968881,0,6
1025.0,2511.886431509582,0,6
1025.0,3162.2776601683795,0,6
1025.0,3981.0717055349733,0,6
1025.0,5011.872336272725,0,6
1025.0,6309.573444801937,0,6
1025.0,7943.282347242822,0,6
1025.0,10000.0,0,6
1050.0,1.0,0,0
1050.0,1.2589254117941673,0,0
1050.0,1.5848931924611136,0,0
1050.0,1.9952623149688797,0,0
1050.0,2.51188643150958,0,0
1050.0,3.1622776601683795,0,0
1050.0,3.981071705534973,0,0
1050.0,5.011872336272724,0,0
1050.0,6.309573444801933,0,0
1050.0,7.943282347242816,0,0
1050.0,10.0,0,0
1050.0,12.589254117941675,0,1
1050.0,15.848931924611142,0,1
1050.0,19.952623149688797,0,1
1050.0,25.11886431509581,0,1
1050.0,31.622776601683793,0,1
1050.0,39.810717055349734,0,1
1050.0,50.118723362727245,0,1
1050.0,63.09573444801933,0,1
1050.0,79.43282347242817,0,1
1050.0,100.0,0,1
1050.0,125.89254117941675,0,1
1050.0,158.48931924611142,0,1
1050.0,199.52623149688807,0,1
1050.0,251.18864315095823,0,1
1050.0,316.2277660168379,0,1
1050.0,398.1071705534973,0,1
1050.0,501.18723362727246,0,1
1050.0,630.9573444801937,0,1
1050.0,794.3282347242822,0,1
1050.0,1000.0,0,1
1050.0,1258.9254117941675,0,1
1050.0,1584.893192461114,0,1
1050.0,1995.262314968881,0,1
1050.0,2511.886431509582,0,1
1050.0,3162.2776601683795,0,1
1050.0,3981.0717055349733,0,1
1050.0,5011.872336272725,0,1
1050.0,6309.573444801937,0,1
1050.0,7943.282347242822,0,1
1050.0,10000.0,0,1
1075.0,1.0,0,0
1075.0,1.2589254117941673,0,0
1075.0,1.5848931924611136,0,0
1075.0,1.9952623149688797,0,0
1075.0,2.51188643150958,0,0
1075.0,3.1622776601683795,0,0
1075.0,3.981071705534973,0,0
1075.0,5.011872336272724,0,0
1075.0,6.309573444801933,0,0
1075.0,7.943282347242816,0,0
1075.0,10.0,0,0
1075.0,12.589254117941675,0,0
1075.0,15.848931924611142,0,0
1075.0,19.952623149688797,0,0
1075.0,25.11886431509581,0,0
1075.0,31.622776601683793,0,0
1075.0,39.810717055349734,0,0
1075.0,50.118723362727245,0,0
1075.0,63.09573444801933,0,0
1075.0,79.43282347242817,0,0
1075.0,100.0,0,0
1075.0,125.89254117941675,0,0
1075.0,158.48931924611142,0,0
1075.0,199.52623149688807,0,0
1075.0,251.18864315095823,0,0
1075.0,316.2277660168379,0,0
1075.0,398.1071705534973,0,0
1075.0,501.18723362727246,0,0
1075.0,630.9573444801937,0,0
1075.0,794.3282347242822,0,0
1075.0,1000.0,0,0
1075.0,1258.9254117941675,0,0
1075.0,1584.893192461114,0,0
1075.0,1995.262314968881,0,0
1075.0,2511.886431509582,0,0
1075.0,3162.2776601683795,0,0
1075.0,3981.0717055349733,0,0
1075.0,5011.872336272725,0,0
1075.0,6309.573444801937,0,0
1075.0,7943.282347242822,0,0
1075.0,10000.0,0,0
1100.0,1.0,0,0
1100.0,1.2589254117941673,0,0
1100.0,1.5848931924611136,0,0
1100.0,1.9952623149688797,0,0
1100.0,2.51188643150958,0,0
1100.0,3.1622776601683795,0,0
1100.0,3.981071705534973,0,0
1100.0,5.011872336272724,0,0
1100.0,6.309573444801933,0,0
1100.0,7.943282347242816,0,0
1100.0,10.0,0,0
1100.0,12.589254117941675,0,0
1100.0,15.848931924611142,0,0
1100.0,19.952623149688797,0,0
1100.0,25.11886431509581,0,0
1100.0,31.622776601683793,0,0
1100.0,39.810717055349734,0,0
1100.0,50.118723362727245,0,0
1100.0,63.09573444801933,0,0
1100.0,79.43282347242817,0,0
1100.0,100.0,0,0
1100.0,125.89254117941675,0,0
1100.0,158.48931924611142,0,0
1100.0,199.52623149688807,0,0
1100.0,251.18864315095823,0,0
1100.0,316.2277660168379,0,0
1100.0,398.1071705534973,0,0
1100.0,501.18723362727246,0,0
1100.0,630.9573444801937,0,0
1100.0,794.3282347242822,0,0
1100.0,1000.0,0,0
1100.0,1258.9254117941675,0,0
1100.0,1584.893192461114,0,0
1100.0,1995.262314968881,0,0
1100.0,2511.886431509582,0,0
1100.0,3162.2776601683795,0,0
1100.0,3981.0717055349733,0,0
1100.0,5011.872336272725,0,0
1100.0,6309.573444801937,0,0
1100.0,7943.282347242822,0,0
1100.0,10000.0,0,0
