target,feature,importance_mean,importance_sd,feature_set,model
Curie(TC) (K),x_Fe,0.22308355200369787,0.0181049995138624,combined,ExtraTrees
Curie(TC) (K),x_Mn,0.00760408215951649,0.0022044828228397033,combined,ExtraTrees
Curie(TC) (K),f_metalloid,0.006794885000360118,0.0023322431504834646,combined,ExtraTrees
Curie(TC) (K),x_Al,0.005706551339392322,0.001392796128789774,combined,ExtraTrees
Curie(TC) (K),x_La,0.005413370784510829,0.0007886795025699664,combined,ExtraTrees
Curie(TC) (K),x_Ni,0.005388904461900738,0.0032533914213044666,combined,ExtraTrees
Curie(TC) (K),f_rare_earth,0.005281305178669101,0.0025817589373341695,combined,ExtraTrees
Curie(TC) (K),f_light_metal,0.005155043377152817,0.0012499484575884316,combined,ExtraTrees
Curie(TC) (K),electron_affinity_range,0.005042362375440224,0.0006983536069664361,combined,ExtraTrees
Curie(TC) (K),Z_max,0.004956026979991053,0.0010034115421772916,combined,ExtraTrees
Curie(TC) (K),x_Bi,0.004097307148540767,0.0006399742754159055,combined,ExtraTrees
Curie(TC) (K),molar_volume_max,0.0035071413645334578,0.0007585783104196153,combined,ExtraTrees
Curie(TC) (K),Z_mean,0.003093553452150877,0.0011442374917190916,combined,ExtraTrees
Curie(TC) (K),gs_magmom_range,0.0030901643213625467,0.0005424120928994218,combined,ExtraTrees
Curie(TC) (K),gs_magmom_max,0.0030838135526354135,0.0014955218223634578,combined,ExtraTrees
Curie(TC) (K),n_p_absdev,0.002676831042583161,0.006756382334074969,combined,ExtraTrees
Curie(TC) (K),n_components,0.0025930258519209826,0.001021588144367331,combined,ExtraTrees
Curie(TC) (K),electronegativity_range,0.0023264504683975745,0.0009306714174464218,combined,ExtraTrees
Curie(TC) (K),x_Ti,0.0020819282986767273,0.0002760010333944995,combined,ExtraTrees
Curie(TC) (K),electron_affinity_min,0.0019089633758446005,0.000966642382715687,combined,ExtraTrees
Coercivity (Oe),x_Sm,0.14002679328770043,0.027322767905980896,fractions,ExtraTrees
Coercivity (Oe),x_Nd,0.13286121591955907,0.0257892502418932,fractions,ExtraTrees
Coercivity (Oe),x_P,0.11509514575241947,0.013391689111147647,fractions,ExtraTrees
Coercivity (Oe),x_B,0.10660345011056611,0.011587351695428154,fractions,ExtraTrees
Coercivity (Oe),x_Fe,0.0943904957839892,0.01189123493461337,fractions,ExtraTrees
Coercivity (Oe),x_Zn,0.06592161133531389,0.01628832336843762,fractions,ExtraTrees
Coercivity (Oe),x_Mn,0.03656194252430549,0.005587426017249578,fractions,ExtraTrees
Coercivity (Oe),VEC,0.032630182002762693,0.005564352230164323,fractions,ExtraTrees
Coercivity (Oe),x_Co,0.02882401943869856,0.009424187439706485,fractions,ExtraTrees
Coercivity (Oe),x_Si,0.02259514456884148,0.007084412694734084,fractions,ExtraTrees
Coercivity (Oe),x_O,0.0211515414823599,0.0034585121553370552,fractions,ExtraTrees
Coercivity (Oe),x_Sr,0.014147991203512726,0.004733153129450089,fractions,ExtraTrees
Coercivity (Oe),x_Pr,0.013238261016007032,0.005284542177750917,fractions,ExtraTrees
Coercivity (Oe),x_Zr,0.010145787619860794,0.0031592789610306055,fractions,ExtraTrees
Coercivity (Oe),x_Al,0.009589233730616754,0.0038700477409029377,fractions,ExtraTrees
Coercivity (Oe),x_Bi,0.009205496324845441,0.0012276105920670131,fractions,ExtraTrees
Coercivity (Oe),rho_theoretical (g/cm^3),0.007053455163513078,0.003820741222410131,fractions,ExtraTrees
Coercivity (Oe),x_Cu,0.005950178556572465,0.0034788767625261756,fractions,ExtraTrees
Coercivity (Oe),x_Ga,0.0032160017203952894,0.0030490065914529417,fractions,ExtraTrees
Coercivity (Oe),x_Ti,0.002923485518290958,0.001169845990755366,fractions,ExtraTrees
