target,nominal,empirical,halfwidth,tree_coverage_at_2sd
Curie(TC) (K),0.5,0.5335195530726257,73.69367371587191,0.9162011173184358
Curie(TC) (K),0.6,0.5837988826815642,96.15331899951966,0.9162011173184358
Curie(TC) (K),0.7,0.6899441340782123,134.14460887045095,0.9162011173184358
Curie(TC) (K),0.8,0.7849162011173184,176.47652106782095,0.9162011173184358
Curie(TC) (K),0.9,0.8491620111731844,241.7372525999893,0.9162011173184358
Curie(TC) (K),0.95,0.9441340782122905,351.9263646504731,0.9162011173184358
Curie(TC) (K),0.99,0.9692737430167597,540.1004469765683,0.9162011173184358
Coercivity (Oe),0.5,0.4972067039106145,0.4311197880982496,0.8910614525139665
Coercivity (Oe),0.6,0.6508379888268156,0.6244074505317971,0.8910614525139665
Coercivity (Oe),0.7,0.7374301675977654,0.7676220010974516,0.8910614525139665
Coercivity (Oe),0.8,0.835195530726257,1.021906495688694,0.8910614525139665
Coercivity (Oe),0.9,0.9413407821229051,1.5855080953933343,0.8910614525139665
Coercivity (Oe),0.95,0.9720670391061452,1.9546679389977402,0.8910614525139665
Coercivity (Oe),0.99,0.9832402234636871,2.8550463567028412,0.8910614525139665
