Fe,Co,Ni,Mn,Al,Si,VEC,predicted_Tc_K,Tc_lower_K,Tc_upper_K,predicted_Hc_Oe,Hc_lower_Oe,Hc_upper_Oe,L1_to_nearest_training,novelty,point_pass,interval_pass,supported_recipe,recipe_score
0.634,0.31,0.047,0.009,0.0,0.0,8.395,1060.333916666668,780.1344516921243,1340.5333816412117,10.624005240059695,0.6739827765481298,167.46642684088786,0.0779999999999998,near-extrapolation,True,False,False,0.2153248817664567
0.659,0.288,0.033,0.02,0.0,0.0,8.334,1042.6539166666687,762.454451692125,1322.8533816412123,20.43871936803286,1.2966244384756556,322.1759801907704,0.0559999999999998,interpolation,True,False,False,0.1522269739899175
0.616,0.301,0.067,0.016,0.0,0.0,8.419,1038.0749722222222,757.8755072476785,1318.274437196766,11.726102858471664,0.7438994224928759,184.838815691881,0.1039999999999999,near-extrapolation,True,False,False,0.1358852424135831
0.656,0.245,0.089,0.01,0.0,0.0,8.413,1033.9809537037042,753.7814887291605,1314.180418678248,8.681263591428687,0.5507359990029919,136.84294776498882,0.0939999999999999,near-extrapolation,True,False,False,0.1212741562757496
0.7307307307307307,0.2352352352352352,0.03003003003003,0.004004004004004,0.0,0.0,8.29129129129129,1028.4657648148154,748.2662998402717,1308.6652297893593,53.37315642306466,3.385972366006913,841.3222314393545,0.1334694694694695,near-extrapolation,True,False,False,0.1015910748344989
0.526,0.402,0.011,0.061,0.0,0.0,8.363,1026.4546457912463,746.2551808167028,1306.6541107657904,45.51531954842711,2.887474238910664,717.4589770113363,0.1439999999999999,near-extrapolation,True,False,False,0.0944136199319651
0.651,0.328,0.018,0.002,0.001,0.0,8.357,1022.0599666666678,741.8605016921241,1302.2594316412114,37.647949096341286,2.388371305354532,593.4454445935947,0.0419999999999999,interpolation,True,False,False,0.0787295103103497
0.2802802802802803,0.6336336336336336,0.009009009009009,0.036036036036036,0.041041041041041,0.0,8.410410410410408,1020.774905050505,740.5754400759613,1300.9743700250488,48.55787087168576,3.0804925161332504,765.418780030341,0.1721721721721721,near-extrapolation,True,False,False,0.0741432716596815
0.658,0.31,0.03,0.001,0.001,0.0,8.364,1013.181316666668,732.9818516921243,1293.3807816412118,18.108043671616414,1.1487672752298312,285.43748823935186,0.0639999999999998,near-extrapolation,True,False,False,0.0470426189709734
0.223,0.643,0.086,0.028,0.02,0.0,8.687,1011.605194276094,731.4057293015502,1291.8046592506375,67.01282233202578,4.2512674870830045,1056.3245833267824,0.2679999999999999,near-extrapolation,True,False,False,0.0414176175430894
0.135,0.722,0.08,0.042,0.009,0.012,8.747,1011.2644407407402,731.0649757661964,1291.463905715284,44.58732655105134,2.828602722674004,702.8310031076811,0.3014285714285712,near-extrapolation,True,False,False,0.0402015069577793
0.302,0.564,0.066,0.004,0.064,0.0,8.371999999999998,1011.0088824915824,730.8094175170387,1291.2083474661265,27.43326948915847,1.7403559883779038,432.431226651645,0.268,near-extrapolation,True,False,False,0.0392894486525254
0.5295295295295296,0.3403403403403404,0.067067067067067,0.063063063063063,0.0,0.0,8.411411411411413,1009.4646754208748,729.2652104463311,1289.6641403954186,31.81126843446837,2.01809454537321,501.4417197300639,0.2602602602602601,near-extrapolation,True,False,False,0.0337783493688495
0.678,0.297,0.02,0.003,0.002,0.0,8.324,1010.4755462962976,730.276081321754,1290.6750112708414,91.49097907144689,5.804152267467643,1442.1743031052536,0.064,near-extrapolation,True,False,False,0.0322482062291691
0.2372372372372372,0.6556556556556556,0.073073073073073,0.01001001001001,0.015015015015015,0.009009009009009,8.68068068068068,1008.714686531986,728.5152215574423,1288.9141515065298,48.46835488251022,3.0748136564596416,764.007737536138,0.2142142142142141,near-extrapolation,True,False,False,0.0311017243832986
