split,seed,target,selected_feature_set,selected_model,inner_r2,n_train,n_test,r2,mae,rmse,baseline_r2,baseline_mae,conformal_halfwidth,conformal_coverage,test_target_sd
v2_reference_split,42,Curie(TC) (K),combined,ExtraTrees,0.7529280831931378,1355,358,0.3268800441004612,120.0628430287128,203.92260642690496,-0.0001550660834115,197.6478773011194,241.7372525999893,0.8491620111731844,248.90094504180217
v2_reference_split,42,Coercivity (Oe),combined,ExtraTrees,0.5119675503685386,1355,358,0.6484973735743312,0.5966038167612839,0.8488991630156453,-0.002431274027848,1.105620600454812,1.456715174385068,0.9245810055865922,1.4338351522263113
repeat_00,0,Curie(TC) (K),fractions,XGB,0.4101902995513689,1353,360,0.612048386764861,125.47648937649198,171.72042455195822,-0.0071709489517424,219.19707594235035,345.0132149888304,0.9472222222222222,276.0814317658577
repeat_00,0,Coercivity (Oe),fractions,RF,0.4607521405808444,1353,360,0.6374809284324694,0.5627643126535369,0.7610419572890358,-0.0342705685403093,1.0378345829601303,1.438441790685016,0.9388888888888888,1.2657478467231378
repeat_01,1,Curie(TC) (K),physics,ExtraTrees,0.5945575923458929,1338,375,0.6387125392866604,90.85490379698996,155.1339678177102,-0.0037619689052783,201.1983447533632,292.2166144444428,0.9253333333333332,258.4403311747217
repeat_01,1,Coercivity (Oe),combined,ExtraTrees,0.5399762885417907,1338,375,0.6932286725379,0.5249245675506736,0.7534913027691016,-0.0413095404858598,1.1288961259029286,1.5293111474108452,0.952,1.3622307947073278
repeat_02,2,Curie(TC) (K),fractions,ExtraTrees,0.5845453404168355,1343,370,0.6466870639946168,115.6186974785592,181.11729429592748,-0.0213903959685251,263.9154170775392,257.848851410935,0.9054054054054054,305.1180015808181
repeat_02,2,Coercivity (Oe),fractions,ExtraTrees,0.572480094479306,1343,370,0.609266214634657,0.5298006266954893,0.7385466668906401,-0.0046809238280338,0.9245848245311006,1.4334952762362712,0.9351351351351352,1.1831100378586759
repeat_03,3,Curie(TC) (K),physics,RF,0.5623720149560325,1368,345,0.637991438975791,117.2043100643287,184.24773070233573,-0.000324270405315,253.86307714636828,262.693920630696,0.8840579710144928,306.67124282414113
repeat_03,3,Coercivity (Oe),fractions,RF,0.5089650652740833,1368,345,0.4254391170936792,0.6797666777865007,0.9425241477850352,-0.0055374520072437,0.9857720368702356,1.463451163365251,0.8840579710144928,1.2452449365521134
repeat_04,4,Curie(TC) (K),combined,ExtraTrees,0.7158512154017717,1361,352,0.615154988013838,119.2875429710743,174.4642648564285,-0.0055665039257892,231.5721786078084,264.06937540864203,0.9119318181818182,281.6315642115584
repeat_04,4,Coercivity (Oe),physics,ExtraTrees,0.5788454994201269,1361,352,0.4855295503433163,0.6328914825907628,0.8974376682323226,-0.0009493563938798,1.0017910137893624,1.4639458127184446,0.8977272727272727,1.2529733977099842
repeat_05,5,Curie(TC) (K),combined,ExtraTrees,0.5346388441928955,1365,348,0.702217796981774,95.77497865472768,144.2017456612603,-0.0086765780920532,221.2588445749652,321.44194904973574,0.9540229885057472,264.634238773411
repeat_05,5,Coercivity (Oe),fractions,ExtraTrees,0.5483087945829159,1365,348,0.6613916880863777,0.5368601641288481,0.7664325542514703,-0.0134419344706928,1.0472181354474746,1.5872466406972388,0.9511494252873564,1.3190158685132647
repeat_06,6,Curie(TC) (K),combined,ExtraTrees,0.7345924351328642,1406,307,0.6906610775930037,96.37326303741298,151.62625082529505,-0.0051927920079513,221.13405127397243,206.63459343434351,0.8566775244299675,273.06471625322735
repeat_06,6,Coercivity (Oe),fractions,ExtraTrees,0.6192612831152754,1406,307,0.6001024632630649,0.5545486246766469,0.843405203074743,-0.0014998888022477,1.041516055462276,1.3688045756460774,0.8957654723127035,1.335889037254419
repeat_07,7,Curie(TC) (K),fractions,ExtraTrees,0.7092480285609624,1395,318,0.5569756842280353,114.717250164843,188.14739096166377,-0.011030026751992,229.3178111178738,278.46558675136407,0.8553459119496856,283.1185643988827
repeat_07,7,Coercivity (Oe),combined,ExtraTrees,0.7154299602063223,1395,318,0.587647581398645,0.5666784357928127,0.834528632645733,-0.0046947002818402,1.015898743303466,1.2901653132010742,0.8962264150943396,1.3016400343885812
repeat_08,8,Curie(TC) (K),fractions,XGB,0.495039112060711,1370,343,0.508765680678213,135.76215785390784,193.0774548396368,-0.0006689744026306,214.89535787704023,356.1403364144696,0.924198250728863,275.88063822993763
repeat_08,8,Coercivity (Oe),combined,ExtraTrees,0.6160832085542565,1370,343,0.5076895574420341,0.6552547938769474,0.9260440603055332,-0.0028233370551431,1.0819683953353003,1.4243992648573516,0.8688046647230321,1.321740305140237
repeat_09,9,Curie(TC) (K),combined,ExtraTrees,0.7190060698880617,1390,323,0.4847889219349129,114.2642763436144,199.7859088353265,-0.0014305127813918,225.8708140187541,260.9388995662949,0.9009287925696594,278.7697095555861
repeat_09,9,Coercivity (Oe),physics,RF,0.4535869452099821,1390,323,0.5845451933398991,0.6236629765290983,0.8419908831740529,-0.0050116844424139,1.028077416119994,1.3024720747728311,0.8637770897832817,1.308334580797352
repeat_10,10,Curie(TC) (K),combined,ExtraTrees,0.6759502565241498,1367,346,0.6996747705844126,101.8808954362494,156.15685651210444,-0.0050765898299778,234.49708160141404,325.0530505172389,0.9393063583815028,285.3603644760965
repeat_10,10,Coercivity (Oe),fractions,XGB,0.4658357054116014,1367,346,0.6197804166352341,0.6221804127209366,0.8309896932254075,-1.7856802345672662e-05,1.05385523454467,1.536711112862042,0.9393063583815028,1.3496056829064704
repeat_11,11,Curie(TC) (K),combined,XGB,0.694754208296068,1380,333,0.6408092598796948,107.88750163928884,166.66585903466776,-0.0012689276080972,219.34681498890197,296.3918824066987,0.933933933933934,278.50766613709374
repeat_11,11,Coercivity (Oe),physics,RF,0.6382494107579371,1380,333,0.6535746472043737,0.6125483950685295,0.8456744698219336,-0.0002149084933782,1.1202028759722846,1.376144886306842,0.8888888888888888,1.4389690755902107
repeat_12,12,Curie(TC) (K),combined,ExtraTrees,0.6466872479822521,1401,312,0.7378910989618281,101.5174573875762,158.69665818439728,-0.0098412158406835,257.5230685499369,255.39518888888995,0.8942307692307693,310.47311518468337
repeat_12,12,Coercivity (Oe),fractions,ExtraTrees,0.5849104037619755,1401,312,0.6799054379774925,0.5263412190198091,0.7540194444814672,-0.0058313895144723,1.059639696605793,1.436417591831146,0.935897435897436,1.3348746939085585
repeat_13,13,Curie(TC) (K),fractions,XGB,0.462937448708313,1363,350,0.6155187019994581,124.9747293042864,166.3193394573494,-8.002683571373126e-07,219.54502071061737,333.05448331639843,0.9428571428571428,268.6126431871571
repeat_13,13,Coercivity (Oe),physics,ExtraTrees,0.6632500384783186,1363,350,0.6277883878512491,0.5301607993438199,0.7402309467008785,-0.0006374448292922,0.9389609567222448,1.5015484140603297,0.9428571428571428,1.2150484263703465
repeat_14,14,Curie(TC) (K),combined,RF,0.5636589789826512,1366,347,0.5318463107091695,142.2129888633414,216.1790704117433,-0.0008059937810847,265.9025732591845,292.03672788815805,0.8876080691642652,316.4070181433733
repeat_14,14,Coercivity (Oe),fractions,ExtraTrees,0.4241464224116392,1366,347,0.5179192177995016,0.6492967560467301,0.911757509979699,-0.0023062913118907,1.0062036519530897,1.809658304639919,0.9654178674351584,1.3150616945359872
repeat_15,15,Curie(TC) (K),combined,XGB,0.5344580190402208,1298,415,0.4972994268716808,121.9473291006433,201.0248749586588,-0.0006380438748603,227.71730514043853,276.91061031871845,0.9012048192771084,283.86966697115
repeat_15,15,Coercivity (Oe),fractions,ExtraTrees,0.6031754449678047,1298,415,0.5550269292264353,0.59195145957331,0.8641444965085362,-0.0258037696302635,1.064852357547101,1.324233108186957,0.9036144578313252,1.2970101710070767
repeat_16,16,Curie(TC) (K),combined,RF,0.5863689679683586,1375,338,0.6504433246794832,103.3235096889947,164.28674457184889,-0.0017263118056953,224.9533288649812,265.98047582740423,0.9142011834319528,278.283286437641
repeat_16,16,Coercivity (Oe),fractions,ExtraTrees,0.5442005161176575,1375,338,0.6184392802076768,0.6018783116588116,0.87463385534455,-0.0011947083638241,1.1442151086701702,1.3160849710689626,0.8964497041420119,1.4180379509402372
repeat_17,17,Curie(TC) (K),combined,ExtraTrees,0.6060255176271236,1354,359,0.4658181091375341,115.12170546552,206.2471391314027,-9.205893002994792e-05,218.27677894446663,343.0446866491491,0.9275766016713092,282.5849729318566
repeat_17,17,Coercivity (Oe),combined,RF,0.4975970107278503,1354,359,0.5463775532661345,0.6671826767281358,0.9528834373569136,-1.878161901536224e-05,1.1368927816985623,1.243464539232116,0.8217270194986073,1.4167663096048029
repeat_18,18,Curie(TC) (K),combined,RF,0.385790829321267,1357,356,0.5738047385701971,113.34499346487708,180.86132703963617,-0.0234356628100205,227.0732052279897,308.2098303742404,0.9185393258426966,277.42923679899343
repeat_18,18,Coercivity (Oe),fractions,ExtraTrees,0.5910177914911985,1357,356,0.6170299630854379,0.544741222663652,0.7944704146287553,-0.0120338102079227,1.010896920666253,1.473217422546193,0.9382022471910112,1.285600856923994
repeat_19,19,Curie(TC) (K),combined,ExtraTrees,0.7012392955153943,1374,339,0.5185079936520287,121.50908939745342,196.12725242519832,-0.070099391286432,239.3095418067525,259.63545985663177,0.8761061946902655,283.064171483972
repeat_19,19,Coercivity (Oe),fractions,ExtraTrees,0.7381707887225918,1374,339,0.5493809168406818,0.596983570517319,0.8258315743438774,-0.057784115321493,0.9405746381093384,1.1565180312596326,0.8466076696165191,1.2320496014364744
