Fe,Co,Ni,Mn,Al,Si,VEC,predicted_Tc_K,Tc_lower_K,predicted_Hc_Oe,Hc_upper_Oe,L1_to_nearest_training,novelty
0.3433433433433433,0.3483483483483482,0.017017017017017,0.1631631631631631,0.1281281281281281,0.0,7.578578578578578,927.0600350168344,646.8605700422908,3.831377926895013,60.39409401595427,0.0603603603603604,interpolation
0.3073073073073073,0.3653653653653654,0.1741741741741742,0.0,0.051051051051051,0.1021021021021021,8.05005005005005,925.6742996632984,645.4748346887548,3.331023962207254,52.50700353279298,0.2349349349349348,near-extrapolation
0.3293293293293294,0.4074074074074074,0.1201201201201201,0.007007007007007,0.065065065065065,0.071071071071071,8.031031031031032,921.03421077441,640.8347457998663,3.731140293179969,58.81404600449928,0.3288288288288287,near-extrapolation
0.416,0.367,0.062,0.021,0.076,0.058,7.858,920.540403535352,640.3409385608084,4.00441425295651,63.121669406253226,0.3766666666666666,near-extrapolation
0.4294294294294294,0.3473473473473473,0.079079079079079,0.016016016016016,0.08008008008008,0.048048048048048,7.896896896896896,919.4702368686854,639.2707718941417,4.2184693160217,66.4958240446151,0.3624124124124124,near-extrapolation
0.383,0.364,0.13,0.012,0.066,0.045,8.102,919.352618350167,639.1531533756232,3.5369843231131552,55.75356120406699,0.2679999999999999,near-extrapolation
0.3563563563563564,0.4134134134134134,0.1001001001001001,0.001001001001001,0.057057057057057,0.072072072072072,8.039039039039041,918.9974811447804,638.7980161702367,3.577210818483646,56.38765232994728,0.3288288288288286,near-extrapolation
0.3903903903903904,0.3863863863863864,0.049049049049049,0.005005005005005,0.065065065065065,0.1041041041041041,7.737737737737738,916.8272572390558,636.6277922645121,3.9970552392833536,63.00566911285448,0.3217717717717717,near-extrapolation
0.3606393606393606,0.3446553446553446,0.1478521478521478,0.0219780219780219,0.0809190809190809,0.0439560439560439,8.037962037962037,916.5761924242408,636.3767274496971,3.122159133669085,49.21466267473958,0.2617715617715618,near-extrapolation
0.43,0.369,0.064,0.003,0.055,0.079,7.903,916.611962794611,636.4124978200673,4.510478422167831,71.09876996814509,0.3539999999999998,near-extrapolation
0.3933933933933933,0.3463463463463462,0.1351351351351351,0.01001001001001,0.053053053053053,0.062062062062062,8.093093093093092,914.6788664983148,634.4794015237711,3.7531217666864936,59.16054045189985,0.2494994994994992,near-extrapolation
0.378,0.36,0.085,0.073,0.058,0.046,7.983,912.124033164982,631.9245681904383,4.340070066883354,68.41261933865202,0.338,near-extrapolation
0.3909999999999999,0.3939999999999999,0.0409999999999999,0.0439999999999999,0.0699999999999999,0.0599999999999999,7.841999999999999,915.320288552188,635.1208235776442,4.640880583314677,73.15430208490723,0.3719999999999999,near-extrapolation
0.3572854291417165,0.3902195608782435,0.1477045908183632,0.0019960079840319,0.0568862275449101,0.0459081836327345,8.21556886227545,917.744484848484,637.5450198739403,4.655669355418215,73.38741782285936,0.2844311377245507,near-extrapolation
0.356,0.373,0.15,0.002,0.069,0.05,8.126,911.0650441077432,630.8655791331994,3.1323988423988105,49.37607142728731,0.2546666666666667,near-extrapolation
0.354,0.4000000000000001,0.078,0.009,0.088,0.071,7.823000000000001,909.7074292929289,629.5079643183851,3.158685191785747,49.790423727295845,0.3606666666666668,near-extrapolation
0.387,0.374,0.025,0.046,0.087,0.081,7.619000000000001,906.7220590909076,626.5225941163638,4.020462185820721,63.3746333228012,0.3340000000000001,near-extrapolation
0.3499999999999999,0.4399999999999999,0.0699999999999999,0.0149999999999999,0.0539999999999999,0.0709999999999999,8.011,927.7161255892248,647.5166606146812,4.889803645232275,77.07808175139758,0.4099999999999999,near-extrapolation
0.46,0.259,0.161,0.003,0.083,0.034,8.027,905.5828146464628,625.3833496719191,4.838574754555092,76.27055962778444,0.2266666666666667,near-extrapolation
0.332,0.37,0.037,0.128,0.123,0.01,7.661,911.996238720538,631.7967737459944,4.959909702729221,78.18316506824745,0.1339999999999999,near-extrapolation
0.2592592592592593,0.4784784784784785,0.071071071071071,0.016016016016016,0.0810810810810811,0.0940940940940941,7.822822822822824,922.360568350168,642.1611033756243,4.98487530176742,78.57669835163706,0.3548548548548549,near-extrapolation
0.4474474474474474,0.2982982982982982,0.1391391391391391,0.008008008008008,0.065065065065065,0.042042042042042,8.075075075075073,904.672988720537,624.4735237459932,4.116298527259573,64.88530366789394,0.2575075075075073,near-extrapolation
0.3206793206793207,0.4145854145854146,0.0739260739260739,0.0659340659340659,0.0779220779220779,0.0469530469530469,7.91908091908092,921.9516498316492,641.7521848571054,4.987261099255701,78.61430572959861,0.3709290709290709,near-extrapolation
0.3789999999999999,0.4109999999999998,0.0369999999999999,0.0189999999999999,0.0569999999999999,0.0969999999999999,7.792999999999997,904.3701902356896,624.1707252611458,3.992716638809153,62.93727965873739,0.3679999999999996,near-extrapolation
0.4324324324324324,0.3253253253253253,0.097097097097097,0.032032032032032,0.048048048048048,0.065065065065065,7.986986986986986,903.9213627946112,623.7218978200675,5.0077335878368245,78.93701401463356,0.3295795795795794,near-extrapolation
0.3183183183183183,0.4024024024024025,0.0870870870870871,0.002002002002002,0.0840840840840841,0.1061061061061061,7.729729729729732,903.1609333333328,622.9614683587889,3.771458617825465,59.44958463724884,0.3558558558558559,near-extrapolation
0.422,0.328,0.104,0.024,0.068,0.054,7.956,902.8234368686852,622.6239718941414,3.7796848433997647,59.57925481080266,0.3006666666666667,near-extrapolation
0.3626373626373625,0.3926073926073926,0.0519480519480519,0.0329670329670329,0.0599400599400599,0.0999000999000998,7.764235764235764,902.6067757575752,622.4073107830314,3.08912207006377,48.69389871893548,0.3511488511488511,near-extrapolation
0.3603603603603603,0.4064064064064064,0.048048048048048,0.028028028028028,0.053053053053053,0.104104104104104,7.792792792792792,902.4354535353528,622.235988560809,4.884497030170341,76.99443346217318,0.377077077077077,near-extrapolation
0.3213213213213213,0.4124124124124124,0.079079079079079,0.049049049049049,0.092092092092092,0.046046046046046,7.876876876876877,916.3254942760934,636.1260293015497,5.172261945754669,81.53047811709905,0.375075075075075,near-extrapolation
0.276,0.45,0.086,0.021,0.1,0.067,7.832999999999999,911.07729057239,630.8778255978463,5.183006987273759,81.69985244145214,0.3999999999999999,near-extrapolation
0.3933933933933933,0.3773773773773773,0.056056056056056,0.012012012012012,0.046046046046046,0.1151151151151151,7.786786786786786,907.1559127946113,626.9564478200675,5.188920949196785,81.79307435252463,0.3457957957957955,near-extrapolation
0.365,0.366,0.044,0.066,0.139,0.02,7.612999999999999,905.0549276094272,624.8554626348833,5.198351948501973,81.94173540073486,0.1899999999999999,near-extrapolation
0.413,0.321,0.058,0.04,0.069,0.099,7.656000000000001,899.650825757574,619.4513607830303,3.391623283413452,53.46223195767354,0.3026666666666667,near-extrapolation
0.3046953046953046,0.4085914085914085,0.0939060939060938,0.0289710289710289,0.0519480519480519,0.1118881118881118,7.860139860139858,898.3591090909083,618.1596441163646,4.707608819232891,74.20614072637203,0.3989010989010988,near-extrapolation
0.35,0.41,0.013,0.097,0.072,0.058,7.747,916.4474868686862,636.2480218941424,5.3142842188510935,83.76917831253921,0.262,near-extrapolation
0.3513513513513513,0.3373373373373373,0.1481481481481481,0.015015015015015,0.057057057057057,0.091091091091091,7.968968968968969,898.1843999999983,617.9849350254545,2.260063765497973,35.62543454076659,0.2047047047047046,near-extrapolation
0.3859999999999999,0.3789999999999999,0.0449999999999999,0.0419999999999999,0.0439999999999999,0.1039999999999999,7.790999999999998,906.3917090909076,626.1922441163639,5.322768770399379,83.902920484068,0.3719999999999996,near-extrapolation
0.289,0.44,0.039,0.032,0.106,0.094,7.58,903.1264222222218,622.926957247678,5.358773413951254,84.47046246744134,0.408,near-extrapolation
0.41,0.319,0.108,0.01,0.074,0.079,7.839000000000001,897.324536868685,617.1250718941412,2.549498642673349,40.18780283675766,0.2426666666666667,near-extrapolation
0.402,0.332,0.124,0.018,0.039,0.085,8.027000000000001,897.0552516834997,616.855786708956,4.672318273900953,73.64985508884982,0.2539999999999999,near-extrapolation
0.425,0.324,0.099,0.039,0.043,0.07,7.988,896.8608183501667,616.661353375623,5.259126947828986,82.89973304367422,0.3259999999999999,near-extrapolation
0.3266733266733267,0.3436563436563437,0.0109890109890109,0.1928071928071928,0.1258741258741259,0.0,7.543456543456544,896.700299663299,616.5008346887553,4.938537599322165,77.84627613504567,0.1075924075924075,near-extrapolation
0.3856143856143856,0.3506493506493506,0.1048951048951048,0.0589410589410589,0.0379620379620379,0.0619380619380619,8.063936063936064,896.6161776094259,616.4167126348822,5.30807327504366,83.6712750695308,0.3404095904095903,near-extrapolation
0.3133133133133133,0.3923923923923924,0.074074074074074,0.075075075075075,0.1001001001001001,0.045045045045045,7.784784784784785,896.3932979797971,616.1938330052534,4.789814282081628,75.5019472342764,0.323023023023023,near-extrapolation
0.388,0.329,0.085,0.06,0.087,0.051,7.8,896.2903757575742,616.0909107830305,3.5981964905519352,56.71844993750862,0.3446666666666667,near-extrapolation
0.4369999999999999,0.3379999999999999,0.0469999999999999,0.0249999999999999,0.0579999999999999,0.0949999999999999,7.736999999999998,896.0977924242407,615.8983274496969,4.771567133209274,75.21431702771696,0.3499999999999997,near-extrapolation
0.364,0.356,0.05,0.122,0.028,0.08,7.874,895.7199961279446,615.5205311534008,5.432586464510663,85.63397919697,0.3,near-extrapolation
0.357,0.3,0.198,0.015,0.086,0.044,8.075000000000001,895.6828222222201,615.4833572476764,2.802959383426342,44.18311003392448,0.1686666666666667,near-extrapolation
0.475,0.288,0.113,0.001,0.061,0.062,7.959999999999999,895.3531924242402,615.1537274496965,3.950708174027194,62.27509931007012,0.2779999999999998,near-extrapolation
0.494,0.269,0.08,0.001,0.065,0.091,7.738999999999999,894.6751035353516,614.4756385608079,3.661284928433026,57.71291436294791,0.2779999999999999,near-extrapolation
0.444,0.352,0.058,0.014,0.082,0.05,7.843999999999999,922.575903535352,642.3764385608082,5.508183188956581,86.82561201696308,0.4006666666666666,near-extrapolation
0.3146853146853146,0.3616383616383616,0.0559440559440559,0.1288711288711288,0.1208791208791208,0.0179820179820179,7.668331668331667,893.4382498316494,613.2387848571057,5.1866714784045564,81.75761589525305,0.1711288711288711,near-extrapolation
0.3509999999999999,0.3399999999999999,0.1639999999999999,0.0189999999999999,0.0259999999999999,0.0999999999999999,8.118999999999998,904.749442592591,624.5499776180473,5.57438107904217,87.8690908054748,0.2179999999999999,near-extrapolation
0.313,0.416,0.067,0.077,0.077,0.05,7.887999999999999,917.963612794612,637.7641478200683,5.576684786174743,87.90540419136478,0.366,near-extrapolation
0.353,0.423,0.035,0.07,0.07,0.049,7.877,923.9379942760936,643.73852930155,5.579258780329686,87.94597811749689,0.32,near-extrapolation
0.3006012024048096,0.4128256513026051,0.0661322645290581,0.0230460921843687,0.0671342685370741,0.1302605210420841,7.665330661322645,897.0279518518512,616.8284868773075,5.587993180138464,88.08365865261756,0.4138276553106212,near-extrapolation
0.3419999999999999,0.3849999999999999,0.0179999999999999,0.0289999999999999,0.1709999999999999,0.0549999999999999,7.316999999999998,893.071892592592,612.8724276180483,5.167844226464893,81.46084151136252,0.2579999999999999,near-extrapolation
0.3553553553553553,0.3403403403403403,0.1071071071071071,0.029029029029029,0.1191191191191191,0.049049049049049,7.7337337337337315,892.9599590909073,612.7604941163636,3.3924769287855887,53.47568798833531,0.3230230230230229,near-extrapolation
0.4124124124124124,0.3183183183183183,0.087087087087087,0.079079079079079,0.054054054054054,0.049049049049049,7.946946946946946,892.946166498315,612.7467015237713,5.2132449915818455,82.17649476436635,0.3696196196196194,near-extrapolation
0.365,0.331,0.101,0.01,0.141,0.052,7.61,892.9422740740721,612.7428090995284,3.544621706296791,55.87394944214461,0.3306666666666667,near-extrapolation
0.356,0.352,0.061,0.006,0.068,0.157,7.5,892.622027777776,612.4225628032323,5.626067576030724,88.68382618737736,0.3326666666666667,near-extrapolation
0.305,0.376,0.079,0.007,0.19,0.043,7.405,902.830392592592,622.6309276180484,5.6344917129921095,88.81661604245217,0.368,near-extrapolation
0.4008016032064128,0.314629258517034,0.1242484969939879,0.002004008016032,0.1102204408817635,0.0480961923847695,7.817635270541082,891.9935868686849,611.7941218941412,3.5537747744505626,56.01822945553948,0.2719772879091516,near-extrapolation
0.3353353353353353,0.3623623623623623,0.025025025025025,0.1331331331331331,0.1201201201201201,0.024024024024024,7.582582582582582,891.611905387205,611.4124404126612,5.193226374484811,81.86094086545678,0.1228228228228227,near-extrapolation
0.447,0.28,0.129,0.008,0.094,0.042,7.892,891.5965646464626,611.3970996719189,3.919821952521903,61.78823912530629,0.2746666666666667,near-extrapolation
0.4705294705294705,0.2687312687312688,0.0879120879120879,0.0249750249750249,0.0779220779220779,0.0699300699300699,7.750249750249751,891.5781146464627,611.378649671919,3.866172686325869,60.94256456947984,0.300982350982351,near-extrapolation
0.4519999999999999,0.2549999999999999,0.1849999999999999,0.0029999999999999,0.0429999999999999,0.0619999999999999,8.158999999999999,891.5698183501663,611.3703533756226,3.641177578042555,57.39596175919418,0.1699999999999998,near-extrapolation
0.424,0.319,0.081,0.065,0.049,0.062,7.923000000000001,891.5659072390556,611.3664422645119,4.352958572709809,68.6157811377385,0.3659999999999999,near-extrapolation
0.3999999999999999,0.2759999999999999,0.1899999999999999,0.0199999999999999,0.0659999999999999,0.0479999999999999,8.113999999999997,891.4332961279439,611.2338311534002,2.6246214771964205,41.3719657195376,0.1419999999999998,near-extrapolation
0.2822822822822822,0.3983983983983984,0.1711711711711711,0.036036036036036,0.067067067067067,0.045045045045045,8.18918918918919,909.929738720538,629.7302737459943,5.68917374722659,89.67857014344511,0.3696696696696697,near-extrapolation
0.4675324675324676,0.2537462537462537,0.1668331668331668,0.0009990009990009,0.0849150849150849,0.0259740259740259,8.057942057942059,906.6574516834996,626.457986708956,5.717435824916132,90.12406589187724,0.2310522810522811,near-extrapolation
0.287,0.374,0.182,0.001,0.091,0.065,8.022,890.753635016834,610.5541700422903,3.489434474412598,55.00403189955559,0.2986666666666667,near-extrapolation
0.3606393606393606,0.3656343656343656,0.0329670329670329,0.1408591408591408,0.0489510489510489,0.0509490509490509,7.842157842157841,890.6041087542078,610.4046437796641,4.607828059239576,72.63329442537994,0.2203796203796203,near-extrapolation
0.3436563436563437,0.3726273726273726,0.0109890109890109,0.1188811188811189,0.0889110889110889,0.0649350649350649,7.571428571428571,890.4944276094271,610.2949626348834,3.935962736925549,62.04266666270014,0.197102897102897,near-extrapolation
0.4674674674674674,0.3023023023023022,0.1051051051051051,0.009009009009009,0.048048048048048,0.068068068068068,7.99099099099099,896.5068627946106,616.3073978200669,5.740746879047482,90.49151854773169,0.3075575575575573,near-extrapolation
0.2997002997002997,0.3666333666333666,0.0669330669330669,0.1188811188811189,0.1418581418581418,0.0059940059940059,7.648351648351649,900.8365350168344,620.6370700422907,5.749241598641216,90.62542099838312,0.1791208791208791,near-extrapolation
0.375,0.311,0.127,0.054,0.108,0.025,7.870999999999999,890.1750202020182,609.9755552274745,5.555682600949967,87.57434628655675,0.3126666666666667,near-extrapolation
0.355,0.396,0.014,0.032,0.161,0.042,7.419,907.6380831649826,627.4386181904389,5.7616232608104205,90.82059340982067,0.236,near-extrapolation
0.4695304695304695,0.3446553446553446,0.0639360639360639,0.0009990009990009,0.0719280719280719,0.0489510489510489,7.916083916083916,915.9844183501668,635.784953375623,5.762414193129566,90.83306089325724,0.3716283716283716,near-extrapolation
0.362,0.32,0.143,0.018,0.102,0.055,7.858,889.8171888888868,609.6177239143431,2.799200917854889,44.12386525896122,0.2466666666666667,near-extrapolation
0.3856143856143856,0.3506493506493506,0.1318681318681318,0.0379620379620379,0.0369630369630369,0.0569430569430569,8.163836163836164,899.6311553872038,619.43169041266,5.779378588786414,91.10047103283956,0.2984515484515483,near-extrapolation
0.292,0.497,0.07,0.005,0.061,0.075,8.027,939.840982491582,659.6415175170383,5.781024053967863,91.12640853646477,0.356,near-extrapolation
0.3849999999999999,0.2979999999999999,0.1969999999999999,0.0229999999999999,0.0469999999999999,0.0499999999999999,8.233999999999996,889.524310942759,609.3248459682153,3.881774168721033,61.18849107752477,0.1619999999999997,near-extrapolation
0.3840000000000001,0.324,0.08,0.07,0.083,0.059,7.763000000000002,889.2587090909074,609.0592441163636,3.2977489359558603,51.982488566596814,0.3386666666666668,near-extrapolation
0.362,0.332,0.03,0.158,0.109,0.009,7.653,889.239999663298,609.0405346887543,5.55433367777695,87.55308318109287,0.1179999999999999,near-extrapolation
0.3886113886113885,0.3316683316683316,0.0939060939060938,0.0709290709290709,0.0629370629370629,0.0519480519480519,7.926073926073926,889.1665961279444,608.9671311534007,3.5123770132298784,55.36567564045861,0.3324175824175823,near-extrapolation
0.3866133866133867,0.3086913086913087,0.0299700299700299,0.1318681318681319,0.1408591408591408,0.0019980019980019,7.524475524475526,889.1137979797962,608.9143330052525,4.811186894136792,75.83884418530938,0.1371628371628371,near-extrapolation
0.4590000000000001,0.284,0.082,0.061,0.076,0.038,7.855000000000001,888.6313294612776,608.4318644867338,5.635398842884804,88.8309151507807,0.3766666666666667,near-extrapolation
0.335,0.361,0.128,0.054,0.06,0.062,8.015,888.0260646464637,607.82659967192,3.5214669178547737,55.508960005767065,0.3299999999999998,near-extrapolation
0.3973973973973974,0.2902902902902902,0.1071071071071071,0.038038038038038,0.1501501501501501,0.017017017017017,7.647647647647646,888.0245720538701,607.8251070793264,5.554253169076853,87.55181412069334,0.3433433433433433,near-extrapolation
0.508,0.258,0.105,0.013,0.059,0.057,7.932,887.965096127944,607.7656311534002,4.353177952280493,68.61923922270687,0.3079999999999999,near-extrapolation
0.396,0.292,0.179,0.035,0.047,0.051,8.176,887.9250220538701,607.7255570793263,4.108083880720795,64.75581601493018,0.1959999999999999,near-extrapolation
0.352,0.362,0.06,0.023,0.068,0.135,7.579,887.9039518518509,607.7044868773072,5.07068955793602,79.92939034753103,0.3426666666666667,near-extrapolation
0.377,0.34,0.019,0.138,0.093,0.033,7.643000000000001,899.784249663298,619.5847846887543,5.88248328545552,92.72571262031371,0.1579999999999999,near-extrapolation
0.4874874874874875,0.2862862862862863,0.072072072072072,0.023023023023023,0.058058058058058,0.073073073073073,7.824824824824824,887.8686479797959,607.6691830052522,5.172436375856854,81.53322766261283,0.3435935935935935,near-extrapolation
0.3379999999999999,0.3789999999999999,0.1029999999999999,0.0389999999999999,0.0589999999999999,0.0819999999999999,7.922999999999998,887.8188757575749,607.6194107830312,3.05075465715792,48.08911235058504,0.3359999999999998,near-extrapolation
0.382,0.3320000000000001,0.034,0.103,0.071,0.078,7.630000000000002,887.7812090909074,607.5817441163637,3.3394891635618165,52.6404406867951,0.288,near-extrapolation
0.413,0.281,0.163,0.005,0.117,0.021,7.933,887.3912313131292,607.1917663385855,5.169303056105015,81.48383707486992,0.2486666666666667,near-extrapolation
0.3986013986013986,0.3576423576423577,0.0699300699300699,0.0779220779220779,0.0439560439560439,0.0519480519480519,7.992007992007993,903.5748739057224,623.3754089311785,5.914545356029781,93.2311077396559,0.3562437562437563,near-extrapolation
0.4214214214214214,0.2932932932932933,0.077077077077077,0.071071071071071,0.0930930930930931,0.044044044044044,7.734734734734735,887.0512757575739,606.8518107830301,4.206339740620968,66.30462528241962,0.3744244244244245,near-extrapolation
0.48,0.301,0.091,0.019,0.048,0.061,7.979999999999999,897.4221664983147,617.222701523771,5.948278569425547,93.76284511982482,0.3499999999999998,near-extrapolation
0.4819639278557114,0.2494989979959919,0.0861723446893787,0.0210420841683366,0.0661322645290581,0.095190380761523,7.689378757515029,886.6769257575734,606.4774607830296,3.4785789656478143,54.83291627759379,0.2560120240480961,near-extrapolation
0.445,0.318,0.025,0.031,0.09,0.091,7.523,886.4797757575736,606.2803107830299,5.408910302748259,85.26077134154598,0.3846666666666667,near-extrapolation
0.454,0.291,0.141,0.015,0.045,0.054,8.116999999999999,886.4350442760923,606.2355793015486,5.128792993417488,80.84527607117239,0.2699999999999999,near-extrapolation
0.423,0.278,0.19,0.005,0.082,0.022,8.155,900.4307961279441,620.2313311534003,5.9799552295412814,94.26216500568412,0.1926666666666667,near-extrapolation
0.3403403403403404,0.3463463463463463,0.1511511511511511,0.044044044044044,0.079079079079079,0.039039039039039,8.053053053053054,886.1281666666657,605.928701692122,4.517575373656663,71.21063936960363,0.3056056056056055,near-extrapolation
0.4164164164164164,0.2762762762762763,0.1721721721721721,0.02002002002002,0.027027027027027,0.088088088088088,8.113113113113114,885.5935405723883,605.3940755978446,4.512768176381948,71.13486341387647,0.1754254254254253,near-extrapolation
0.3626373626373625,0.3436563436563435,0.0349650349650349,0.0749250749250749,0.0679320679320679,0.1158841158841158,7.535464535464535,885.5927090909072,605.3932441163635,4.29982535970535,67.7782411396518,0.326973026973027,near-extrapolation
0.3833833833833834,0.2772772772772773,0.2172172172172172,0.011011011011011,0.06006006006006,0.051051051051051,8.196196196196198,885.5471092592568,605.347644284713,2.15055497205886,33.89924503591257,0.1111111111111111,near-extrapolation
0.35,0.385,0.09,0.012,0.146,0.017,7.754999999999999,909.8591942760936,629.6597293015499,6.024929006296997,94.97108763181576,0.284,near-extrapolation
0.4169999999999998,0.4029999999999999,0.0209999999999999,0.0099999999999999,0.0579999999999999,0.0909999999999999,7.780999999999999,915.0784572390556,634.8789922645119,6.039377759241599,95.19884364033274,0.3600000000000001,near-extrapolation
0.2952952952952953,0.3973973973973974,0.1561561561561561,0.029029029029029,0.084084084084084,0.038038038038038,8.108108108108109,917.1047831649825,636.9053181904387,6.073002050000016,95.72886407058806,0.3876876876876877,near-extrapolation
0.304,0.434,0.095,0.055,0.059,0.053,8.062000000000001,920.761864646464,640.5623996719203,6.099602339156693,96.14816501004977,0.464,near-extrapolation
0.4045954045954045,0.3016983016983016,0.1408591408591408,0.0229770229770229,0.1058941058941058,0.0239760239760239,7.9350649350649345,893.5332313131292,613.3337663385855,6.103873913970691,96.21549793721984,0.2869963369963369,near-extrapolation
0.3913913913913914,0.3253253253253254,0.05005005005005,0.1021021021021021,0.062062062062062,0.069069069069069,7.736736736736738,883.7857257575741,603.5862607830304,4.571863579835592,72.06638555034777,0.321021021021021,near-extrapolation
0.479,0.286,0.068,0.065,0.063,0.039,7.886,884.0436941077422,603.8442291331985,6.125046051844239,96.54923480934568,0.3779999999999999,near-extrapolation
0.261,0.399,0.14,0.074,0.047,0.079,8.054,886.901712794612,606.7022478200682,6.134325007342555,96.69549918770454,0.4459999999999999,near-extrapolation
0.4095904095904096,0.3186813186813187,0.0789210789210789,0.0959040959040959,0.0429570429570429,0.0539460539460539,7.950049950049951,883.6096739057223,603.4102089311785,6.13024777867732,96.63122974312576,0.3849150849150848,near-extrapolation
0.3426573426573427,0.3446553446553446,0.0759240759240759,0.1238761238761238,0.0769230769230769,0.0359640359640359,7.844155844155843,883.4954461279453,603.2959811534016,5.742677180428127,90.52194593059136,0.2237762237762237,near-extrapolation
0.471,0.34,0.055,0.003,0.064,0.067,7.858999999999999,905.5359739057222,625.3365089311785,6.147177816314363,96.89809829649086,0.3779999999999999,near-extrapolation
0.3826173826173826,0.2927072927072927,0.0649350649350649,0.1328671328671329,0.1198801198801198,0.0069930069930069,7.662337662337664,883.3721720538704,603.1727070793266,5.23171184511724,82.46758818033206,0.209090909090909,near-extrapolation
0.4715284715284714,0.2757242757242757,0.1448551448551448,0.0139860139860139,0.0549450549450549,0.0389610389610389,8.12087912087912,891.4815405723887,611.2820755978449,6.154224376033755,97.00917337138613,0.2724775224775222,near-extrapolation
0.4165834165834165,0.2657342657342657,0.1868131868131868,0.0139860139860139,0.0359640359640359,0.0809190809190809,8.12187812187812,883.1687072390547,602.969242264511,3.245528065619832,51.15932984593651,0.1426073926073924,near-extrapolation
0.278,0.39,0.071,0.034,0.135,0.092,7.455000000000001,883.0032629629623,602.8037979884185,4.5823733331816765,72.23205102208637,0.4059999999999999,near-extrapolation
0.388,0.273,0.196,0.002,0.104,0.037,7.995,882.8507999999977,602.6513350254539,3.6365747299650657,57.323406964330005,0.1506666666666667,near-extrapolation
0.4035964035964036,0.3016983016983017,0.0829170829170829,0.0119880119880119,0.1628371628371628,0.0369630369630369,7.493506493506494,882.7810685185165,602.5816035439727,6.042229912795552,95.24380219915204,0.3726273726273728,near-extrapolation
0.5209999999999999,0.2809999999999999,0.0399999999999999,0.0219999999999999,0.0579999999999999,0.0779999999999999,7.736999999999999,882.4238257575734,602.2243607830296,5.9394490299409135,93.62366489591392,0.3179999999999999,near-extrapolation
0.5185185185185185,0.2612612612612612,0.084084084084084,0.029029029029029,0.041041041041041,0.066066066066066,7.930930930930931,882.2508405723885,602.0513755978448,5.69348395018763,89.74651196694145,0.3364404404404404,near-extrapolation
0.3483483483483484,0.3503503503503504,0.1011011011011011,0.069069069069069,0.1121121121121121,0.019019019019019,7.846846846846846,894.4755666666656,614.2761016921219,6.21867883620712,98.02517043607985,0.2409409409409409,near-extrapolation
0.377,0.337,0.096,0.045,0.035,0.11,7.869000000000001,882.2039590909072,602.0044941163635,4.721385304897227,74.42329977105432,0.2879999999999999,near-extrapolation
0.327,0.302,0.24,0.025,0.069,0.037,8.264,883.3558759259239,603.1564109513802,6.233265423437067,98.25509912944982,0.2220000000000001,near-extrapolation
0.35,0.356,0.062,0.032,0.096,0.104,7.552,881.9237831649823,601.7243181904386,4.035118239272176,63.60565701373929,0.3426666666666667,near-extrapolation
0.431,0.271,0.175,0.025,0.007,0.091,8.197,886.5465850168329,606.3471200422891,6.247623895656793,98.48143204092702,0.2039999999999999,near-extrapolation
0.3846153846153846,0.2897102897102896,0.1708291708291708,0.0289710289710289,0.0399600399600399,0.0859140859140858,8.058941058941057,881.4969035353514,601.2974385608077,2.679143236184319,42.231393398314985,0.1565934065934064,near-extrapolation
0.418,0.297,0.061,0.01,0.158,0.056,7.395,881.3275016834995,601.1280367089557,4.437543074809987,69.94908849336936,0.3826666666666666,near-extrapolation
0.3773773773773773,0.3583583583583583,0.1761761761761761,0.001001001001001,0.046046046046046,0.041041041041041,8.315315315315315,919.8409702020188,639.6415052274751,6.280834150424583,99.0049260128112,0.2234734734734733,near-extrapolation
0.502,0.305,0.055,0.015,0.072,0.051,7.836,903.0251702020186,622.8257052274748,6.282823271060425,99.03628056487636,0.3319999999999999,near-extrapolation
0.4704704704704704,0.2422422422422422,0.1861861861861862,0.0,0.015015015015015,0.086086086086086,8.195195195195195,916.344305387203,636.1448404126593,6.285109505767626,99.07231853254326,0.1909409409409408,near-extrapolation
0.368,0.328,0.066,0.07,0.09,0.078,7.628000000000001,881.1093590909072,600.9098941163635,2.9038760065863185,45.77386097084273,0.3239999999999999,near-extrapolation
0.3826173826173826,0.2907092907092907,0.1958041958041958,0.0439560439560439,0.0299700299700299,0.0569430569430569,8.26073926073926,880.8670776094256,600.6676126348818,5.352290811206709,84.36827705866872,0.1845654345654344,near-extrapolation
0.336,0.428,0.06,0.039,0.097,0.04,7.863999999999999,920.4074942760934,640.2080293015497,6.316507134701865,99.56724004378904,0.3559999999999999,near-extrapolation
0.3273453093812376,0.3473053892215569,0.0828343313373253,0.0768463073852295,0.124750499001996,0.0409181636726547,7.648702594810381,880.560003703703,600.3605387291593,4.635611871989441,73.07125127311296,0.2475049900199598,near-extrapolation
0.4779999999999998,0.2839999999999999,0.0619999999999999,0.0399999999999999,0.0449999999999999,0.0909999999999999,7.778999999999998,880.502359090907,600.3028941163633,5.798813025259858,91.40681647980918,0.3539999999999997,near-extrapolation
0.324,0.36,0.055,0.155,0.037,0.069,7.853999999999999,880.4261404040394,600.2266754294957,5.712602579927087,90.0478793454597,0.2779999999999999,near-extrapolation
0.2507492507492507,0.3936063936063936,0.2257742257742258,0.0159840159840159,0.0609390609390609,0.0529470529470529,8.312687312687315,906.6082239057232,626.4087589311795,6.336077304701092,99.87572506129275,0.3540626040626041,near-extrapolation
0.3446553446553446,0.3336663336663336,0.0339660339660339,0.1238761238761238,0.1378621378621378,0.0259740259740259,7.484515484515483,880.2686203703688,600.0691553958251,5.038692923762664,79.42502670360676,0.1198801198801199,near-extrapolation
