source_row,distance
5,0.011857707509881354
6,0.011857707509881354
7,0.6666666666666666
9,0.00285714285714279
15,0.2608695652173912
19,0.12121212121212127
20,0.6666666666666666
26,0.7272727272727274
32,0.039999999999999994
33,0.060000000000000005
34,0.04
35,0.02000000000000001
44,0.37606837606837606
48,1.3333333333333335
54,0.019999999999999993
57,0.0023529411764705264
70,0.010808863267879887
71,0.29714285714285715
74,0.23214285714285698
75,0.0285714285714286
77,0.0285714285714286
81,0.39999999999999997
94,0.19999999999999993
95,0.2399999999999999
99,0.011857707509881354
108,0.011857707509881354
124,0.0714285714285714
128,0.062937062937063
129,0.6666666666666667
131,0.003988831272437224
132,0.011857707509881354
147,0.006666666666666821
149,0.20842572062084258
152,0.011857707509881354
154,0.49999999999999994
171,0.028571428571428498
177,0.09999999999999992
183,0.1538461538461538
189,0.19672131147540972
191,0.13114754098360654
199,0.01980198019801981
207,0.03789042498719919
209,0.011857707509881354
218,0.011857707509881354
222,0.10848786972416097
223,0.10848786972416097
224,0.012121212121212088
228,0.6666666666666665
230,0.006249999999999989
231,0.012499999999999978
234,0.09999999999999996
240,0.00285714285714279
241,0.00285714285714279
244,0.057142857142857
245,0.00285714285714279
253,0.00285714285714279
262,0.6666666666666667
269,0.02000000000000001
272,0.02
286,0.5714285714285713
295,0.6666666666666666
296,0.6666666666666666
302,0.011857707509881354
309,0.049999999999999996
314,0.5599999999999995
317,0.0012500000000000423
321,1.3333333333333335
325,0.0023529411764706375
332,0.09999999999999996
337,0.09999999999999996
338,0.09999999999999996
339,0.09999999999999996
340,0.09999999999999996
348,0.011857707509881354
355,0.02000000000000001
366,0.052631578947368376
376,0.060000000000000026
389,0.14333333333333334
407,0.09999999999999996
409,0.3947368421052631
410,0.23461091753774682
431,1.3333333333333335
432,1.3333333333333335
437,0.03333333333333321
444,0.011857707509881354
453,0.0333333333333333
455,0.0012499999999999868
457,0.03125
458,0.0625
460,0.00285714285714279
463,0.6666666666666666
469,0.0060000000000001025
471,0.06000000000000001
472,0.06000000000000001
475,0.0714285714285714
489,0.0062499999999999995
494,0.09999999999999956
500,0.125
503,0.018749999999999975
507,0.010000000000000005
526,0.028571428571428498
527,0.021428571428571398
528,0.014285714285714294
529,0.0071428571428571
531,0.00285714285714279
540,0.00890585241730274
544,0.09999999999999992
548,0.0285714285714286
553,0.00285714285714279
554,0.00285714285714279
555,0.00285714285714279
560,0.006249999999999999
564,0.0020000000000001
574,0.00285714285714279
578,0.00285714285714279
579,0.028571428571428373
580,0.08571428571428549
582,0.13199999999999998
596,0.49999999999999944
600,0.011111111111111106
601,0.028571428571428498
604,0.0285714285714286
610,0.00285714285714279
611,0.00285714285714279
612,0.00285714285714279
613,0.00285714285714279
614,0.00285714285714279
615,0.08
618,0.0020000000000000018
621,0.00285714285714279
639,0.052631578947368376
640,0.026315789473684188
653,0.00285714285714279
662,0.005714285714285635
678,0.02857142857142849
681,0.028571428571428505
687,0.011857707509881354
689,0.003124999999999998
701,0.0019029495718362716
712,0.057142857142856995
718,0.13333333333333336
723,0.00285714285714279
726,0.2499999999999999
727,0.6666666666666667
730,0.011857707509881354
731,0.00285714285714279
732,0.17487012987013
735,0.11111111111111108
744,0.057142857142856815
745,0.057142857142856815
746,0.057142857142856815
747,0.057142857142856815
748,0.057142857142856815
749,0.0012499999999999868
754,0.012500000000000004
759,0.06666666666666668
761,0.2867924528301886
762,0.16513761467889915
778,0.060000000000000026
779,0.1
781,0.007894736842105194
783,0.007894736842105203
792,0.00285714285714279
800,0.0285714285714286
803,0.0057142857142856
817,0.24999999999999978
828,0.00285714285714279
829,1.0
833,0.00285714285714279
834,0.13199999999999995
854,0.028571428571428498
868,0.35333333333333333
870,0.03333333333333327
871,0.5
887,0.3333333333333333
895,0.020624999999999998
901,0.011857707509881354
904,0.392156862745098
905,0.0833333333333332
907,0.019801980198019733
910,0.05714285714285708
927,0.028571428571428498
928,0.6666666666666667
929,1.3333333333333335
930,1.3333333333333335
931,1.3333333333333335
932,1.3333333333333335
933,1.3333333333333335
938,0.012903225806451559
939,0.025806451612903167
969,0.04000000000000001
971,0.00285714285714279
984,0.26828571428571446
986,0.011857707509881354
990,0.060000000000000026
991,0.060000000000000026
992,0.060000000000000026
993,0.2089108910891087
1000,0.2222222222222221
1002,0.0125
1003,0.024999999999999953
1006,0.02500000000000001
1007,0.06559999999999991
1008,0.06559999999999991
1009,0.06559999999999991
1010,0.06559999999999991
1012,0.2857142857142856
1021,0.040000000000000126
1022,0.49999999999999994
1034,0.0714285714285714
1035,0.1428571428571429
1039,0.03124999999999998
1040,0.028571428571428498
1043,0.057142857142857106
1053,0.02000000000000001
1061,0.49999999999999994
1062,0.5
1063,0.5
1064,0.5
1065,0.5
1068,0.00285714285714279
1069,0.9980039920159681
1073,0.0285714285714286
1076,0.00285714285714279
1077,0.00285714285714279
1078,0.00285714285714279
1091,1.0
1092,1.3333333333333333
1093,1.3333333333333333
1099,0.003124999999999967
1104,0.011857707509881354
1128,0.19655172413793104
1131,0.19655172413793093
1133,0.34363636363636363
1134,0.9999999999999999
1141,0.6666666666666665
1152,0.020000000000000004
1154,0.7142857142857143
1156,0.00285714285714279
1159,0.05999999999999994
1160,0.00285714285714279
1164,0.2666666666666666
1165,0.1
1170,0.03999999999999991
1186,0.5
1196,0.010000000000000004
1207,0.2857142857142856
1212,0.15000000000000002
1214,0.15789473684210537
1215,0.00285714285714279
1217,0.13999999999999993
1221,0.0714285714285714
1227,0.00285714285714279
1240,0.0799999999999999
1243,0.39999999999999997
1244,0.6666666666666665
1251,0.2857142857142856
1257,0.027777777777777762
1258,0.6666666666666666
1268,0.125
1292,0.00285714285714279
1293,0.00285714285714279
1316,0.125
1333,0.5
1339,0.28571428571428537
1343,0.09999999999999996
1355,0.009999999999999891
1357,0.010000000000000005
1358,0.06
1359,0.010000000000000005
1361,1.0
1366,0.25
1368,0.00285714285714279
1370,0.676923076923077
1377,0.4
1378,0.43999999999999995
1382,0.9999999999999998
1410,0.3999999999999997
1411,0.3999999999999997
1412,0.6666666666666665
1414,0.25
1427,0.0179959100204497
1430,0.5
1436,0.039999999999999994
1440,0.12345679012345678
1449,0.16513761467889904
1450,0.13333333333333328
1467,0.9777777777777779
1473,0.5866666666666667
1479,0.2857142857142856
1482,0.2666666666666667
1487,0.06
1496,0.22222222222222215
1508,0.0179959100204497
1534,0.5866666666666667
1535,0.5866666666666667
1539,0.5416666666666666
1543,0.07920792079207925
1547,0.5
1562,0.8
1584,0.96
1585,0.3999999999999999
1610,0.9999999999999999
1617,0.6666666666666665
1621,0.5866666666666667
1633,0.5866666666666667
1647,1.0
1651,0.9999999999999997
1659,0.2114285714285714
1660,0.030000000000000013
1677,0.0179959100204497
1680,0.5866666666666667
1687,0.6666666666666666
1693,0.16513761467889915
1718,0.07999999999999999
1726,0.9473684210526314
1731,0.46153846153846134
1735,1.0
