split,target,feature_set,model,inner_r2,selected
v2_reference_split,Curie(TC) (K),fractions,RF,0.7043527343615192,False
v2_reference_split,Curie(TC) (K),fractions,ExtraTrees,0.723544916927896,False
v2_reference_split,Curie(TC) (K),fractions,XGB,0.6682722659336529,False
v2_reference_split,Curie(TC) (K),physics,RF,0.6801019977555351,False
v2_reference_split,Curie(TC) (K),physics,ExtraTrees,0.6984513118609201,False
v2_reference_split,Curie(TC) (K),physics,XGB,0.7024556995673037,False
v2_reference_split,Curie(TC) (K),combined,RF,0.7179486758743827,False
v2_reference_split,Curie(TC) (K),combined,ExtraTrees,0.7529280831931378,True
v2_reference_split,Curie(TC) (K),combined,XGB,0.7317556464914827,False
v2_reference_split,Coercivity (Oe),fractions,RF,0.4743007647840375,False
v2_reference_split,Coercivity (Oe),fractions,ExtraTrees,0.49636703535850946,False
v2_reference_split,Coercivity (Oe),fractions,XGB,0.4869725649114516,False
v2_reference_split,Coercivity (Oe),physics,RF,0.4594548704035306,False
v2_reference_split,Coercivity (Oe),physics,ExtraTrees,0.4586423446308642,False
v2_reference_split,Coercivity (Oe),physics,XGB,0.45918669310551885,False
v2_reference_split,Coercivity (Oe),combined,RF,0.48678612175382174,False
v2_reference_split,Coercivity (Oe),combined,ExtraTrees,0.5119675503685386,True
v2_reference_split,Coercivity (Oe),combined,XGB,0.46413135469717015,False
repeat_00,Curie(TC) (K),fractions,RF,0.38428560243085597,False
repeat_00,Curie(TC) (K),fractions,ExtraTrees,0.3805770108512859,False
repeat_00,Curie(TC) (K),fractions,XGB,0.4101902995513689,True
repeat_00,Curie(TC) (K),physics,RF,0.3442284175027799,False
repeat_00,Curie(TC) (K),physics,ExtraTrees,0.30211660294981646,False
repeat_00,Curie(TC) (K),physics,XGB,0.35584942347628445,False
repeat_00,Curie(TC) (K),combined,RF,0.3784992963084117,False
repeat_00,Curie(TC) (K),combined,ExtraTrees,0.31053685271181064,False
repeat_00,Curie(TC) (K),combined,XGB,0.3727384775150203,False
repeat_00,Coercivity (Oe),fractions,RF,0.46075214058084446,True
repeat_00,Coercivity (Oe),fractions,ExtraTrees,0.4453568791613036,False
repeat_00,Coercivity (Oe),fractions,XGB,0.4075725128745348,False
repeat_00,Coercivity (Oe),physics,RF,0.43390345034129074,False
repeat_00,Coercivity (Oe),physics,ExtraTrees,0.3983378034473438,False
repeat_00,Coercivity (Oe),physics,XGB,0.4339495075812292,False
repeat_00,Coercivity (Oe),combined,RF,0.4489257452170863,False
repeat_00,Coercivity (Oe),combined,ExtraTrees,0.4151812388117385,False
repeat_00,Coercivity (Oe),combined,XGB,0.44879923261805243,False
repeat_01,Curie(TC) (K),fractions,RF,0.4810535382386567,False
repeat_01,Curie(TC) (K),fractions,ExtraTrees,0.5109645819622155,False
repeat_01,Curie(TC) (K),fractions,XGB,0.48640160725152526,False
repeat_01,Curie(TC) (K),physics,RF,0.5155497076928957,False
repeat_01,Curie(TC) (K),physics,ExtraTrees,0.5945575923458929,True
repeat_01,Curie(TC) (K),physics,XGB,0.5707838072869205,False
repeat_01,Curie(TC) (K),combined,RF,0.5159179287082092,False
repeat_01,Curie(TC) (K),combined,ExtraTrees,0.5787977266412818,False
repeat_01,Curie(TC) (K),combined,XGB,0.5661017209585475,False
repeat_01,Coercivity (Oe),fractions,RF,0.4856436853824154,False
repeat_01,Coercivity (Oe),fractions,ExtraTrees,0.5132650128883764,False
repeat_01,Coercivity (Oe),fractions,XGB,0.438052783429697,False
repeat_01,Coercivity (Oe),physics,RF,0.5251578537224373,False
repeat_01,Coercivity (Oe),physics,ExtraTrees,0.5253252474126419,False
repeat_01,Coercivity (Oe),physics,XGB,0.48506028574811577,False
repeat_01,Coercivity (Oe),combined,RF,0.5383949269058114,False
repeat_01,Coercivity (Oe),combined,ExtraTrees,0.5399762885417907,True
repeat_01,Coercivity (Oe),combined,XGB,0.5053133085388792,False
repeat_02,Curie(TC) (K),fractions,RF,0.5123929301056148,False
repeat_02,Curie(TC) (K),fractions,ExtraTrees,0.5845453404168355,True
repeat_02,Curie(TC) (K),fractions,XGB,0.4662558686722569,False
repeat_02,Curie(TC) (K),physics,RF,0.5610517550710238,False
repeat_02,Curie(TC) (K),physics,ExtraTrees,0.5439338104970606,False
repeat_02,Curie(TC) (K),physics,XGB,0.5521476140318784,False
repeat_02,Curie(TC) (K),combined,RF,0.5739453750013053,False
repeat_02,Curie(TC) (K),combined,ExtraTrees,0.5619141048035574,False
repeat_02,Curie(TC) (K),combined,XGB,0.5606365886845183,False
repeat_02,Coercivity (Oe),fractions,RF,0.557042465200525,False
repeat_02,Coercivity (Oe),fractions,ExtraTrees,0.572480094479306,True
repeat_02,Coercivity (Oe),fractions,XGB,0.5037776024500422,False
repeat_02,Coercivity (Oe),physics,RF,0.47177141068697726,False
repeat_02,Coercivity (Oe),physics,ExtraTrees,0.46727075910101457,False
repeat_02,Coercivity (Oe),physics,XGB,0.4839818545057041,False
repeat_02,Coercivity (Oe),combined,RF,0.49157893966430755,False
repeat_02,Coercivity (Oe),combined,ExtraTrees,0.5171459421440097,False
repeat_02,Coercivity (Oe),combined,XGB,0.501984565262076,False
repeat_03,Curie(TC) (K),fractions,RF,0.45964928724242293,False
repeat_03,Curie(TC) (K),fractions,ExtraTrees,0.5526295262723246,False
repeat_03,Curie(TC) (K),fractions,XGB,0.4307451561917517,False
repeat_03,Curie(TC) (K),physics,RF,0.5623720149560325,True
repeat_03,Curie(TC) (K),physics,ExtraTrees,0.49110418782320986,False
repeat_03,Curie(TC) (K),physics,XGB,0.5117493227019277,False
repeat_03,Curie(TC) (K),combined,RF,0.5422273184321666,False
repeat_03,Curie(TC) (K),combined,ExtraTrees,0.508236722192703,False
repeat_03,Curie(TC) (K),combined,XGB,0.5495411752000072,False
repeat_03,Coercivity (Oe),fractions,RF,0.5089650652740833,True
repeat_03,Coercivity (Oe),fractions,ExtraTrees,0.4846519413844902,False
repeat_03,Coercivity (Oe),fractions,XGB,0.45544644411729374,False
repeat_03,Coercivity (Oe),physics,RF,0.4173659206327611,False
repeat_03,Coercivity (Oe),physics,ExtraTrees,0.4309112583954485,False
repeat_03,Coercivity (Oe),physics,XGB,0.38733634082788326,False
repeat_03,Coercivity (Oe),combined,RF,0.39999163472294963,False
repeat_03,Coercivity (Oe),combined,ExtraTrees,0.4653530552446734,False
repeat_03,Coercivity (Oe),combined,XGB,0.4426988754768785,False
repeat_04,Curie(TC) (K),fractions,RF,0.6213915505903705,False
repeat_04,Curie(TC) (K),fractions,ExtraTrees,0.6685996665497416,False
repeat_04,Curie(TC) (K),fractions,XGB,0.6346882497745159,False
repeat_04,Curie(TC) (K),physics,RF,0.6707395305523257,False
repeat_04,Curie(TC) (K),physics,ExtraTrees,0.65194462313988,False
repeat_04,Curie(TC) (K),physics,XGB,0.6713672468336667,False
repeat_04,Curie(TC) (K),combined,RF,0.7074745617131561,False
repeat_04,Curie(TC) (K),combined,ExtraTrees,0.7158512154017717,True
repeat_04,Curie(TC) (K),combined,XGB,0.6897454319590816,False
repeat_04,Coercivity (Oe),fractions,RF,0.5208553960788207,False
repeat_04,Coercivity (Oe),fractions,ExtraTrees,0.5642425697048588,False
repeat_04,Coercivity (Oe),fractions,XGB,0.5144685645089768,False
repeat_04,Coercivity (Oe),physics,RF,0.5430560465087841,False
repeat_04,Coercivity (Oe),physics,ExtraTrees,0.5788454994201269,True
repeat_04,Coercivity (Oe),physics,XGB,0.5333287394371127,False
repeat_04,Coercivity (Oe),combined,RF,0.5567562365665082,False
repeat_04,Coercivity (Oe),combined,ExtraTrees,0.5608434618792755,False
repeat_04,Coercivity (Oe),combined,XGB,0.5643465639680016,False
repeat_05,Curie(TC) (K),fractions,RF,0.3807283522641086,False
repeat_05,Curie(TC) (K),fractions,ExtraTrees,0.30249050916781317,False
repeat_05,Curie(TC) (K),fractions,XGB,0.3888346309434604,False
repeat_05,Curie(TC) (K),physics,RF,0.48219939494309216,False
repeat_05,Curie(TC) (K),physics,ExtraTrees,0.5196471640734137,False
repeat_05,Curie(TC) (K),physics,XGB,0.44933759604330725,False
repeat_05,Curie(TC) (K),combined,RF,0.5075166557964979,False
repeat_05,Curie(TC) (K),combined,ExtraTrees,0.5346388441928955,True
repeat_05,Curie(TC) (K),combined,XGB,0.5007098414649962,False
repeat_05,Coercivity (Oe),fractions,RF,0.506098033099663,False
repeat_05,Coercivity (Oe),fractions,ExtraTrees,0.5483087945829159,True
repeat_05,Coercivity (Oe),fractions,XGB,0.4940907145944198,False
repeat_05,Coercivity (Oe),physics,RF,0.5147144585041437,False
repeat_05,Coercivity (Oe),physics,ExtraTrees,0.5197862988493419,False
repeat_05,Coercivity (Oe),physics,XGB,0.525751621478763,False
repeat_05,Coercivity (Oe),combined,RF,0.516706377117047,False
repeat_05,Coercivity (Oe),combined,ExtraTrees,0.5152892995550109,False
repeat_05,Coercivity (Oe),combined,XGB,0.523238493032901,False
repeat_06,Curie(TC) (K),fractions,RF,0.675804942174432,False
repeat_06,Curie(TC) (K),fractions,ExtraTrees,0.693549163747373,False
repeat_06,Curie(TC) (K),fractions,XGB,0.6638887082420994,False
repeat_06,Curie(TC) (K),physics,RF,0.6841118235769761,False
repeat_06,Curie(TC) (K),physics,ExtraTrees,0.7013829636573089,False
repeat_06,Curie(TC) (K),physics,XGB,0.6601249734169059,False
repeat_06,Curie(TC) (K),combined,RF,0.703752589202596,False
repeat_06,Curie(TC) (K),combined,ExtraTrees,0.7345924351328642,True
repeat_06,Curie(TC) (K),combined,XGB,0.6944604161813017,False
repeat_06,Coercivity (Oe),fractions,RF,0.591530345737348,False
repeat_06,Coercivity (Oe),fractions,ExtraTrees,0.6192612831152754,True
repeat_06,Coercivity (Oe),fractions,XGB,0.5386623487570541,False
repeat_06,Coercivity (Oe),physics,RF,0.5446485751831067,False
repeat_06,Coercivity (Oe),physics,ExtraTrees,0.5689653095505862,False
repeat_06,Coercivity (Oe),physics,XGB,0.5291241895652534,False
repeat_06,Coercivity (Oe),combined,RF,0.5562100425398646,False
repeat_06,Coercivity (Oe),combined,ExtraTrees,0.5706989104888507,False
repeat_06,Coercivity (Oe),combined,XGB,0.5524210076616164,False
repeat_07,Curie(TC) (K),fractions,RF,0.6163600655859138,False
repeat_07,Curie(TC) (K),fractions,ExtraTrees,0.7092480285609624,True
repeat_07,Curie(TC) (K),fractions,XGB,0.5992335367069043,False
repeat_07,Curie(TC) (K),physics,RF,0.6745951611868238,False
repeat_07,Curie(TC) (K),physics,ExtraTrees,0.6925873288249258,False
repeat_07,Curie(TC) (K),physics,XGB,0.6915479134734189,False
repeat_07,Curie(TC) (K),combined,RF,0.668066007054791,False
repeat_07,Curie(TC) (K),combined,ExtraTrees,0.6999655456726612,False
repeat_07,Curie(TC) (K),combined,XGB,0.6918081044249423,False
repeat_07,Coercivity (Oe),fractions,RF,0.6644346667704799,False
repeat_07,Coercivity (Oe),fractions,ExtraTrees,0.683745703842648,False
repeat_07,Coercivity (Oe),fractions,XGB,0.61922897598084,False
repeat_07,Coercivity (Oe),physics,RF,0.7035330893652052,False
repeat_07,Coercivity (Oe),physics,ExtraTrees,0.7089639476782486,False
repeat_07,Coercivity (Oe),physics,XGB,0.6853510304439759,False
repeat_07,Coercivity (Oe),combined,RF,0.7009459990877378,False
repeat_07,Coercivity (Oe),combined,ExtraTrees,0.7154299602063223,True
repeat_07,Coercivity (Oe),combined,XGB,0.7127124131515354,False
repeat_08,Curie(TC) (K),fractions,RF,0.47740439379744704,False
repeat_08,Curie(TC) (K),fractions,ExtraTrees,0.4348990015417784,False
repeat_08,Curie(TC) (K),fractions,XGB,0.49503911206071105,True
repeat_08,Curie(TC) (K),physics,RF,0.48469142438820256,False
repeat_08,Curie(TC) (K),physics,ExtraTrees,0.4364282391828542,False
repeat_08,Curie(TC) (K),physics,XGB,0.44197544922274645,False
repeat_08,Curie(TC) (K),combined,RF,0.4495987307148368,False
repeat_08,Curie(TC) (K),combined,ExtraTrees,0.4208453580229252,False
repeat_08,Curie(TC) (K),combined,XGB,0.4718412485601521,False
repeat_08,Coercivity (Oe),fractions,RF,0.5998677057586697,False
repeat_08,Coercivity (Oe),fractions,ExtraTrees,0.563583314628344,False
repeat_08,Coercivity (Oe),fractions,XGB,0.5861008284744165,False
repeat_08,Coercivity (Oe),physics,RF,0.5837230838558882,False
repeat_08,Coercivity (Oe),physics,ExtraTrees,0.6124820720408304,False
repeat_08,Coercivity (Oe),physics,XGB,0.5539240242368306,False
repeat_08,Coercivity (Oe),combined,RF,0.5676264296433247,False
repeat_08,Coercivity (Oe),combined,ExtraTrees,0.6160832085542565,True
repeat_08,Coercivity (Oe),combined,XGB,0.584369909934026,False
repeat_09,Curie(TC) (K),fractions,RF,0.6008790529997923,False
repeat_09,Curie(TC) (K),fractions,ExtraTrees,0.6930082800875547,False
repeat_09,Curie(TC) (K),fractions,XGB,0.4784096330424159,False
repeat_09,Curie(TC) (K),physics,RF,0.6625660896011389,False
repeat_09,Curie(TC) (K),physics,ExtraTrees,0.6753920559564952,False
repeat_09,Curie(TC) (K),physics,XGB,0.6583798327654202,False
repeat_09,Curie(TC) (K),combined,RF,0.6791707499512988,False
repeat_09,Curie(TC) (K),combined,ExtraTrees,0.7190060698880617,True
repeat_09,Curie(TC) (K),combined,XGB,0.6686516631888192,False
repeat_09,Coercivity (Oe),fractions,RF,0.34575275584289555,False
repeat_09,Coercivity (Oe),fractions,ExtraTrees,0.35306803451372226,False
repeat_09,Coercivity (Oe),fractions,XGB,0.24331677510067207,False
repeat_09,Coercivity (Oe),physics,RF,0.4535869452099821,True
repeat_09,Coercivity (Oe),physics,ExtraTrees,0.43562606723154007,False
repeat_09,Coercivity (Oe),physics,XGB,0.4412898844641726,False
repeat_09,Coercivity (Oe),combined,RF,0.4400202851777051,False
repeat_09,Coercivity (Oe),combined,ExtraTrees,0.4203934217939048,False
repeat_09,Coercivity (Oe),combined,XGB,0.4305744328553526,False
repeat_10,Curie(TC) (K),fractions,RF,0.5698709353175153,False
repeat_10,Curie(TC) (K),fractions,ExtraTrees,0.6395500586559202,False
repeat_10,Curie(TC) (K),fractions,XGB,0.5283133736703818,False
repeat_10,Curie(TC) (K),physics,RF,0.6282603606159126,False
repeat_10,Curie(TC) (K),physics,ExtraTrees,0.6438750700853259,False
repeat_10,Curie(TC) (K),physics,XGB,0.6166786175460878,False
repeat_10,Curie(TC) (K),combined,RF,0.6460860472479992,False
repeat_10,Curie(TC) (K),combined,ExtraTrees,0.6759502565241498,True
repeat_10,Curie(TC) (K),combined,XGB,0.6557586885806608,False
repeat_10,Coercivity (Oe),fractions,RF,0.43570184131988343,False
repeat_10,Coercivity (Oe),fractions,ExtraTrees,0.4397732419139091,False
repeat_10,Coercivity (Oe),fractions,XGB,0.46583570541160146,True
repeat_10,Coercivity (Oe),physics,RF,0.4155892841362835,False
repeat_10,Coercivity (Oe),physics,ExtraTrees,0.41681268781027625,False
repeat_10,Coercivity (Oe),physics,XGB,0.4099844664605887,False
repeat_10,Coercivity (Oe),combined,RF,0.4281372758987082,False
repeat_10,Coercivity (Oe),combined,ExtraTrees,0.414029680470974,False
repeat_10,Coercivity (Oe),combined,XGB,0.4255706526005042,False
repeat_11,Curie(TC) (K),fractions,RF,0.627397753404354,False
repeat_11,Curie(TC) (K),fractions,ExtraTrees,0.6630694046694102,False
repeat_11,Curie(TC) (K),fractions,XGB,0.6068006063850492,False
repeat_11,Curie(TC) (K),physics,RF,0.6492389553256681,False
repeat_11,Curie(TC) (K),physics,ExtraTrees,0.6793479055855837,False
repeat_11,Curie(TC) (K),physics,XGB,0.6732701380981816,False
repeat_11,Curie(TC) (K),combined,RF,0.6661855251300294,False
repeat_11,Curie(TC) (K),combined,ExtraTrees,0.6899324927696112,False
repeat_11,Curie(TC) (K),combined,XGB,0.694754208296068,True
repeat_11,Coercivity (Oe),fractions,RF,0.5662707472716131,False
repeat_11,Coercivity (Oe),fractions,ExtraTrees,0.5800525998239217,False
repeat_11,Coercivity (Oe),fractions,XGB,0.5458302049030523,False
repeat_11,Coercivity (Oe),physics,RF,0.6382494107579371,True
repeat_11,Coercivity (Oe),physics,ExtraTrees,0.5906446747592012,False
repeat_11,Coercivity (Oe),physics,XGB,0.625095041685622,False
repeat_11,Coercivity (Oe),combined,RF,0.6222900551717876,False
repeat_11,Coercivity (Oe),combined,ExtraTrees,0.5867986469980468,False
repeat_11,Coercivity (Oe),combined,XGB,0.6155590411952889,False
repeat_12,Curie(TC) (K),fractions,RF,0.5841312852852629,False
repeat_12,Curie(TC) (K),fractions,ExtraTrees,0.5864742062598443,False
repeat_12,Curie(TC) (K),fractions,XGB,0.5546704955554591,False
repeat_12,Curie(TC) (K),physics,RF,0.5899078344865241,False
repeat_12,Curie(TC) (K),physics,ExtraTrees,0.6315600552567715,False
repeat_12,Curie(TC) (K),physics,XGB,0.5913002449067918,False
repeat_12,Curie(TC) (K),combined,RF,0.613399125787649,False
repeat_12,Curie(TC) (K),combined,ExtraTrees,0.6466872479822521,True
repeat_12,Curie(TC) (K),combined,XGB,0.6164222444766481,False
repeat_12,Coercivity (Oe),fractions,RF,0.5690465683519443,False
repeat_12,Coercivity (Oe),fractions,ExtraTrees,0.5849104037619755,True
repeat_12,Coercivity (Oe),fractions,XGB,0.5385220673905082,False
repeat_12,Coercivity (Oe),physics,RF,0.5566050941155882,False
repeat_12,Coercivity (Oe),physics,ExtraTrees,0.5465310657303477,False
repeat_12,Coercivity (Oe),physics,XGB,0.5303467778972013,False
repeat_12,Coercivity (Oe),combined,RF,0.5672735866602736,False
repeat_12,Coercivity (Oe),combined,ExtraTrees,0.5636224465573341,False
repeat_12,Coercivity (Oe),combined,XGB,0.531876378560864,False
repeat_13,Curie(TC) (K),fractions,RF,0.3995629759344551,False
repeat_13,Curie(TC) (K),fractions,ExtraTrees,0.43786429862143583,False
repeat_13,Curie(TC) (K),fractions,XGB,0.462937448708313,True
repeat_13,Curie(TC) (K),physics,RF,0.3409713448793289,False
repeat_13,Curie(TC) (K),physics,ExtraTrees,0.2768769796567143,False
repeat_13,Curie(TC) (K),physics,XGB,0.38203937283733647,False
repeat_13,Curie(TC) (K),combined,RF,0.3529701920566515,False
repeat_13,Curie(TC) (K),combined,ExtraTrees,0.2804734434293812,False
repeat_13,Curie(TC) (K),combined,XGB,0.3830608649773869,False
repeat_13,Coercivity (Oe),fractions,RF,0.5917004222324345,False
repeat_13,Coercivity (Oe),fractions,ExtraTrees,0.6381773739220108,False
repeat_13,Coercivity (Oe),fractions,XGB,0.5584684869791134,False
repeat_13,Coercivity (Oe),physics,RF,0.6130239638804909,False
repeat_13,Coercivity (Oe),physics,ExtraTrees,0.6632500384783186,True
repeat_13,Coercivity (Oe),physics,XGB,0.6307552753625071,False
repeat_13,Coercivity (Oe),combined,RF,0.6188361993355931,False
repeat_13,Coercivity (Oe),combined,ExtraTrees,0.6561858071111212,False
repeat_13,Coercivity (Oe),combined,XGB,0.6215989847833701,False
repeat_14,Curie(TC) (K),fractions,RF,0.5319871499760919,False
repeat_14,Curie(TC) (K),fractions,ExtraTrees,0.5253031207897738,False
repeat_14,Curie(TC) (K),fractions,XGB,0.5545777953446184,False
repeat_14,Curie(TC) (K),physics,RF,0.5272363500208685,False
repeat_14,Curie(TC) (K),physics,ExtraTrees,0.5243799354430119,False
repeat_14,Curie(TC) (K),physics,XGB,0.543926850579574,False
repeat_14,Curie(TC) (K),combined,RF,0.5636589789826512,True
repeat_14,Curie(TC) (K),combined,ExtraTrees,0.5372108729440406,False
repeat_14,Curie(TC) (K),combined,XGB,0.5565978197985137,False
repeat_14,Coercivity (Oe),fractions,RF,0.36051512335762914,False
repeat_14,Coercivity (Oe),fractions,ExtraTrees,0.42414642241163925,True
repeat_14,Coercivity (Oe),fractions,XGB,0.3606478439704852,False
repeat_14,Coercivity (Oe),physics,RF,0.36140083262382994,False
repeat_14,Coercivity (Oe),physics,ExtraTrees,0.3483307627768484,False
repeat_14,Coercivity (Oe),physics,XGB,0.3765409668063959,False
repeat_14,Coercivity (Oe),combined,RF,0.3798123854443135,False
repeat_14,Coercivity (Oe),combined,ExtraTrees,0.3631815200300321,False
repeat_14,Coercivity (Oe),combined,XGB,0.3906544544983471,False
repeat_15,Curie(TC) (K),fractions,RF,0.5012503937541939,False
repeat_15,Curie(TC) (K),fractions,ExtraTrees,0.5293831596470517,False
repeat_15,Curie(TC) (K),fractions,XGB,0.47237098569644986,False
repeat_15,Curie(TC) (K),physics,RF,0.47874688694310985,False
repeat_15,Curie(TC) (K),physics,ExtraTrees,0.4624223434168101,False
repeat_15,Curie(TC) (K),physics,XGB,0.5108292688058438,False
repeat_15,Curie(TC) (K),combined,RF,0.5101318852655832,False
repeat_15,Curie(TC) (K),combined,ExtraTrees,0.532180547458728,False
repeat_15,Curie(TC) (K),combined,XGB,0.5344580190402208,True
repeat_15,Coercivity (Oe),fractions,RF,0.5537853417456517,False
repeat_15,Coercivity (Oe),fractions,ExtraTrees,0.6031754449678047,True
repeat_15,Coercivity (Oe),fractions,XGB,0.5021249900232825,False
repeat_15,Coercivity (Oe),physics,RF,0.5533644512086136,False
repeat_15,Coercivity (Oe),physics,ExtraTrees,0.5659972990988429,False
repeat_15,Coercivity (Oe),physics,XGB,0.5481066656607276,False
repeat_15,Coercivity (Oe),combined,RF,0.5718521207322322,False
repeat_15,Coercivity (Oe),combined,ExtraTrees,0.5997331780843672,False
repeat_15,Coercivity (Oe),combined,XGB,0.5671849131127261,False
repeat_16,Curie(TC) (K),fractions,RF,0.5293030363624303,False
repeat_16,Curie(TC) (K),fractions,ExtraTrees,0.5499109974747264,False
repeat_16,Curie(TC) (K),fractions,XGB,0.5081140797312054,False
repeat_16,Curie(TC) (K),physics,RF,0.5537033012242745,False
repeat_16,Curie(TC) (K),physics,ExtraTrees,0.3962507359856965,False
repeat_16,Curie(TC) (K),physics,XGB,0.543881374656012,False
repeat_16,Curie(TC) (K),combined,RF,0.5863689679683586,True
repeat_16,Curie(TC) (K),combined,ExtraTrees,0.5236962103672034,False
repeat_16,Curie(TC) (K),combined,XGB,0.528741349669944,False
repeat_16,Coercivity (Oe),fractions,RF,0.5400499462579117,False
repeat_16,Coercivity (Oe),fractions,ExtraTrees,0.5442005161176575,True
repeat_16,Coercivity (Oe),fractions,XGB,0.4771367993557343,False
repeat_16,Coercivity (Oe),physics,RF,0.5161007156686208,False
repeat_16,Coercivity (Oe),physics,ExtraTrees,0.5195496598725873,False
repeat_16,Coercivity (Oe),physics,XGB,0.49900965044687795,False
repeat_16,Coercivity (Oe),combined,RF,0.5184449325628293,False
repeat_16,Coercivity (Oe),combined,ExtraTrees,0.5118632186646861,False
repeat_16,Coercivity (Oe),combined,XGB,0.49808915437150747,False
repeat_17,Curie(TC) (K),fractions,RF,0.5614237452073213,False
repeat_17,Curie(TC) (K),fractions,ExtraTrees,0.6009754354409266,False
repeat_17,Curie(TC) (K),fractions,XGB,0.5773551109240456,False
repeat_17,Curie(TC) (K),physics,RF,0.5754021100262399,False
repeat_17,Curie(TC) (K),physics,ExtraTrees,0.5658722038267516,False
repeat_17,Curie(TC) (K),physics,XGB,0.5935713127574958,False
repeat_17,Curie(TC) (K),combined,RF,0.5912128367772589,False
repeat_17,Curie(TC) (K),combined,ExtraTrees,0.6060255176271236,True
repeat_17,Curie(TC) (K),combined,XGB,0.6053972310463425,False
repeat_17,Coercivity (Oe),fractions,RF,0.4347564409436345,False
repeat_17,Coercivity (Oe),fractions,ExtraTrees,0.46043725189908014,False
repeat_17,Coercivity (Oe),fractions,XGB,0.4693338569785104,False
repeat_17,Coercivity (Oe),physics,RF,0.48347624247123255,False
repeat_17,Coercivity (Oe),physics,ExtraTrees,0.4861175264972606,False
repeat_17,Coercivity (Oe),physics,XGB,0.4497926423582902,False
repeat_17,Coercivity (Oe),combined,RF,0.49759701072785034,True
repeat_17,Coercivity (Oe),combined,ExtraTrees,0.4960250857976136,False
repeat_17,Coercivity (Oe),combined,XGB,0.4740330695649274,False
repeat_18,Curie(TC) (K),fractions,RF,0.32102131222783825,False
repeat_18,Curie(TC) (K),fractions,ExtraTrees,0.318669349246236,False
repeat_18,Curie(TC) (K),fractions,XGB,0.33857171519472185,False
repeat_18,Curie(TC) (K),physics,RF,0.3805197696496757,False
repeat_18,Curie(TC) (K),physics,ExtraTrees,0.28379953996022345,False
repeat_18,Curie(TC) (K),physics,XGB,0.3384605298479424,False
repeat_18,Curie(TC) (K),combined,RF,0.38579082932126707,True
repeat_18,Curie(TC) (K),combined,ExtraTrees,0.30825395104881803,False
repeat_18,Curie(TC) (K),combined,XGB,0.35138288615691793,False
repeat_18,Coercivity (Oe),fractions,RF,0.5496106062504871,False
repeat_18,Coercivity (Oe),fractions,ExtraTrees,0.5910177914911985,True
repeat_18,Coercivity (Oe),fractions,XGB,0.5032253171826477,False
repeat_18,Coercivity (Oe),physics,RF,0.5075911367762749,False
repeat_18,Coercivity (Oe),physics,ExtraTrees,0.4869098805577531,False
repeat_18,Coercivity (Oe),physics,XGB,0.5136915604615495,False
repeat_18,Coercivity (Oe),combined,RF,0.5259451370897766,False
repeat_18,Coercivity (Oe),combined,ExtraTrees,0.5148887052164477,False
repeat_18,Coercivity (Oe),combined,XGB,0.5335163442717286,False
repeat_19,Curie(TC) (K),fractions,RF,0.6679899333422277,False
repeat_19,Curie(TC) (K),fractions,ExtraTrees,0.687366342820791,False
repeat_19,Curie(TC) (K),fractions,XGB,0.6280742441497569,False
repeat_19,Curie(TC) (K),physics,RF,0.6459898807701459,False
repeat_19,Curie(TC) (K),physics,ExtraTrees,0.6655462667903864,False
repeat_19,Curie(TC) (K),physics,XGB,0.6317778724785648,False
repeat_19,Curie(TC) (K),combined,RF,0.6656961394914709,False
repeat_19,Curie(TC) (K),combined,ExtraTrees,0.7012392955153943,True
repeat_19,Curie(TC) (K),combined,XGB,0.6429474348042485,False
repeat_19,Coercivity (Oe),fractions,RF,0.7014142523507702,False
repeat_19,Coercivity (Oe),fractions,ExtraTrees,0.7381707887225918,True
repeat_19,Coercivity (Oe),fractions,XGB,0.661615545754831,False
repeat_19,Coercivity (Oe),physics,RF,0.6865953246899101,False
repeat_19,Coercivity (Oe),physics,ExtraTrees,0.6755371055157292,False
repeat_19,Coercivity (Oe),physics,XGB,0.6678835851043126,False
repeat_19,Coercivity (Oe),combined,RF,0.6908384734178566,False
repeat_19,Coercivity (Oe),combined,ExtraTrees,0.6789739667767782,False
repeat_19,Coercivity (Oe),combined,XGB,0.6767109320584979,False
