split,seed,target,selected_feature_set,selected_model,inner_r2,n_train,n_test,r2,mae,rmse,baseline_r2,baseline_mae,conformal_halfwidth,conformal_coverage
v2_reference_split,42,Curie(TC) (K),combined,ExtraTrees,0.7529280831931378,1355,358,0.32688004410046123,120.06284302871279,203.92260642690496,-0.00015506608341153694,197.6478773011194,241.7372525999893,0.8491620111731844
v2_reference_split,42,Coercivity (Oe),combined,ExtraTrees,0.5119675503685386,1355,358,0.6484973735743312,0.5966038167612839,0.8488991630156453,-0.0024312740278480405,1.1056206004548121,1.456715174385068,0.9245810055865922
repeat_00,0,Curie(TC) (K),fractions,XGB,0.4101902995513689,1353,360,0.612048386764861,125.47648937649198,171.72042455195822,-0.007170948951742417,219.19707594235035,345.0132149888304,0.9472222222222222
repeat_00,0,Coercivity (Oe),fractions,RF,0.46075214058084446,1353,360,0.6374809284324694,0.5627643126535369,0.7610419572890358,-0.0342705685403093,1.0378345829601303,1.438441790685016,0.9388888888888889
repeat_01,1,Curie(TC) (K),physics,ExtraTrees,0.5945575923458929,1338,375,0.6387125392866604,90.85490379698997,155.13396781771021,-0.0037619689052783567,201.19834475336322,292.2166144444428,0.9253333333333333
repeat_01,1,Coercivity (Oe),combined,ExtraTrees,0.5399762885417907,1338,375,0.6932286725379,0.5249245675506736,0.7534913027691016,-0.041309540485859886,1.1288961259029286,1.5293111474108452,0.952
repeat_02,2,Curie(TC) (K),fractions,ExtraTrees,0.5845453404168355,1343,370,0.6466870639946168,115.6186974785592,181.11729429592748,-0.0213903959685251,263.9154170775392,257.848851410935,0.9054054054054054
repeat_02,2,Coercivity (Oe),fractions,ExtraTrees,0.572480094479306,1343,370,0.609266214634657,0.5298006266954893,0.7385466668906401,-0.004680923828033867,0.9245848245311006,1.4334952762362712,0.9351351351351351
repeat_03,3,Curie(TC) (K),physics,RF,0.5623720149560325,1368,345,0.637991438975791,117.2043100643287,184.24773070233573,-0.00032427040531501916,253.86307714636828,262.693920630696,0.8840579710144928
repeat_03,3,Coercivity (Oe),fractions,RF,0.5089650652740833,1368,345,0.4254391170936792,0.6797666777865007,0.9425241477850353,-0.005537452007243759,0.9857720368702355,1.463451163365251,0.8840579710144928
repeat_04,4,Curie(TC) (K),combined,ExtraTrees,0.7158512154017717,1361,352,0.615154988013838,119.2875429710743,174.4642648564285,-0.005566503925789279,231.57217860780838,264.06937540864203,0.9119318181818182
repeat_04,4,Coercivity (Oe),physics,ExtraTrees,0.5788454994201269,1361,352,0.48552955034331635,0.6328914825907628,0.8974376682323226,-0.00094935639387983,1.0017910137893624,1.4639458127184446,0.8977272727272727
repeat_05,5,Curie(TC) (K),combined,ExtraTrees,0.5346388441928955,1365,348,0.702217796981774,95.77497865472768,144.2017456612603,-0.008676578092053244,221.25884457496522,321.44194904973574,0.9540229885057471
repeat_05,5,Coercivity (Oe),fractions,ExtraTrees,0.5483087945829159,1365,348,0.6613916880863777,0.5368601641288481,0.7664325542514703,-0.013441934470692862,1.0472181354474746,1.5872466406972388,0.9511494252873564
repeat_06,6,Curie(TC) (K),combined,ExtraTrees,0.7345924351328642,1406,307,0.6906610775930037,96.37326303741298,151.62625082529505,-0.005192792007951308,221.13405127397243,206.63459343434351,0.8566775244299675
repeat_06,6,Coercivity (Oe),fractions,ExtraTrees,0.6192612831152754,1406,307,0.6001024632630649,0.5545486246766469,0.843405203074743,-0.0014998888022477175,1.041516055462276,1.3688045756460774,0.8957654723127035
repeat_07,7,Curie(TC) (K),fractions,ExtraTrees,0.7092480285609624,1395,318,0.5569756842280353,114.717250164843,188.14739096166377,-0.01103002675199205,229.3178111178738,278.46558675136407,0.8553459119496856
repeat_07,7,Coercivity (Oe),combined,ExtraTrees,0.7154299602063223,1395,318,0.587647581398645,0.5666784357928127,0.834528632645733,-0.0046947002818402694,1.015898743303466,1.2901653132010742,0.8962264150943396
repeat_08,8,Curie(TC) (K),fractions,XGB,0.49503911206071105,1370,343,0.508765680678213,135.76215785390784,193.0774548396368,-0.0006689744026306954,214.89535787704025,356.1403364144696,0.924198250728863
repeat_08,8,Coercivity (Oe),combined,ExtraTrees,0.6160832085542565,1370,343,0.5076895574420341,0.6552547938769474,0.9260440603055331,-0.002823337055143149,1.0819683953353003,1.4243992648573516,0.8688046647230321
repeat_09,9,Curie(TC) (K),combined,ExtraTrees,0.7190060698880617,1390,323,0.48478892193491296,114.26427634361441,199.7859088353265,-0.001430512781391835,225.87081401875406,260.9388995662949,0.9009287925696594
repeat_09,9,Coercivity (Oe),physics,RF,0.4535869452099821,1390,323,0.5845451933398991,0.6236629765290983,0.8419908831740529,-0.005011684442413955,1.028077416119994,1.3024720747728311,0.8637770897832817
repeat_10,10,Curie(TC) (K),combined,ExtraTrees,0.6759502565241498,1367,346,0.6996747705844126,101.8808954362494,156.15685651210444,-0.005076589829977829,234.49708160141404,325.0530505172389,0.9393063583815029
repeat_10,10,Coercivity (Oe),fractions,XGB,0.46583570541160146,1367,346,0.6197804166352341,0.6221804127209366,0.8309896932254075,-1.7856802345672662e-05,1.05385523454467,1.5367111128620419,0.9393063583815029
repeat_11,11,Curie(TC) (K),combined,XGB,0.694754208296068,1380,333,0.6408092598796948,107.88750163928883,166.66585903466776,-0.00126892760809727,219.34681498890194,296.3918824066987,0.933933933933934
repeat_11,11,Coercivity (Oe),physics,RF,0.6382494107579371,1380,333,0.6535746472043737,0.6125483950685295,0.8456744698219336,-0.0002149084933782408,1.1202028759722846,1.376144886306842,0.8888888888888888
repeat_12,12,Curie(TC) (K),combined,ExtraTrees,0.6466872479822521,1401,312,0.7378910989618281,101.51745738757621,158.69665818439728,-0.009841215840683537,257.5230685499369,255.39518888888995,0.8942307692307693
repeat_12,12,Coercivity (Oe),fractions,ExtraTrees,0.5849104037619755,1401,312,0.6799054379774925,0.5263412190198091,0.7540194444814672,-0.005831389514472374,1.059639696605793,1.4364175918311461,0.9358974358974359
repeat_13,13,Curie(TC) (K),fractions,XGB,0.462937448708313,1363,350,0.6155187019994581,124.97472930428641,166.3193394573494,-8.002683571373126e-07,219.54502071061737,333.05448331639843,0.9428571428571428
repeat_13,13,Coercivity (Oe),physics,ExtraTrees,0.6632500384783186,1363,350,0.6277883878512491,0.5301607993438199,0.7402309467008785,-0.0006374448292922885,0.9389609567222449,1.5015484140603297,0.9428571428571428
repeat_14,14,Curie(TC) (K),combined,RF,0.5636589789826512,1366,347,0.5318463107091695,142.2129888633414,216.17907041174334,-0.0008059937810847018,265.9025732591845,292.03672788815805,0.8876080691642652
repeat_14,14,Coercivity (Oe),fractions,ExtraTrees,0.42414642241163925,1366,347,0.5179192177995016,0.6492967560467301,0.911757509979699,-0.0023062913118907513,1.0062036519530895,1.809658304639919,0.9654178674351584
repeat_15,15,Curie(TC) (K),combined,XGB,0.5344580190402208,1298,415,0.4972994268716808,121.9473291006433,201.02487495865878,-0.0006380438748603279,227.71730514043853,276.91061031871845,0.9012048192771084
repeat_15,15,Coercivity (Oe),fractions,ExtraTrees,0.6031754449678047,1298,415,0.5550269292264353,0.59195145957331,0.8641444965085362,-0.02580376963026354,1.064852357547101,1.324233108186957,0.9036144578313253
repeat_16,16,Curie(TC) (K),combined,RF,0.5863689679683586,1375,338,0.6504433246794832,103.3235096889947,164.28674457184889,-0.0017263118056953797,224.95332886498122,265.98047582740423,0.9142011834319527
repeat_16,16,Coercivity (Oe),fractions,ExtraTrees,0.5442005161176575,1375,338,0.6184392802076768,0.6018783116588116,0.87463385534455,-0.0011947083638241818,1.1442151086701702,1.3160849710689626,0.8964497041420119
repeat_17,17,Curie(TC) (K),combined,ExtraTrees,0.6060255176271236,1354,359,0.4658181091375341,115.12170546552,206.2471391314027,-9.205893002994792e-05,218.27677894446663,343.0446866491491,0.9275766016713092
repeat_17,17,Coercivity (Oe),combined,RF,0.49759701072785034,1354,359,0.5463775532661345,0.6671826767281358,0.9528834373569135,-1.878161901536224e-05,1.1368927816985623,1.243464539232116,0.8217270194986073
repeat_18,18,Curie(TC) (K),combined,RF,0.38579082932126707,1357,356,0.5738047385701971,113.34499346487709,180.86132703963617,-0.02343566281002052,227.07320522798972,308.2098303742404,0.9185393258426966
repeat_18,18,Coercivity (Oe),fractions,ExtraTrees,0.5910177914911985,1357,356,0.6170299630854379,0.544741222663652,0.7944704146287553,-0.012033810207922713,1.010896920666253,1.473217422546193,0.9382022471910112
repeat_19,19,Curie(TC) (K),combined,ExtraTrees,0.7012392955153943,1374,339,0.5185079936520287,121.50908939745342,196.12725242519832,-0.07009939128643206,239.3095418067525,259.63545985663177,0.8761061946902655
repeat_19,19,Coercivity (Oe),fractions,ExtraTrees,0.7381707887225918,1374,339,0.5493809168406818,0.596983570517319,0.8258315743438774,-0.05778411532149308,0.9405746381093384,1.1565180312596326,0.8466076696165191
