target,source_row,composition_group,observed,predicted,conformal_halfwidth
Curie(TC) (K),4,2,723.0,725.7477154761896,241.7372525999893
Curie(TC) (K),5,3,743.0,746.043666666663,241.7372525999893
Curie(TC) (K),6,3,743.0,746.043666666663,241.7372525999893
Curie(TC) (K),16,10,561.0,452.2104619047617,241.7372525999893
Curie(TC) (K),18,12,647.15,663.1095416666633,241.7372525999893
Curie(TC) (K),32,23,562.15,562.7937820512792,241.7372525999893
Curie(TC) (K),34,25,566.15,556.9613333333302,241.7372525999893
Curie(TC) (K),39,30,473.0,513.449798148147,241.7372525999893
Curie(TC) (K),40,31,465.15,564.8091489621484,241.7372525999893
Curie(TC) (K),49,39,700.0,682.7680130952357,241.7372525999893
Curie(TC) (K),55,44,598.15,1234.1383389550297,241.7372525999893
Curie(TC) (K),61,49,612.1,645.8805648809513,241.7372525999893
Curie(TC) (K),62,49,706.8,645.8805648809513,241.7372525999893
Curie(TC) (K),63,49,717.4,645.8805648809513,241.7372525999893
Curie(TC) (K),71,54,798.15,751.7044370370345,241.7372525999893
Curie(TC) (K),72,55,690.0,697.0959959595941,241.7372525999893
Curie(TC) (K),75,58,605.0,554.5304166666663,241.7372525999893
Curie(TC) (K),76,59,580.0,556.0505277777776,241.7372525999893
Curie(TC) (K),81,63,643.0,526.9255694444429,241.7372525999893
Curie(TC) (K),85,2,725.0,725.7477154761896,241.7372525999893
Curie(TC) (K),86,66,710.0,607.435933333332,241.7372525999893
Curie(TC) (K),87,67,436.0,511.60343333333293,241.7372525999893
Curie(TC) (K),90,70,697.15,689.0064444444429,241.7372525999893
Curie(TC) (K),92,72,653.15,666.2907765873011,241.7372525999893
Curie(TC) (K),96,76,22.0,504.8225273809522,241.7372525999893
Curie(TC) (K),98,78,497.15,466.85203055555513,241.7372525999893
Curie(TC) (K),99,3,743.15,746.043666666663,241.7372525999893
Curie(TC) (K),107,83,509.15,471.9110463601532,241.7372525999893
Curie(TC) (K),108,3,749.15,746.043666666663,241.7372525999893
Curie(TC) (K),111,86,622.75,619.4166666666666,241.7372525999893
Curie(TC) (K),113,88,607.65,603.1052777777778,241.7372525999893
Curie(TC) (K),127,96,740.0,510.1402261904757,241.7372525999893
Curie(TC) (K),132,3,747.15,746.043666666663,241.7372525999893
Curie(TC) (K),133,100,525.0,580.461516666665,241.7372525999893
Curie(TC) (K),135,101,1173.0,824.0784166666656,241.7372525999893
Curie(TC) (K),144,101,1123.15,824.0784166666656,241.7372525999893
Curie(TC) (K),145,106,540.0,574.6403333333315,241.7372525999893
Curie(TC) (K),146,107,409.1,465.7512777777776,241.7372525999893
Curie(TC) (K),148,109,476.0,529.2861666666653,241.7372525999893
Curie(TC) (K),152,3,740.0,746.043666666663,241.7372525999893
Curie(TC) (K),154,113,473.15,526.5018949735446,241.7372525999893
Curie(TC) (K),162,120,618.15,452.4391833333329,241.7372525999893
Curie(TC) (K),168,44,849.15,1234.1383389550297,241.7372525999893
Curie(TC) (K),186,136,695.0,642.8793666666674,241.7372525999893
Curie(TC) (K),190,139,443.15,453.48338888888634,241.7372525999893
Curie(TC) (K),192,139,448.15,453.48338888888634,241.7372525999893
Curie(TC) (K),193,120,633.0,452.4391833333329,241.7372525999893
Curie(TC) (K),194,141,585.15,493.57300873015765,241.7372525999893
Curie(TC) (K),209,3,723.15,746.043666666663,241.7372525999893
Curie(TC) (K),213,158,695.0,709.1809999999996,241.7372525999893
Curie(TC) (K),217,120,630.0,452.4391833333329,241.7372525999893
Curie(TC) (K),218,3,743.15,746.043666666663,241.7372525999893
Curie(TC) (K),228,168,1130.0,488.0578638888891,241.7372525999893
Curie(TC) (K),233,101,1150.0,824.0784166666656,241.7372525999893
Curie(TC) (K),236,174,980.0,686.3055314814812,241.7372525999893
Curie(TC) (K),243,178,695.0,736.352115591397,241.7372525999893
Curie(TC) (K),254,2,996.15,725.7477154761896,241.7372525999893
Curie(TC) (K),255,2,996.15,725.7477154761896,241.7372525999893
Curie(TC) (K),256,2,996.15,725.7477154761896,241.7372525999893
Curie(TC) (K),257,2,996.15,725.7477154761896,241.7372525999893
Curie(TC) (K),258,2,996.15,725.7477154761896,241.7372525999893
Curie(TC) (K),259,2,996.15,725.7477154761896,241.7372525999893
Curie(TC) (K),264,184,773.15,744.6681878306856,241.7372525999893
Curie(TC) (K),265,66,773.15,607.435933333332,241.7372525999893
Curie(TC) (K),275,192,750.0,747.9301666666629,241.7372525999893
Curie(TC) (K),285,120,630.0,452.4391833333329,241.7372525999893
Curie(TC) (K),289,198,584.15,564.3566666666655,241.7372525999893
Curie(TC) (K),290,199,560.0,566.8556666666666,241.7372525999893
Curie(TC) (K),299,208,723.15,819.6512393518493,241.7372525999893
Curie(TC) (K),301,210,603.15,535.4426410256395,241.7372525999893
Curie(TC) (K),302,3,1073.0,746.043666666663,241.7372525999893
Curie(TC) (K),306,213,732.0,727.0576883597874,241.7372525999893
Curie(TC) (K),308,215,650.0,616.5273130952374,241.7372525999893
Curie(TC) (K),311,218,650.0,650.0219999999999,241.7372525999893
Curie(TC) (K),341,237,750.15,755.720166666664,241.7372525999893
Curie(TC) (K),348,3,748.15,746.043666666663,241.7372525999893
Curie(TC) (K),355,244,708.15,694.966166666663,241.7372525999893
Curie(TC) (K),358,247,605.0,688.9233788766769,241.7372525999893
Curie(TC) (K),359,247,765.0,688.9233788766769,241.7372525999893
Curie(TC) (K),370,256,546.0,571.420957264956,241.7372525999893
Curie(TC) (K),374,260,518.0,521.1750576923074,241.7372525999893
Curie(TC) (K),392,273,887.9,587.0781666666641,241.7372525999893
Curie(TC) (K),393,2,723.15,725.7477154761896,241.7372525999893
Curie(TC) (K),395,275,704.15,668.8188333333302,241.7372525999893
Curie(TC) (K),397,277,625.15,635.2147407407377,241.7372525999893
Curie(TC) (K),400,280,587.15,624.9441666666662,241.7372525999893
Curie(TC) (K),411,286,750.15,648.1877916666649,241.7372525999893
Curie(TC) (K),414,289,717.0,596.7816479885046,241.7372525999893
Curie(TC) (K),419,294,350.0,502.6879999999996,241.7372525999893
Curie(TC) (K),421,296,480.0,475.7788333333333,241.7372525999893
Curie(TC) (K),437,306,1178.15,919.9534584175054,241.7372525999893
Curie(TC) (K),439,307,723.0,710.8991090038297,241.7372525999893
Curie(TC) (K),440,307,723.0,710.8991090038297,241.7372525999893
Curie(TC) (K),441,307,723.0,710.8991090038297,241.7372525999893
Curie(TC) (K),442,307,723.0,710.8991090038297,241.7372525999893
Curie(TC) (K),444,3,750.15,746.043666666663,241.7372525999893
Curie(TC) (K),445,308,573.15,601.3545666666669,241.7372525999893
Curie(TC) (K),446,309,573.15,623.0444583333344,241.7372525999893
Curie(TC) (K),447,120,628.0,452.4391833333329,241.7372525999893
Curie(TC) (K),457,318,492.47,523.8280888888876,241.7372525999893
Curie(TC) (K),458,319,466.56,572.2026263888876,241.7372525999893
Curie(TC) (K),468,323,758.0,657.7479933976446,241.7372525999893
Curie(TC) (K),474,327,541.15,594.5452264957255,241.7372525999893
Curie(TC) (K),475,328,610.15,616.3148438034176,241.7372525999893
Curie(TC) (K),476,215,650.15,616.5273130952374,241.7372525999893
Curie(TC) (K),480,331,637.15,625.8602564102558,241.7372525999893
Curie(TC) (K),481,332,608.15,620.4879999999989,241.7372525999893
Curie(TC) (K),484,120,633.15,452.4391833333329,241.7372525999893
Curie(TC) (K),485,333,595.0,563.1516111111106,241.7372525999893
Curie(TC) (K),486,120,530.0,452.4391833333329,241.7372525999893
Curie(TC) (K),487,334,625.0,566.6663694444449,241.7372525999893
Curie(TC) (K),496,120,530.15,452.4391833333329,241.7372525999893
Curie(TC) (K),502,346,240.0,396.25627037037026,241.7372525999893
Curie(TC) (K),506,350,255.0,243.5698111111111,241.7372525999893
Curie(TC) (K),507,351,658.0,658.622499999997,241.7372525999893
Curie(TC) (K),508,352,663.0,669.8708333333304,241.7372525999893
Curie(TC) (K),509,2,728.0,725.7477154761896,241.7372525999893
Curie(TC) (K),514,355,304.3,475.4447888888889,241.7372525999893
Curie(TC) (K),515,355,318.9,475.4447888888889,241.7372525999893
Curie(TC) (K),516,355,357.6,475.4447888888889,241.7372525999893
Curie(TC) (K),517,355,359.3,475.4447888888889,241.7372525999893
Curie(TC) (K),524,359,933.15,773.765242592592,241.7372525999893
Curie(TC) (K),529,362,915.0,897.6543333333333,241.7372525999893
Curie(TC) (K),533,365,480.0,629.6374999999999,241.7372525999893
Curie(TC) (K),538,370,488.0,587.0412833333311,241.7372525999893
Curie(TC) (K),539,371,548.0,583.2895999999978,241.7372525999893
Curie(TC) (K),556,381,744.15,705.9937731481455,241.7372525999893
Curie(TC) (K),563,388,576.15,578.3429999999971,241.7372525999893
Curie(TC) (K),581,30,473.15,513.449798148147,241.7372525999893
Curie(TC) (K),583,398,793.0,779.8597580645155,241.7372525999893
Curie(TC) (K),591,404,568.15,633.091349999997,241.7372525999893
Curie(TC) (K),592,405,370.0,700.5884759259258,241.7372525999893
Curie(TC) (K),597,408,781.15,742.60615833333,241.7372525999893
Curie(TC) (K),598,409,780.15,763.0933333333295,241.7372525999893
Curie(TC) (K),600,411,772.15,769.1367777777741,241.7372525999893
Curie(TC) (K),627,425,516.0,509.04716666666667,241.7372525999893
Curie(TC) (K),632,428,766.27,739.8543119047615,241.7372525999893
Curie(TC) (K),636,429,731.0,595.9212416666654,241.7372525999893
Curie(TC) (K),637,430,783.0,395.0786314814815,241.7372525999893
Curie(TC) (K),638,430,718.0,395.0786314814815,241.7372525999893
Curie(TC) (K),645,436,583.15,422.8624333333331,241.7372525999893
Curie(TC) (K),654,440,743.15,747.3723333333296,241.7372525999893
Curie(TC) (K),658,442,793.0,730.4891666666666,241.7372525999893
Curie(TC) (K),663,447,589.15,665.7408632478619,241.7372525999893
Curie(TC) (K),671,449,12.0,150.34218888888893,241.7372525999893
Curie(TC) (K),675,451,500.0,473.32479583333236,241.7372525999893
Curie(TC) (K),681,457,423.0,415.3061666666667,241.7372525999893
Curie(TC) (K),687,3,748.0,746.043666666663,241.7372525999893
Curie(TC) (K),688,428,735.0,739.8543119047615,241.7372525999893
Curie(TC) (K),691,465,39.0,101.90265185185153,241.7372525999893
Curie(TC) (K),693,467,1199.0,1183.9751666666666,241.7372525999893
Curie(TC) (K),705,477,666.0,670.0090740740737,241.7372525999893
Curie(TC) (K),710,481,678.15,589.0322943761736,241.7372525999893
Curie(TC) (K),712,482,662.15,524.9427518518515,241.7372525999893
Curie(TC) (K),713,30,640.15,513.449798148147,241.7372525999893
Curie(TC) (K),721,485,225.0,229.37366666666668,241.7372525999893
Curie(TC) (K),730,3,750.0,746.043666666663,241.7372525999893
Curie(TC) (K),739,2,741.18,725.7477154761896,241.7372525999893
Curie(TC) (K),744,499,773.0,647.8829150089597,241.7372525999893
Curie(TC) (K),745,499,773.0,647.8829150089597,241.7372525999893
Curie(TC) (K),746,499,773.0,647.8829150089597,241.7372525999893
Curie(TC) (K),747,499,773.0,647.8829150089597,241.7372525999893
Curie(TC) (K),748,499,773.0,647.8829150089597,241.7372525999893
Curie(TC) (K),751,501,491.0,495.35769999999997,241.7372525999893
Curie(TC) (K),754,504,474.0,478.67516666666654,241.7372525999893
Curie(TC) (K),757,506,396.0,193.44264444444443,241.7372525999893
Curie(TC) (K),758,507,329.0,184.3326111111111,241.7372525999893
Curie(TC) (K),769,518,710.0,611.4383174603171,241.7372525999893
Curie(TC) (K),775,522,470.0,420.1657222222217,241.7372525999893
Curie(TC) (K),781,528,630.0,590.2629999999997,241.7372525999893
Curie(TC) (K),782,529,630.0,609.1288333333333,241.7372525999893
Curie(TC) (K),789,536,288.0,289.7876666666666,241.7372525999893
Curie(TC) (K),802,543,510.15,555.3578333333309,241.7372525999893
Curie(TC) (K),814,549,601.0,596.4384999999997,241.7372525999893
Curie(TC) (K),817,551,816.5,646.4524339904402,241.7372525999893
Curie(TC) (K),822,307,728.15,710.8991090038297,241.7372525999893
Curie(TC) (K),823,307,729.15,710.8991090038297,241.7372525999893
Curie(TC) (K),824,307,728.15,710.8991090038297,241.7372525999893
Curie(TC) (K),825,307,727.15,710.8991090038297,241.7372525999893
Curie(TC) (K),826,307,725.15,710.8991090038297,241.7372525999893
Curie(TC) (K),827,307,724.15,710.8991090038297,241.7372525999893
Curie(TC) (K),830,554,695.0,685.1708445724513,241.7372525999893
Curie(TC) (K),847,557,518.15,552.4739273809514,241.7372525999893
Curie(TC) (K),848,557,518.15,552.4739273809514,241.7372525999893
Curie(TC) (K),849,558,589.15,119.79882222222227,241.7372525999893
Curie(TC) (K),872,572,580.0,697.9132787240527,241.7372525999893
Curie(TC) (K),876,2,540.0,725.7477154761896,241.7372525999893
Curie(TC) (K),877,575,622.15,639.6634076923059,241.7372525999893
Curie(TC) (K),878,576,671.15,625.8602499999987,241.7372525999893
Curie(TC) (K),884,578,373.0,660.2142333333328,241.7372525999893
Curie(TC) (K),890,583,956.0,901.6866111111109,241.7372525999893
Curie(TC) (K),898,589,373.0,477.22241764592917,241.7372525999893
Curie(TC) (K),899,590,664.0,620.8376666666653,241.7372525999893
Curie(TC) (K),901,3,746.0,746.043666666663,241.7372525999893
Curie(TC) (K),904,594,563.0,732.5358166666653,241.7372525999893
Curie(TC) (K),951,30,790.0,513.449798148147,241.7372525999893
Curie(TC) (K),952,30,790.0,513.449798148147,241.7372525999893
Curie(TC) (K),953,30,790.0,513.449798148147,241.7372525999893
Curie(TC) (K),954,30,790.0,513.449798148147,241.7372525999893
Curie(TC) (K),955,30,790.0,513.449798148147,241.7372525999893
Curie(TC) (K),960,626,770.0,586.7976587962951,241.7372525999893
Curie(TC) (K),962,628,1060.0,949.060383964647,241.7372525999893
Curie(TC) (K),986,3,748.15,746.043666666663,241.7372525999893
Curie(TC) (K),990,649,745.15,581.9777083333311,241.7372525999893
Curie(TC) (K),991,649,748.15,581.9777083333311,241.7372525999893
Curie(TC) (K),992,649,748.15,581.9777083333311,241.7372525999893
Curie(TC) (K),993,650,556.15,556.3184255952372,241.7372525999893
Curie(TC) (K),996,652,541.55,537.9910955026443,241.7372525999893
Curie(TC) (K),1001,657,892.15,761.1550749999986,241.7372525999893
Curie(TC) (K),1006,662,796.15,754.8978657407374,241.7372525999893
Curie(TC) (K),1013,665,375.0,313.46151111111254,241.7372525999893
Curie(TC) (K),1019,667,1126.0,1114.2391000000002,241.7372525999893
Curie(TC) (K),1022,113,723.15,526.5018949735446,241.7372525999893
Curie(TC) (K),1031,44,583.15,1234.1383389550297,241.7372525999893
Curie(TC) (K),1037,675,793.0,666.7801691798936,241.7372525999893
Curie(TC) (K),1038,675,793.0,666.7801691798936,241.7372525999893
Curie(TC) (K),1043,679,723.15,687.424924074071,241.7372525999893
Curie(TC) (K),1046,682,506.15,516.470208333332,241.7372525999893
Curie(TC) (K),1052,684,691.0,652.261666666666,241.7372525999893
Curie(TC) (K),1056,688,160.0,177.32855555555554,241.7372525999893
Curie(TC) (K),1060,692,538.15,385.5594722222219,241.7372525999893
Curie(TC) (K),1067,695,693.15,876.6796944444411,241.7372525999893
Curie(TC) (K),1085,2,724.0,725.7477154761896,241.7372525999893
Curie(TC) (K),1086,2,689.0,725.7477154761896,241.7372525999893
Curie(TC) (K),1087,2,667.0,725.7477154761896,241.7372525999893
Curie(TC) (K),1088,2,645.0,725.7477154761896,241.7372525999893
Curie(TC) (K),1089,2,625.0,725.7477154761896,241.7372525999893
Curie(TC) (K),1090,2,606.0,725.7477154761896,241.7372525999893
Curie(TC) (K),1094,66,673.15,607.435933333332,241.7372525999893
Curie(TC) (K),1095,66,673.15,607.435933333332,241.7372525999893
Curie(TC) (K),1096,657,730.0,761.1550749999986,241.7372525999893
Curie(TC) (K),1097,706,700.0,710.6339999999993,241.7372525999893
Curie(TC) (K),1099,708,655.0,658.7613333333334,241.7372525999893
Curie(TC) (K),1103,712,436.0,497.9932666666661,241.7372525999893
Curie(TC) (K),1104,3,749.0,746.043666666663,241.7372525999893
Curie(TC) (K),1106,657,722.15,761.1550749999986,241.7372525999893
Curie(TC) (K),1107,2,725.0,725.7477154761896,241.7372525999893
Curie(TC) (K),1108,66,728.0,607.435933333332,241.7372525999893
Curie(TC) (K),1134,734,687.15,644.4607066091957,241.7372525999893
Curie(TC) (K),1135,30,798.15,513.449798148147,241.7372525999893
Curie(TC) (K),1136,30,708.15,513.449798148147,241.7372525999893
Curie(TC) (K),1140,30,450.0,513.449798148147,241.7372525999893
Curie(TC) (K),1141,737,745.05,603.6352874999994,241.7372525999893
Curie(TC) (K),1150,740,621.0,614.479666666666,241.7372525999893
Curie(TC) (K),1151,741,609.0,596.3638333333324,241.7372525999893
Curie(TC) (K),1153,743,565.0,579.2772499999996,241.7372525999893
Curie(TC) (K),1166,753,523.0,553.832249999999,241.7372525999893
Curie(TC) (K),1167,665,370.0,313.46151111111254,241.7372525999893
Curie(TC) (K),1168,754,332.0,256.67980000000017,241.7372525999893
Curie(TC) (K),1171,756,400.0,550.9994722222207,241.7372525999893
Curie(TC) (K),1175,759,428.0,430.01716666666664,241.7372525999893
Curie(TC) (K),1179,761,822.0,801.6048888888884,241.7372525999893
Curie(TC) (K),1185,695,683.0,876.6796944444411,241.7372525999893
Curie(TC) (K),1206,777,365.0,388.56970079365067,241.7372525999893
Curie(TC) (K),1212,781,300.0,268.6913351851851,241.7372525999893
Curie(TC) (K),1214,782,710.0,607.0506944444429,241.7372525999893
Curie(TC) (K),1216,2,730.0,725.7477154761896,241.7372525999893
Curie(TC) (K),1217,783,363.0,988.1681736111108,241.7372525999893
Curie(TC) (K),1231,789,64.0,149.95718888888894,241.7372525999893
Curie(TC) (K),1232,790,370.0,605.3360320881212,241.7372525999893
Curie(TC) (K),1233,790,370.0,605.3360320881212,241.7372525999893
Curie(TC) (K),1234,790,370.0,605.3360320881212,241.7372525999893
Curie(TC) (K),1235,790,370.0,605.3360320881212,241.7372525999893
Curie(TC) (K),1237,792,767.0,627.6078611111109,241.7372525999893
Curie(TC) (K),1238,120,633.0,452.4391833333329,241.7372525999893
Curie(TC) (K),1242,790,123.0,605.3360320881212,241.7372525999893
Curie(TC) (K),1247,798,658.15,612.6907210317446,241.7372525999893
Curie(TC) (K),1248,798,658.15,612.6907210317446,241.7372525999893
Curie(TC) (K),1250,30,350.0,513.449798148147,241.7372525999893
Curie(TC) (K),1257,801,620.0,618.7041646464635,241.7372525999893
Curie(TC) (K),1260,790,360.0,605.3360320881212,241.7372525999893
Curie(TC) (K),1261,790,360.0,605.3360320881212,241.7372525999893
Curie(TC) (K),1269,120,628.0,452.4391833333329,241.7372525999893
Curie(TC) (K),1270,120,628.0,452.4391833333329,241.7372525999893
Curie(TC) (K),1273,809,780.0,435.5366999999994,241.7372525999893
Curie(TC) (K),1275,810,215.0,213.77477777777796,241.7372525999893
Curie(TC) (K),1291,44,175.0,1234.1383389550297,241.7372525999893
Curie(TC) (K),1294,816,423.15,543.6435111111101,241.7372525999893
Curie(TC) (K),1295,816,423.15,543.6435111111101,241.7372525999893
Curie(TC) (K),1306,792,761.0,627.6078611111109,241.7372525999893
Curie(TC) (K),1307,792,761.0,627.6078611111109,241.7372525999893
Curie(TC) (K),1309,824,400.0,545.7566666666667,241.7372525999893
Curie(TC) (K),1324,792,763.15,627.6078611111109,241.7372525999893
Curie(TC) (K),1327,44,928.0,1234.1383389550297,241.7372525999893
Curie(TC) (K),1342,841,350.0,384.63363333333325,241.7372525999893
Curie(TC) (K),1349,845,400.0,565.0616626984114,241.7372525999893
Curie(TC) (K),1351,789,30.0,149.95718888888894,241.7372525999893
Curie(TC) (K),1354,665,360.0,313.46151111111254,241.7372525999893
Curie(TC) (K),1372,665,288.0,313.46151111111254,241.7372525999893
Curie(TC) (K),1375,790,350.0,605.3360320881212,241.7372525999893
Curie(TC) (K),1379,792,767.0,627.6078611111109,241.7372525999893
Curie(TC) (K),1383,628,981.0,949.060383964647,241.7372525999893
Curie(TC) (K),1384,867,952.0,913.5425720538719,241.7372525999893
Curie(TC) (K),1386,869,864.0,866.9549055555555,241.7372525999893
Curie(TC) (K),1393,872,28.0,139.16183333333328,241.7372525999893
Curie(TC) (K),1394,665,350.0,313.46151111111254,241.7372525999893
Curie(TC) (K),1396,873,328.0,566.2942609427608,241.7372525999893
Curie(TC) (K),1400,875,150.0,226.7699111111111,241.7372525999893
Curie(TC) (K),1405,879,47.9,323.94028948412733,241.7372525999893
Curie(TC) (K),1407,810,200.0,213.77477777777796,241.7372525999893
Curie(TC) (K),1408,875,150.0,226.7699111111111,241.7372525999893
Curie(TC) (K),1409,875,150.0,226.7699111111111,241.7372525999893
Curie(TC) (K),1419,886,1000.0,937.1146891835025,241.7372525999893
Curie(TC) (K),1420,887,130.0,324.4496,241.7372525999893
Curie(TC) (K),1428,810,260.0,213.77477777777796,241.7372525999893
Curie(TC) (K),1429,895,8.7,244.60300000000012,241.7372525999893
Curie(TC) (K),1430,896,80.0,646.4566722222229,241.7372525999893
Curie(TC) (K),1432,845,404.0,565.0616626984114,241.7372525999893
Curie(TC) (K),1437,900,160.0,136.3936666666667,241.7372525999893
Curie(TC) (K),1442,904,16.0,119.51575555555532,241.7372525999893
Curie(TC) (K),1459,916,204.0,646.5339569384308,241.7372525999893
Curie(TC) (K),1476,925,625.0,638.5598690476185,241.7372525999893
Curie(TC) (K),1503,44,1388.0,1234.1383389550297,241.7372525999893
Curie(TC) (K),1505,946,215.5,236.92873472222234,241.7372525999893
Curie(TC) (K),1507,948,166.2,206.64433333333395,241.7372525999893
Curie(TC) (K),1515,952,9.7,74.29166666666671,241.7372525999893
Curie(TC) (K),1518,954,541.0,528.0263333333328,241.7372525999893
Curie(TC) (K),1531,960,930.0,357.41022843915323,241.7372525999893
Curie(TC) (K),1539,964,119.0,502.6063888888882,241.7372525999893
Curie(TC) (K),1542,967,707.0,737.7009111111138,241.7372525999893
Curie(TC) (K),1550,974,278.0,499.8371126984127,241.7372525999893
Curie(TC) (K),1552,976,290.0,549.1598257936504,241.7372525999893
Curie(TC) (K),1555,845,415.0,565.0616626984114,241.7372525999893
Curie(TC) (K),1556,845,470.0,565.0616626984114,241.7372525999893
Curie(TC) (K),1557,845,520.0,565.0616626984114,241.7372525999893
Curie(TC) (K),1558,845,570.0,565.0616626984114,241.7372525999893
Curie(TC) (K),1559,978,830.0,538.0880041666658,241.7372525999893
Curie(TC) (K),1567,981,10.6,56.25716666666667,241.7372525999893
Curie(TC) (K),1572,120,628.0,452.4391833333329,241.7372525999893
Curie(TC) (K),1580,792,761.0,627.6078611111109,241.7372525999893
Curie(TC) (K),1605,485,228.0,229.37366666666668,241.7372525999893
Curie(TC) (K),1606,485,226.0,229.37366666666668,241.7372525999893
Curie(TC) (K),1607,845,450.0,565.0616626984114,241.7372525999893
Curie(TC) (K),1608,1002,60.0,120.93257777777794,241.7372525999893
Curie(TC) (K),1634,790,255.0,605.3360320881212,241.7372525999893
Curie(TC) (K),1635,810,250.0,213.77477777777796,241.7372525999893
Curie(TC) (K),1636,810,230.0,213.77477777777796,241.7372525999893
Curie(TC) (K),1640,506,395.0,193.44264444444443,241.7372525999893
Curie(TC) (K),1642,960,365.0,357.41022843915323,241.7372525999893
Curie(TC) (K),1646,1016,120.0,199.23720681003593,241.7372525999893
Curie(TC) (K),1649,44,300.0,1234.1383389550297,241.7372525999893
Curie(TC) (K),1655,789,68.0,149.95718888888894,241.7372525999893
Curie(TC) (K),1656,790,320.0,605.3360320881212,241.7372525999893
Curie(TC) (K),1661,1023,423.0,436.77817361111113,241.7372525999893
Curie(TC) (K),1669,1028,80.0,297.50981111111116,241.7372525999893
Curie(TC) (K),1674,665,290.5,313.46151111111254,241.7372525999893
Curie(TC) (K),1675,665,286.0,313.46151111111254,241.7372525999893
Curie(TC) (K),1676,1032,380.0,307.50588888888893,241.7372525999893
Curie(TC) (K),1682,1035,300.0,269.6737629629629,241.7372525999893
Curie(TC) (K),1685,790,200.0,605.3360320881212,241.7372525999893
Curie(TC) (K),1686,790,210.0,605.3360320881212,241.7372525999893
Curie(TC) (K),1720,485,228.0,229.37366666666668,241.7372525999893
Curie(TC) (K),1721,1052,711.0,373.9514027777779,241.7372525999893
Curie(TC) (K),1723,789,58.6,149.95718888888894,241.7372525999893
Curie(TC) (K),1724,1054,350.0,1025.425914309763,241.7372525999893
Curie(TC) (K),1729,44,18.6,1234.1383389550297,241.7372525999893
Curie(TC) (K),1730,44,16.3,1234.1383389550297,241.7372525999893
Curie(TC) (K),1735,1057,15.0,330.37999365079344,241.7372525999893
Coercivity (Oe),4,2,2.941511432634403,2.983579635681808,1.456715174385068
Coercivity (Oe),5,3,3.6127838567197355,4.0261286216181995,1.456715174385068
Coercivity (Oe),6,3,4.012837224705172,4.0261286216181995,1.456715174385068
Coercivity (Oe),16,10,4.206015876763344,3.6974572636652465,1.456715174385068
Coercivity (Oe),18,12,-0.769551078621726,-0.33493795210334415,1.456715174385068
Coercivity (Oe),32,23,3.9395192526186187,3.8667620326503362,1.456715174385068
Coercivity (Oe),34,25,3.6020599913279625,3.6622812166361403,1.456715174385068
Coercivity (Oe),39,30,0.2741578492636798,1.310790970262391,1.456715174385068
Coercivity (Oe),40,31,3.681241237375587,3.1469103869691644,1.456715174385068
Coercivity (Oe),49,39,1.4229179807676624,3.217545338488425,1.456715174385068
Coercivity (Oe),55,44,-1.2218487496163564,1.927890179590164,1.456715174385068
Coercivity (Oe),61,49,3.9161137495997234,4.062336295057238,1.456715174385068
Coercivity (Oe),62,49,4.015137101461758,4.062336295057238,1.456715174385068
Coercivity (Oe),63,49,4.1095097022294444,4.062336295057238,1.456715174385068
Coercivity (Oe),71,54,3.214843848047698,2.0953687450332485,1.456715174385068
Coercivity (Oe),72,55,4.176091259055681,3.644942966086688,1.456715174385068
Coercivity (Oe),75,58,1.3502480183341627,1.7867027721437403,1.456715174385068
Coercivity (Oe),76,59,1.639486489268586,1.7370253078802864,1.456715174385068
Coercivity (Oe),81,63,4.107209969647869,3.904452511447645,1.456715174385068
Coercivity (Oe),85,2,3.7032913781186614,2.983579635681808,1.456715174385068
Coercivity (Oe),86,66,2.9542425094393248,1.264973000127099,1.456715174385068
Coercivity (Oe),87,67,3.7437464455911926,3.422664707505056,1.456715174385068
Coercivity (Oe),90,70,3.4771212547196626,2.912971407959668,1.456715174385068
Coercivity (Oe),92,72,4.701567985055927,3.851813990758044,1.456715174385068
Coercivity (Oe),96,76,1.0,2.876125620614561,1.456715174385068
Coercivity (Oe),98,78,3.380211241711606,3.398207014536956,1.456715174385068
Coercivity (Oe),99,3,3.662757831681574,4.0261286216181995,1.456715174385068
Coercivity (Oe),107,83,1.5247854493212223,2.3206300120547603,1.456715174385068
Coercivity (Oe),108,3,4.501059262217751,4.0261286216181995,1.456715174385068
Coercivity (Oe),111,86,3.9822712330395684,3.9797237313428946,1.456715174385068
Coercivity (Oe),113,88,3.99563519459755,3.9467950211025338,1.456715174385068
Coercivity (Oe),127,96,4.004321373782642,3.6804198855569012,1.456715174385068
Coercivity (Oe),132,3,3.93363051054507,4.0261286216181995,1.456715174385068
Coercivity (Oe),133,100,3.6812729035270784,3.541267170541011,1.456715174385068
Coercivity (Oe),135,101,3.249658099106613,2.431616582801834,1.456715174385068
Coercivity (Oe),144,101,3.214843848047698,2.431616582801834,1.456715174385068
Coercivity (Oe),145,106,4.117271295655764,4.030927779161135,1.456715174385068
Coercivity (Oe),146,107,3.722458688843872,3.6218123008908796,1.456715174385068
Coercivity (Oe),148,109,-0.8860566476931632,-0.09951732923591051,1.456715174385068
Coercivity (Oe),152,3,4.043692295012276,4.0261286216181995,1.456715174385068
Coercivity (Oe),154,113,-0.619788758288394,1.133381638619965,1.456715174385068
Coercivity (Oe),162,120,3.663700925389648,3.533870041593173,1.456715174385068
Coercivity (Oe),168,44,2.550228353055094,1.927890179590164,1.456715174385068
Coercivity (Oe),186,136,3.886490725172482,3.8085361659124244,1.456715174385068
Coercivity (Oe),190,139,2.885361220031512,3.0060446961295644,1.456715174385068
Coercivity (Oe),192,139,3.2340108175871793,3.0060446961295644,1.456715174385068
Coercivity (Oe),193,120,3.4818008095386106,3.533870041593173,1.456715174385068
Coercivity (Oe),194,141,4.362135126493338,3.103772494584996,1.456715174385068
Coercivity (Oe),209,3,4.1003705451175625,4.0261286216181995,1.456715174385068
Coercivity (Oe),213,158,2.8857568810692675,2.9170326354419953,1.456715174385068
Coercivity (Oe),217,120,4.4609375135201335,3.533870041593173,1.456715174385068
Coercivity (Oe),218,3,4.143014800254095,4.0261286216181995,1.456715174385068
Coercivity (Oe),228,168,3.2624510897304293,2.3940703005597825,1.456715174385068
Coercivity (Oe),233,101,3.26356269383999,2.431616582801834,1.456715174385068
Coercivity (Oe),236,174,2.591064607026499,1.033227078978432,1.456715174385068
Coercivity (Oe),243,178,1.400192488592576,2.0716675698486102,1.456715174385068
Coercivity (Oe),254,2,3.683947130751512,2.983579635681808,1.456715174385068
Coercivity (Oe),255,2,3.546542663478131,2.983579635681808,1.456715174385068
Coercivity (Oe),256,2,3.660865478003869,2.983579635681808,1.456715174385068
Coercivity (Oe),257,2,3.6464037262230695,2.983579635681808,1.456715174385068
Coercivity (Oe),258,2,3.510545010206612,2.983579635681808,1.456715174385068
Coercivity (Oe),259,2,3.595496221825574,2.983579635681808,1.456715174385068
Coercivity (Oe),264,184,1.5440680443502757,1.421611189753501,1.456715174385068
Coercivity (Oe),265,66,1.4941545940184429,1.264973000127099,1.456715174385068
Coercivity (Oe),275,192,3.0,3.9813734370180107,1.456715174385068
Coercivity (Oe),285,120,3.568201724066995,3.533870041593173,1.456715174385068
Coercivity (Oe),289,198,4.164352855784437,4.064182519606996,1.456715174385068
Coercivity (Oe),290,199,3.6232492903979003,3.6408115625865185,1.456715174385068
Coercivity (Oe),299,208,3.1760912590556813,2.62749666730554,1.456715174385068
Coercivity (Oe),301,210,3.763851598418233,3.4042189703825954,1.456715174385068
Coercivity (Oe),302,3,3.4971495058611235,4.0261286216181995,1.456715174385068
Coercivity (Oe),306,213,1.5588285248170117,1.747644414381778,1.456715174385068
Coercivity (Oe),308,215,3.4913616938342726,3.7148843201234087,1.456715174385068
Coercivity (Oe),311,218,4.05307844348342,3.879112540504979,1.456715174385068
Coercivity (Oe),341,237,3.5287881917748964,3.4337862630588134,1.456715174385068
Coercivity (Oe),348,3,4.1303337684950066,4.0261286216181995,1.456715174385068
Coercivity (Oe),355,244,3.5440680443502757,3.577323874245925,1.456715174385068
Coercivity (Oe),358,247,4.152288344383057,3.040776635016249,1.456715174385068
Coercivity (Oe),359,247,4.033423755486949,3.040776635016249,1.456715174385068
Coercivity (Oe),370,256,1.7704101315139062,3.4005651702171047,1.456715174385068
Coercivity (Oe),374,260,1.4771212547196624,1.6764627236058414,1.456715174385068
Coercivity (Oe),392,273,-1.2218487496163564,-1.0580849484208936,1.456715174385068
Coercivity (Oe),393,2,3.5384480517102173,2.983579635681808,1.456715174385068
Coercivity (Oe),395,275,2.661812685537261,2.6166273898442385,1.456715174385068
Coercivity (Oe),397,277,1.8195439355418688,2.186251521685153,1.456715174385068
Coercivity (Oe),400,280,3.963787827345555,3.9024302219999876,1.456715174385068
Coercivity (Oe),411,286,4.03981055414835,3.69981265383067,1.456715174385068
Coercivity (Oe),414,289,3.3010299956639813,2.2677354421618463,1.456715174385068
Coercivity (Oe),419,294,4.079181246047625,3.693265762967497,1.456715174385068
Coercivity (Oe),421,296,3.3979400086720375,3.425272605207496,1.456715174385068
Coercivity (Oe),437,306,4.117271295655764,3.6426764024097573,1.456715174385068
Coercivity (Oe),439,307,3.6599162000698504,2.8453687006665005,1.456715174385068
Coercivity (Oe),440,307,3.6444385894678386,2.8453687006665005,1.456715174385068
Coercivity (Oe),441,307,3.6830470382388496,2.8453687006665005,1.456715174385068
Coercivity (Oe),442,307,3.6884198220027105,2.8453687006665005,1.456715174385068
Coercivity (Oe),444,3,4.096910013008056,4.0261286216181995,1.456715174385068
Coercivity (Oe),445,308,3.3654879848909,3.0038150360346885,1.456715174385068
Coercivity (Oe),446,309,3.4265112613645754,3.0003341546320574,1.456715174385068
Coercivity (Oe),447,120,4.02530586526477,3.533870041593173,1.456715174385068
Coercivity (Oe),457,318,3.7906918167176094,3.7231068340826927,1.456715174385068
Coercivity (Oe),458,319,3.7947716744956903,3.6319355227629413,1.456715174385068
Coercivity (Oe),468,323,3.6532125137753435,3.255791572297797,1.456715174385068
Coercivity (Oe),474,327,3.462397997898956,3.6284793871643655,1.456715174385068
Coercivity (Oe),475,328,3.3979400086720375,3.6486084998921045,1.456715174385068
Coercivity (Oe),476,215,3.6314437690131722,3.7148843201234087,1.456715174385068
Coercivity (Oe),480,331,3.747569492637394,3.650268519740311,1.456715174385068
Coercivity (Oe),481,332,3.93616626845658,3.951077848649487,1.456715174385068
Coercivity (Oe),484,120,3.4471580313422194,3.533870041593173,1.456715174385068
Coercivity (Oe),485,333,3.7436484973026496,3.813722253686446,1.456715174385068
Coercivity (Oe),486,120,4.008600171761918,3.533870041593173,1.456715174385068
Coercivity (Oe),487,334,4.0,3.894835926496227,1.456715174385068
Coercivity (Oe),496,120,3.8976270912904414,3.533870041593173,1.456715174385068
Coercivity (Oe),502,346,3.9030899869919438,3.3019312832883725,1.456715174385068
Coercivity (Oe),506,350,2.376576957056512,2.416027503144046,1.456715174385068
Coercivity (Oe),507,351,-1.0,-0.9800079766743188,1.456715174385068
Coercivity (Oe),508,352,-1.0969100130080565,-0.9488452658382595,1.456715174385068
Coercivity (Oe),509,2,3.557428997797532,2.983579635681808,1.456715174385068
Coercivity (Oe),514,355,3.1055101847699738,2.206877966903111,1.456715174385068
Coercivity (Oe),515,355,3.0549958615291417,2.206877966903111,1.456715174385068
Coercivity (Oe),516,355,3.1172712956557644,2.206877966903111,1.456715174385068
Coercivity (Oe),517,355,2.380211241711606,2.206877966903111,1.456715174385068
Coercivity (Oe),524,359,-0.12493873660829995,1.1038468913968449,1.456715174385068
Coercivity (Oe),529,362,2.0791812460476247,2.051973166655383,1.456715174385068
Coercivity (Oe),533,365,2.423245873936808,2.6360210766684076,1.456715174385068
Coercivity (Oe),538,370,-1.2218487496163564,-0.6834966893116288,1.456715174385068
Coercivity (Oe),539,371,-1.3979400086720375,-0.5990569434675809,1.456715174385068
Coercivity (Oe),556,381,2.648925689157213,2.5324617040927535,1.456715174385068
Coercivity (Oe),563,388,-0.8860566476931632,-0.9682005082908883,1.456715174385068
Coercivity (Oe),581,30,0.3424226808222063,1.310790970262391,1.456715174385068
Coercivity (Oe),583,398,2.296665190261531,2.106202356735499,1.456715174385068
Coercivity (Oe),591,404,2.5563025007672873,2.245955387249278,1.456715174385068
Coercivity (Oe),592,405,1.5646660642520893,2.2600037523690024,1.456715174385068
Coercivity (Oe),597,408,3.137670537236755,2.6985953362878887,1.456715174385068
Coercivity (Oe),598,409,2.9472376078706666,2.861925968766588,1.456715174385068
Coercivity (Oe),600,411,2.2531198338868874,2.8877196474395626,1.456715174385068
Coercivity (Oe),627,425,-0.5528419686577808,-0.44073525504869904,1.456715174385068
Coercivity (Oe),632,428,3.804480189105993,2.5329674820034174,1.456715174385068
Coercivity (Oe),636,429,2.9281397068751196,2.3544861946304416,1.456715174385068
Coercivity (Oe),637,430,0.6127838567197355,1.014164053348029,1.456715174385068
Coercivity (Oe),638,430,0.8750612633917001,1.014164053348029,1.456715174385068
Coercivity (Oe),645,436,3.9522992849085568,3.616848562174317,1.456715174385068
Coercivity (Oe),654,440,3.8946726581414817,4.012913761223373,1.456715174385068
Coercivity (Oe),658,442,2.962369335670021,2.908073888828606,1.456715174385068
Coercivity (Oe),663,447,3.6720978579357175,3.6224968242117326,1.456715174385068
Coercivity (Oe),671,449,2.2041199826559246,3.2158264033564787,1.456715174385068
Coercivity (Oe),675,451,1.9211660506377388,2.6507681537581558,1.456715174385068
Coercivity (Oe),681,457,3.094331349277096,2.8603768430318244,1.456715174385068
Coercivity (Oe),687,3,3.960470777534299,4.0261286216181995,1.456715174385068
Coercivity (Oe),688,428,2.62293896921149,2.5329674820034174,1.456715174385068
Coercivity (Oe),691,465,4.342422680822207,3.6558937425516356,1.456715174385068
Coercivity (Oe),693,467,0.9030899869919435,0.989396600978207,1.456715174385068
Coercivity (Oe),705,477,0.28103336724772754,0.30306311470503283,1.456715174385068
Coercivity (Oe),710,481,2.318313817223999,1.2742731355844885,1.456715174385068
Coercivity (Oe),712,482,2.4595734061046524,1.085854630817223,1.456715174385068
Coercivity (Oe),713,30,2.471775621020804,1.310790970262391,1.456715174385068
Coercivity (Oe),721,485,2.9876662649262746,2.7891393575212504,1.456715174385068
Coercivity (Oe),730,3,4.392696953259666,4.0261286216181995,1.456715174385068
Coercivity (Oe),739,2,3.7795964912578244,2.983579635681808,1.456715174385068
Coercivity (Oe),744,499,2.247973266361807,2.0574102398178113,1.456715174385068
Coercivity (Oe),745,499,2.444044795918076,2.0574102398178113,1.456715174385068
Coercivity (Oe),746,499,2.690196080028514,2.0574102398178113,1.456715174385068
Coercivity (Oe),747,499,3.0342272607705505,2.0574102398178113,1.456715174385068
Coercivity (Oe),748,499,2.9339931638312424,2.0574102398178113,1.456715174385068
Coercivity (Oe),751,501,3.7582304084577496,3.6250096282458695,1.456715174385068
Coercivity (Oe),754,504,2.8680563618230415,2.906511708425565,1.456715174385068
Coercivity (Oe),757,506,1.7781512503836436,2.1977109114383406,1.456715174385068
Coercivity (Oe),758,507,1.7781512503836436,1.9347029660609667,1.456715174385068
Coercivity (Oe),769,518,1.9030899869919435,2.513520471570591,1.456715174385068
Coercivity (Oe),775,522,-1.2218487496163564,0.8851879716726074,1.456715174385068
Coercivity (Oe),781,528,2.977266212427293,2.7854894157567474,1.456715174385068
Coercivity (Oe),782,529,2.9804578922761,2.8971583163328245,1.456715174385068
Coercivity (Oe),789,536,3.865991800126275,3.9158212458422113,1.456715174385068
Coercivity (Oe),802,543,2.0073636543122784,1.8873454637911584,1.456715174385068
Coercivity (Oe),814,549,-1.2218487496163564,-1.1002036726489324,1.456715174385068
Coercivity (Oe),817,551,2.6766936096248664,1.9490388345519478,1.456715174385068
Coercivity (Oe),822,307,2.44870631990508,2.8453687006665005,1.456715174385068
Coercivity (Oe),823,307,2.5998830720736876,2.8453687006665005,1.456715174385068
Coercivity (Oe),824,307,2.5352941200427703,2.8453687006665005,1.456715174385068
Coercivity (Oe),825,307,2.5921767573958667,2.8453687006665005,1.456715174385068
Coercivity (Oe),826,307,2.561101383649056,2.8453687006665005,1.456715174385068
Coercivity (Oe),827,307,2.494154594018443,2.8453687006665005,1.456715174385068
Coercivity (Oe),830,554,2.2397998184470986,1.9395576319522747,1.456715174385068
Coercivity (Oe),847,557,3.479421257301672,2.867080783287754,1.456715174385068
Coercivity (Oe),848,557,3.6555120363564666,2.867080783287754,1.456715174385068
Coercivity (Oe),849,558,4.418632687354066,2.342257819626061,1.456715174385068
Coercivity (Oe),872,572,3.678993384838101,3.5739675659525285,1.456715174385068
Coercivity (Oe),876,2,3.3725438007590705,2.983579635681808,1.456715174385068
Coercivity (Oe),877,575,0.2741578492636798,-0.09045352516028031,1.456715174385068
Coercivity (Oe),878,576,-0.5376020021010439,-0.5527330917431577,1.456715174385068
Coercivity (Oe),884,578,2.691656043498147,3.031027948186912,1.456715174385068
Coercivity (Oe),890,583,3.571009672309305,3.29271979866709,1.456715174385068
Coercivity (Oe),898,589,3.213156358659705,2.926805630034409,1.456715174385068
Coercivity (Oe),899,590,-1.0,-0.8980271217772471,1.456715174385068
Coercivity (Oe),901,3,4.44870631990508,4.0261286216181995,1.456715174385068
Coercivity (Oe),904,594,3.124514006131383,2.117732178691693,1.456715174385068
Coercivity (Oe),951,30,2.2070146586829003,1.310790970262391,1.456715174385068
Coercivity (Oe),952,30,2.841271851779091,1.310790970262391,1.456715174385068
Coercivity (Oe),953,30,2.557964113554224,1.310790970262391,1.456715174385068
Coercivity (Oe),954,30,2.2455866889742135,1.310790970262391,1.456715174385068
Coercivity (Oe),955,30,1.7000110623221123,1.310790970262391,1.456715174385068
Coercivity (Oe),960,626,2.151982395457474,2.1009501568390894,1.456715174385068
Coercivity (Oe),962,628,2.5308397786165204,1.416781828558905,1.456715174385068
Coercivity (Oe),986,3,3.9684829485539352,4.0261286216181995,1.456715174385068
Coercivity (Oe),990,649,-0.6575773191777937,-0.6797962599271269,1.456715174385068
Coercivity (Oe),991,649,-0.3372421683184259,-0.6797962599271269,1.456715174385068
Coercivity (Oe),992,649,-0.5376020021010439,-0.6797962599271269,1.456715174385068
Coercivity (Oe),993,650,4.26245108973043,3.7252451852353192,1.456715174385068
Coercivity (Oe),996,652,2.506505032404872,2.690257878796281,1.456715174385068
Coercivity (Oe),1001,657,3.322219294733919,3.110745326703936,1.456715174385068
Coercivity (Oe),1006,662,1.845098040014257,2.1535738178103006,1.456715174385068
Coercivity (Oe),1013,665,1.521007252408604,1.754124576386907,1.456715174385068
Coercivity (Oe),1019,667,1.5759956202032677,1.5278311012427475,1.456715174385068
Coercivity (Oe),1022,113,1.1139433523068367,1.133381638619965,1.456715174385068
Coercivity (Oe),1031,44,-1.6989700043360187,1.927890179590164,1.456715174385068
Coercivity (Oe),1037,675,1.6110857334148727,2.8196543352728836,1.456715174385068
Coercivity (Oe),1038,675,1.8185557792978027,2.8196543352728836,1.456715174385068
Coercivity (Oe),1043,679,1.6637951222194076,1.656407877954248,1.456715174385068
Coercivity (Oe),1046,682,2.0043213737826426,2.0846603410440334,1.456715174385068
Coercivity (Oe),1052,684,-0.4089353929735008,-0.7648741683318405,1.456715174385068
Coercivity (Oe),1056,688,2.656424040287152,2.3864373330810604,1.456715174385068
Coercivity (Oe),1060,692,0.5622928644564748,1.1408486573463141,1.456715174385068
Coercivity (Oe),1067,695,-1.6989700043360187,-0.3715745576018221,1.456715174385068
Coercivity (Oe),1085,2,3.529045170765769,2.983579635681808,1.456715174385068
Coercivity (Oe),1086,2,3.5656117249020585,2.983579635681808,1.456715174385068
Coercivity (Oe),1087,2,3.6586790285824486,2.983579635681808,1.456715174385068
Coercivity (Oe),1088,2,3.5413295776666938,2.983579635681808,1.456715174385068
Coercivity (Oe),1089,2,3.545430829465351,2.983579635681808,1.456715174385068
Coercivity (Oe),1090,2,3.578295305120826,2.983579635681808,1.456715174385068
Coercivity (Oe),1094,66,1.8933178116161118,1.264973000127099,1.456715174385068
Coercivity (Oe),1095,66,1.5560611590095326,1.264973000127099,1.456715174385068
Coercivity (Oe),1096,657,3.4430438286483405,3.110745326703936,1.456715174385068
Coercivity (Oe),1097,706,3.4579575512036382,3.4010326826641184,1.456715174385068
Coercivity (Oe),1099,708,3.484484909031941,3.47702027263973,1.456715174385068
Coercivity (Oe),1103,712,3.7141066863794343,3.680690331694229,1.456715174385068
Coercivity (Oe),1104,3,4.501059262217751,4.0261286216181995,1.456715174385068
Coercivity (Oe),1106,657,3.5055569386638217,3.110745326703936,1.456715174385068
Coercivity (Oe),1107,2,3.217220655644519,2.983579635681808,1.456715174385068
Coercivity (Oe),1108,66,2.3010299956639813,1.264973000127099,1.456715174385068
Coercivity (Oe),1134,734,-0.8860566476931632,2.893567078364803,1.456715174385068
Coercivity (Oe),1135,30,1.6720978579357175,1.310790970262391,1.456715174385068
Coercivity (Oe),1136,30,0.9030899869919435,1.310790970262391,1.456715174385068
Coercivity (Oe),1140,30,1.2041199826559248,1.310790970262391,1.456715174385068
Coercivity (Oe),1141,737,2.332034277027518,1.7093256340864749,1.456715174385068
Coercivity (Oe),1150,740,-1.3010299956639813,-1.2730181382235772,1.456715174385068
Coercivity (Oe),1151,741,-1.154901959985743,-1.2058300278782557,1.456715174385068
Coercivity (Oe),1153,743,-0.6575773191777937,-1.0186478267587966,1.456715174385068
Coercivity (Oe),1166,753,-1.0457574905606752,-0.5519060759632002,1.456715174385068
Coercivity (Oe),1167,665,1.6989700043360187,1.754124576386907,1.456715174385068
Coercivity (Oe),1168,754,1.286456469746983,1.0645572609759337,1.456715174385068
Coercivity (Oe),1171,756,1.2430380486862944,2.4192594077649296,1.456715174385068
Coercivity (Oe),1175,759,2.2695129442179165,2.1396423164627403,1.456715174385068
Coercivity (Oe),1179,761,2.0941215958405612,2.629681403892166,1.456715174385068
Coercivity (Oe),1185,695,-1.6989700043360187,-0.3715745576018221,1.456715174385068
Coercivity (Oe),1206,777,1.0021660617565078,2.512762792520721,1.456715174385068
Coercivity (Oe),1212,781,2.161368002234975,1.821388624189491,1.456715174385068
Coercivity (Oe),1214,782,2.8721562727482928,2.710637306066865,1.456715174385068
Coercivity (Oe),1216,2,3.7363965022766426,2.983579635681808,1.456715174385068
Coercivity (Oe),1217,783,2.798180883926343,4.025017020598099,1.456715174385068
Coercivity (Oe),1231,789,2.060697840353612,2.8578331763227456,1.456715174385068
Coercivity (Oe),1232,790,2.4771212547196626,3.1182446426122374,1.456715174385068
Coercivity (Oe),1233,790,2.578639209968072,3.1182446426122374,1.456715174385068
Coercivity (Oe),1234,790,2.575187844927661,3.1182446426122374,1.456715174385068
Coercivity (Oe),1235,790,2.4913616938342726,3.1182446426122374,1.456715174385068
Coercivity (Oe),1237,792,1.2041199826559248,2.2411024717894654,1.456715174385068
Coercivity (Oe),1238,120,3.4927603890268375,3.533870041593173,1.456715174385068
Coercivity (Oe),1242,790,2.7007037171450192,3.1182446426122374,1.456715174385068
Coercivity (Oe),1247,798,0.7403626894942439,1.6125293126269913,1.456715174385068
Coercivity (Oe),1248,798,0.6989700043360189,1.6125293126269913,1.456715174385068
Coercivity (Oe),1250,30,2.5385486002970885,1.310790970262391,1.456715174385068
Coercivity (Oe),1257,801,0.00860017176191757,3.6150729992639095,1.456715174385068
Coercivity (Oe),1260,790,2.361727836017593,3.1182446426122374,1.456715174385068
Coercivity (Oe),1261,790,1.954242509439325,3.1182446426122374,1.456715174385068
Coercivity (Oe),1269,120,3.8195439355418688,3.533870041593173,1.456715174385068
Coercivity (Oe),1270,120,3.690196080028514,3.533870041593173,1.456715174385068
Coercivity (Oe),1273,809,1.6532125137753437,3.157815457315331,1.456715174385068
Coercivity (Oe),1275,810,1.6989700043360187,2.288417539190189,1.456715174385068
Coercivity (Oe),1291,44,1.6532125137753437,1.927890179590164,1.456715174385068
Coercivity (Oe),1294,816,3.5185139398778875,2.9091392272147316,1.456715174385068
Coercivity (Oe),1295,816,3.6334684555795866,2.9091392272147316,1.456715174385068
Coercivity (Oe),1306,792,1.0791812460476249,2.2411024717894654,1.456715174385068
Coercivity (Oe),1307,792,1.1139433523068367,2.2411024717894654,1.456715174385068
Coercivity (Oe),1309,824,0.9800033715837464,1.8832624339185708,1.456715174385068
Coercivity (Oe),1324,792,2.3010299956639813,2.2411024717894654,1.456715174385068
Coercivity (Oe),1327,44,3.591064607026499,1.927890179590164,1.456715174385068
Coercivity (Oe),1342,841,1.7403626894942439,2.063124986163257,1.456715174385068
Coercivity (Oe),1349,845,0.0,3.6926367782141565,1.456715174385068
Coercivity (Oe),1351,789,1.4771212547196624,2.8578331763227456,1.456715174385068
Coercivity (Oe),1354,665,2.4771212547196626,1.754124576386907,1.456715174385068
Coercivity (Oe),1372,665,2.4771212547196626,1.754124576386907,1.456715174385068
Coercivity (Oe),1375,790,2.146128035678238,3.1182446426122374,1.456715174385068
Coercivity (Oe),1379,792,1.0,2.2411024717894654,1.456715174385068
Coercivity (Oe),1383,628,1.3010299956639813,1.416781828558905,1.456715174385068
Coercivity (Oe),1384,867,1.3010299956639813,1.3180639715532914,1.456715174385068
Coercivity (Oe),1386,869,1.3010299956639813,1.3073534598655798,1.456715174385068
Coercivity (Oe),1393,872,3.2041199826559246,4.1161911305821555,1.456715174385068
Coercivity (Oe),1394,665,0.49692964807321494,1.754124576386907,1.456715174385068
Coercivity (Oe),1396,873,3.3010299956639813,2.162671395950412,1.456715174385068
Coercivity (Oe),1400,875,3.6989700043360187,2.05294446045823,1.456715174385068
Coercivity (Oe),1405,879,3.230448921378274,2.5911991042963236,1.456715174385068
Coercivity (Oe),1407,810,2.6989700043360187,2.288417539190189,1.456715174385068
Coercivity (Oe),1408,875,3.0,2.05294446045823,1.456715174385068
Coercivity (Oe),1409,875,2.3010299956639813,2.05294446045823,1.456715174385068
Coercivity (Oe),1419,886,0.9444826721501687,1.4576715372393645,1.456715174385068
Coercivity (Oe),1420,887,1.1760912590556813,2.451166635608845,1.456715174385068
Coercivity (Oe),1428,810,1.6989700043360187,2.288417539190189,1.456715174385068
Coercivity (Oe),1429,895,2.6989700043360187,2.3645728052739816,1.456715174385068
Coercivity (Oe),1430,896,3.4313637641589874,2.723896255708921,1.456715174385068
Coercivity (Oe),1432,845,2.0,3.6926367782141565,1.456715174385068
Coercivity (Oe),1437,900,3.5477747053878224,3.3580694254822965,1.456715174385068
Coercivity (Oe),1442,904,3.6334684555795866,2.5009195676191656,1.456715174385068
Coercivity (Oe),1459,916,3.0,1.1092011040674028,1.456715174385068
Coercivity (Oe),1476,925,4.41161970596323,3.6234751710556776,1.456715174385068
Coercivity (Oe),1503,44,2.1367205671564067,1.927890179590164,1.456715174385068
Coercivity (Oe),1505,946,2.7075701760979363,3.175886199805204,1.456715174385068
Coercivity (Oe),1507,948,3.3891660843645326,3.097001893337937,1.456715174385068
Coercivity (Oe),1515,952,2.8260748027008264,1.863675487248601,1.456715174385068
Coercivity (Oe),1518,954,-1.154901959985743,-0.9255999330627003,1.456715174385068
Coercivity (Oe),1531,960,2.4771212547196626,2.5681553268808543,1.456715174385068
Coercivity (Oe),1539,964,2.598790506763115,2.4600054560416877,1.456715174385068
Coercivity (Oe),1542,967,4.632457292184724,3.76272137995946,1.456715174385068
Coercivity (Oe),1550,974,2.380211241711606,1.4010725245562021,1.456715174385068
Coercivity (Oe),1552,976,0.36172783601759284,2.9227683677326506,1.456715174385068
Coercivity (Oe),1555,845,1.5563025007672873,3.6926367782141565,1.456715174385068
Coercivity (Oe),1556,845,1.99563519459755,3.6926367782141565,1.456715174385068
Coercivity (Oe),1557,845,2.290034611362518,3.6926367782141565,1.456715174385068
Coercivity (Oe),1558,845,2.4471580313422194,3.6926367782141565,1.456715174385068
Coercivity (Oe),1559,978,2.6127838567197355,2.694691571298147,1.456715174385068
Coercivity (Oe),1567,981,2.57978359661681,2.95230344556785,1.456715174385068
Coercivity (Oe),1572,120,4.204119982655925,3.533870041593173,1.456715174385068
Coercivity (Oe),1580,792,2.0,2.2411024717894654,1.456715174385068
Coercivity (Oe),1605,485,3.886490725172482,2.7891393575212504,1.456715174385068
Coercivity (Oe),1606,485,4.008600171761918,2.7891393575212504,1.456715174385068
Coercivity (Oe),1607,845,2.5563025007672873,3.6926367782141565,1.456715174385068
Coercivity (Oe),1608,1002,2.255272505103306,2.863587867852016,1.456715174385068
Coercivity (Oe),1634,790,1.845098040014257,3.1182446426122374,1.456715174385068
Coercivity (Oe),1635,810,2.0,2.288417539190189,1.456715174385068
Coercivity (Oe),1636,810,2.4771212547196626,2.288417539190189,1.456715174385068
Coercivity (Oe),1640,506,1.6720978579357175,2.1977109114383406,1.456715174385068
Coercivity (Oe),1642,960,2.5440680443502757,2.5681553268808543,1.456715174385068
Coercivity (Oe),1646,1016,2.6989700043360187,2.484120801509901,1.456715174385068
Coercivity (Oe),1649,44,3.681241237375587,1.927890179590164,1.456715174385068
Coercivity (Oe),1655,789,2.342422680822206,2.8578331763227456,1.456715174385068
Coercivity (Oe),1656,790,1.1760912590556813,3.1182446426122374,1.456715174385068
Coercivity (Oe),1661,1023,2.053462604925455,2.12594640836701,1.456715174385068
Coercivity (Oe),1669,1028,3.3979400086720375,2.532019000927006,1.456715174385068
Coercivity (Oe),1674,665,1.9661417327390327,1.754124576386907,1.456715174385068
Coercivity (Oe),1675,665,2.337459261290656,1.754124576386907,1.456715174385068
Coercivity (Oe),1676,1032,2.255272505103306,2.687307458150474,1.456715174385068
Coercivity (Oe),1682,1035,2.1760912590556813,1.7692987569698546,1.456715174385068
Coercivity (Oe),1685,790,1.845098040014257,3.1182446426122374,1.456715174385068
Coercivity (Oe),1686,790,2.146128035678238,3.1182446426122374,1.456715174385068
Coercivity (Oe),1720,485,3.7323937598229686,2.7891393575212504,1.456715174385068
Coercivity (Oe),1721,1052,3.8129133566428557,1.902608610074703,1.456715174385068
Coercivity (Oe),1723,789,1.8750612633917,2.8578331763227456,1.456715174385068
Coercivity (Oe),1724,1054,2.5440680443502757,2.0604838040874993,1.456715174385068
Coercivity (Oe),1729,44,3.3010299956639813,1.927890179590164,1.456715174385068
Coercivity (Oe),1730,44,3.4771212547196626,1.927890179590164,1.456715174385068
Coercivity (Oe),1735,1057,2.5563025007672873,2.5480589382172516,1.456715174385068
