Fe,Co,Ni,Mn,Al,Si,VEC,predicted_Tc_K,Tc_lower_K,predicted_Hc_Oe,Hc_upper_Oe,L1_to_nearest_training,novelty,point_pass,interval_pass,recipe_score
0.634,0.31,0.047,0.009,0.0,0.0,8.395,1060.333916666668,780.1344516921243,10.624005240059695,167.46642684088786,0.07799999999999987,near-extrapolation,True,False,0.21532488176645678
0.659,0.288,0.033,0.02,0.0,0.0,8.334,1042.6539166666687,762.454451692125,20.43871936803286,322.17598019077036,0.05599999999999985,interpolation,True,False,0.15222697398991758
0.616,0.301,0.067,0.016,0.0,0.0,8.419,1038.0749722222222,757.8755072476785,11.726102858471664,184.838815691881,0.1039999999999999,near-extrapolation,True,False,0.13588524241358318
0.656,0.245,0.089,0.01,0.0,0.0,8.413,1033.9809537037042,753.7814887291605,8.681263591428687,136.84294776498882,0.09399999999999993,near-extrapolation,True,False,0.12127415627574961
0.7307307307307307,0.23523523523523523,0.03003003003003003,0.004004004004004004,0.0,0.0,8.29129129129129,1028.4657648148154,748.2662998402717,53.37315642306466,841.3222314393545,0.13346946946946953,near-extrapolation,True,False,0.10159107483449892
0.526,0.402,0.011,0.061,0.0,0.0,8.363,1026.4546457912465,746.2551808167028,45.51531954842711,717.4589770113363,0.1439999999999999,near-extrapolation,True,False,0.09441361993196513
0.651,0.328,0.018,0.002,0.001,0.0,8.357,1022.0599666666678,741.8605016921241,37.647949096341286,593.4454445935947,0.04199999999999991,interpolation,True,False,0.07872951031034978
0.2802802802802803,0.6336336336336336,0.009009009009009007,0.03603603603603603,0.04104104104104104,0.0,8.410410410410408,1020.774905050505,740.5754400759613,48.55787087168576,765.418780030341,0.17217217217217215,near-extrapolation,True,False,0.07414327165968157
0.658,0.31,0.03,0.001,0.001,0.0,8.364,1013.1813166666681,732.9818516921243,18.108043671616418,285.43748823935186,0.06399999999999986,near-extrapolation,True,False,0.0470426189709734
0.223,0.643,0.086,0.028,0.02,0.0,8.687,1011.6051942760939,731.4057293015502,67.01282233202578,1056.3245833267824,0.2679999999999999,near-extrapolation,True,False,0.0414176175430894
0.135,0.722,0.08,0.042,0.009,0.012,8.747,1011.2644407407402,731.0649757661964,44.58732655105134,702.8310031076811,0.30142857142857127,near-extrapolation,True,False,0.0402015069577793
0.302,0.564,0.066,0.004,0.064,0.0,8.371999999999998,1011.0088824915824,730.8094175170387,27.43326948915847,432.431226651645,0.26800000000000007,near-extrapolation,True,False,0.039289448652525406
