split,seed,feature_set,target,model,inner_r2,n_train,n_test,r2,mae,rmse,baseline_r2,baseline_mae,conformal_halfwidth,conformal_coverage
reference,42,fractions,Curie(TC) (K),ExtraTrees,0.723544916927896,1355,358,0.3357419864742084,119.12607196882428,202.57579012210516,-0.00015506608341153694,197.6478773011194,279.6874440476192,0.8743016759776536
reference,42,fractions,Coercivity (Oe),ExtraTrees,0.49636703535850946,1355,358,0.6336380662451124,0.5910531813465729,0.8666564818402895,-0.0024312740278480405,1.1056206004548121,1.5855080953933334,0.9413407821229051
reference,42,physics,Curie(TC) (K),XGB,0.7024556995673037,1355,358,0.39248036766005023,121.69623384656852,193.7310796583783,-0.00015506608341153694,197.6478773011194,278.65994393484937,0.8854748603351955
reference,42,physics,Coercivity (Oe),RF,0.4594548704035307,1355,358,0.6426113759035128,0.6264703301160833,0.8559771676214647,-0.0024312740278480405,1.1056206004548121,1.52674781200162,0.946927374301676
reference,42,combined,Curie(TC) (K),ExtraTrees,0.7529280831931378,1355,358,0.3268800441004611,120.06284302871279,203.92260642690496,-0.00015506608341153694,197.6478773011194,241.7372525999893,0.8491620111731844
reference,42,combined,Coercivity (Oe),ExtraTrees,0.5119675503685386,1355,358,0.6484973735743313,0.5966038167612839,0.8488991630156453,-0.0024312740278480405,1.1056206004548121,1.4567151743850686,0.9245810055865922
repeat_0,0,fractions,Curie(TC) (K),XGB,0.4101902995513689,1353,360,0.612048386764861,125.47648937649198,171.72042455195822,-0.007170948951742417,219.19707594235035,345.0132149888304,0.9472222222222222
repeat_0,0,fractions,Coercivity (Oe),RF,0.46075214058084446,1353,360,0.6374809284324694,0.5627643126535369,0.7610419572890358,-0.0342705685403093,1.0378345829601303,1.4384417906850169,0.9388888888888889
repeat_0,0,physics,Curie(TC) (K),XGB,0.35584942347628445,1353,360,0.622277550362144,109.96526086252598,169.44141565272378,-0.007170948951742417,219.19707594235035,355.4021243744385,0.9416666666666667
repeat_0,0,physics,Coercivity (Oe),XGB,0.4339495075812292,1353,360,0.5100124865121711,0.6609935683431155,0.884780775250566,-0.0342705685403093,1.0378345829601303,1.4573788759440576,0.9138888888888889
repeat_0,0,combined,Curie(TC) (K),RF,0.3784992963084117,1353,360,0.6448644697505131,106.10099462429268,164.29722742795684,-0.007170948951742417,219.19707594235035,324.7567483077411,0.9222222222222223
repeat_0,0,combined,Coercivity (Oe),RF,0.44892574521708617,1353,360,0.5472406674356134,0.6174743684979557,0.8505050108726732,-0.0342705685403093,1.0378345829601303,1.5118298082771937,0.9055555555555556
repeat_1,1,fractions,Curie(TC) (K),ExtraTrees,0.5109645819622155,1338,375,0.5752079238935077,91.4618253190538,168.21652597050016,-0.0037619689052783567,201.19834475336322,332.1781805689541,0.928
repeat_1,1,fractions,Coercivity (Oe),ExtraTrees,0.5132650128883764,1338,375,0.7093946621509545,0.511908480327236,0.7333691798155775,-0.041309540485859886,1.1288961259029286,1.471894438354791,0.9466666666666667
repeat_1,1,physics,Curie(TC) (K),ExtraTrees,0.5945575923458929,1338,375,0.6387125392866604,90.85490379698997,155.13396781771021,-0.0037619689052783567,201.19834475336322,292.2166144444428,0.9253333333333333
repeat_1,1,physics,Coercivity (Oe),ExtraTrees,0.5253252474126419,1338,375,0.698331632965481,0.521317039758415,0.7471980798949299,-0.041309540485859886,1.1288961259029286,1.5555553527967148,0.9546666666666667
repeat_1,1,combined,Curie(TC) (K),ExtraTrees,0.5787977266412817,1338,375,0.6333687856716886,88.97544274047165,156.27703927139865,-0.0037619689052783567,201.19834475336322,348.00273469387577,0.9413333333333334
repeat_1,1,combined,Coercivity (Oe),ExtraTrees,0.5399762885417907,1338,375,0.6932286725379,0.5249245675506736,0.7534913027691016,-0.041309540485859886,1.1288961259029286,1.5293111474108452,0.952
repeat_2,2,fractions,Curie(TC) (K),ExtraTrees,0.5845453404168355,1343,370,0.6466870639946168,115.61869747855921,181.11729429592748,-0.0213903959685251,263.9154170775392,257.848851410935,0.9054054054054054
repeat_2,2,fractions,Coercivity (Oe),ExtraTrees,0.5724800944793058,1343,370,0.6092662146346569,0.5298006266954893,0.7385466668906402,-0.004680923828033867,0.9245848245311006,1.4334952762362712,0.9351351351351351
repeat_2,2,physics,Curie(TC) (K),RF,0.5610517550710238,1343,370,0.6657395447004515,117.9323642066693,176.1662267732903,-0.0213903959685251,263.9154170775392,296.40743431626584,0.9081081081081082
repeat_2,2,physics,Coercivity (Oe),XGB,0.4839818545057041,1343,370,0.5565182995313982,0.5773512614941976,0.7868198578434593,-0.004680923828033867,0.9245848245311006,1.5185072567093603,0.918918918918919
repeat_2,2,combined,Curie(TC) (K),RF,0.5739453750013053,1343,370,0.6866686815694691,112.59786518091084,170.56191181149552,-0.0213903959685251,263.9154170775392,288.6030237282973,0.9054054054054054
repeat_2,2,combined,Coercivity (Oe),ExtraTrees,0.5171459421440097,1343,370,0.5514562295609878,0.5607422726668345,0.7912976478907648,-0.004680923828033867,0.9245848245311006,1.3840680156420002,0.8945945945945946
repeat_3,3,fractions,Curie(TC) (K),ExtraTrees,0.5526295262723243,1368,345,0.6435262358323737,113.43975490817117,182.83381150224318,-0.00032427040531501916,253.86307714636828,309.5950814814819,0.9072463768115943
repeat_3,3,fractions,Coercivity (Oe),RF,0.5089650652740834,1368,345,0.4254391170936792,0.6797666777865007,0.9425241477850353,-0.005537452007243759,0.9857720368702355,1.4634511633652505,0.8840579710144928
repeat_3,3,physics,Curie(TC) (K),RF,0.5623720149560325,1368,345,0.637991438975791,117.20431006432868,184.24773070233573,-0.00032427040531501916,253.86307714636828,262.693920630696,0.8840579710144928
repeat_3,3,physics,Coercivity (Oe),ExtraTrees,0.4309112583954485,1368,345,0.4210483251491224,0.6708659430836461,0.9461186763756045,-0.005537452007243759,0.9857720368702355,1.7343011882939305,0.936231884057971
repeat_3,3,combined,Curie(TC) (K),XGB,0.5495411752000072,1368,345,0.6320936038198528,123.89976623535158,185.7425468197959,-0.00032427040531501916,253.86307714636828,272.10413135243476,0.8869565217391304
repeat_3,3,combined,Coercivity (Oe),ExtraTrees,0.4653530552446734,1368,345,0.42793861864195537,0.6596302809767709,0.940471790613292,-0.005537452007243759,0.9857720368702355,1.621488719795137,0.9246376811594202
repeat_4,4,fractions,Curie(TC) (K),ExtraTrees,0.6685996665497416,1361,352,0.5656863992751162,122.26353388636709,185.33833988843432,-0.005566503925789279,231.57217860780838,276.32251858974274,0.8863636363636364
repeat_4,4,fractions,Coercivity (Oe),ExtraTrees,0.5642425697048588,1361,352,0.5066497710433,0.6143532482920866,0.8788236667713765,-0.00094935639387983,1.0017910137893624,1.4745420678180936,0.9090909090909091
repeat_4,4,physics,Curie(TC) (K),XGB,0.6713672468336667,1361,352,0.5029756840494637,135.59071714173663,198.26788413154867,-0.005566503925789279,231.57217860780838,254.1700427715595,0.8125
repeat_4,4,physics,Coercivity (Oe),ExtraTrees,0.5788454994201269,1361,352,0.48552955034331646,0.6328914825907627,0.8974376682323224,-0.00094935639387983,1.0017910137893624,1.4639458127184446,0.8977272727272727
repeat_4,4,combined,Curie(TC) (K),ExtraTrees,0.7158512154017715,1361,352,0.615154988013838,119.2875429710743,174.4642648564285,-0.005566503925789279,231.57217860780838,264.0693754086421,0.9119318181818182
repeat_4,4,combined,Coercivity (Oe),XGB,0.5643465639680016,1361,352,0.47800770286594385,0.6785496085724912,0.9039743841725562,-0.00094935639387983,1.0017910137893624,1.5679275866561244,0.9147727272727273
repeat_5,5,fractions,Curie(TC) (K),XGB,0.3888346309434604,1365,348,0.6482635196524338,116.79097911922412,156.72196033377372,-0.008676578092053244,221.25884457496522,354.23873925781254,0.9511494252873564
repeat_5,5,fractions,Coercivity (Oe),ExtraTrees,0.5483087945829159,1365,348,0.6613916880863777,0.5368601641288482,0.7664325542514703,-0.013441934470692862,1.0472181354474746,1.5872466406972388,0.9511494252873564
repeat_5,5,physics,Curie(TC) (K),ExtraTrees,0.5196471640734137,1365,348,0.6872093785947584,97.77914669337477,147.79100758626595,-0.008676578092053244,221.25884457496522,323.7489926409424,0.9540229885057471
repeat_5,5,physics,Coercivity (Oe),XGB,0.525751621478763,1365,348,0.6454056395036394,0.5795398191727885,0.7843159517031543,-0.013441934470692862,1.0472181354474746,1.4674657399156086,0.9454022988505747
repeat_5,5,combined,Curie(TC) (K),ExtraTrees,0.5346388441928955,1365,348,0.702217796981774,95.7749786547277,144.2017456612603,-0.008676578092053244,221.25884457496522,321.44194904973574,0.9540229885057471
repeat_5,5,combined,Coercivity (Oe),XGB,0.523238493032901,1365,348,0.6619958059789439,0.5711032756326805,0.765748545167123,-0.013441934470692862,1.0472181354474746,1.5163156769323618,0.9540229885057471
repeat_6,6,fractions,Curie(TC) (K),ExtraTrees,0.693549163747373,1406,307,0.7085988460843171,91.23662553185957,147.16439385810324,-0.005192792007951308,221.13405127397243,205.30223548866502,0.8566775244299675
repeat_6,6,fractions,Coercivity (Oe),ExtraTrees,0.6192612831152753,1406,307,0.6001024632630649,0.5545486246766469,0.843405203074743,-0.0014998888022477175,1.041516055462276,1.3688045756460778,0.8957654723127035
repeat_6,6,physics,Curie(TC) (K),ExtraTrees,0.701382963657309,1406,307,0.6715964931391278,99.2149180568087,156.22876708547477,-0.005192792007951308,221.13405127397243,213.2617720538724,0.8534201954397395
repeat_6,6,physics,Coercivity (Oe),ExtraTrees,0.5689653095505862,1406,307,0.603966417339669,0.5574291873810852,0.8393206700993205,-0.0014998888022477175,1.041516055462276,1.4022766257801234,0.9153094462540716
repeat_6,6,combined,Curie(TC) (K),ExtraTrees,0.7345924351328642,1406,307,0.6906610775930037,96.37326303741298,151.62625082529505,-0.005192792007951308,221.13405127397243,206.63459343434351,0.8566775244299675
repeat_6,6,combined,Coercivity (Oe),ExtraTrees,0.5706989104888505,1406,307,0.5989048652531035,0.5553677438830856,0.8446671579602458,-0.0014998888022477175,1.041516055462276,1.4163591649622593,0.9022801302931596
repeat_7,7,fractions,Curie(TC) (K),ExtraTrees,0.7092480285609624,1395,318,0.5569756842280353,114.717250164843,188.14739096166377,-0.01103002675199205,229.3178111178738,278.46558675136396,0.8553459119496856
repeat_7,7,fractions,Coercivity (Oe),ExtraTrees,0.683745703842648,1395,318,0.6236150457090702,0.5367958520656739,0.7973024452709757,-0.0046947002818402694,1.015898743303466,1.2867050048488045,0.9182389937106918
repeat_7,7,physics,Curie(TC) (K),ExtraTrees,0.6925873288249258,1395,318,0.5759853737486147,112.42270222335115,184.066535218259,-0.01103002675199205,229.3178111178738,292.67260431561994,0.9025157232704403
repeat_7,7,physics,Coercivity (Oe),ExtraTrees,0.7089639476782486,1395,318,0.5743916788634267,0.5708267420689079,0.8478363333221359,-0.0046947002818402694,1.015898743303466,1.2878431753108488,0.9056603773584906
repeat_7,7,combined,Curie(TC) (K),ExtraTrees,0.6999655456726612,1395,318,0.6075113199193038,107.59604995675377,177.0916100457886,-0.01103002675199205,229.3178111178738,297.9355106334923,0.9150943396226415
repeat_7,7,combined,Coercivity (Oe),ExtraTrees,0.7154299602063223,1395,318,0.587647581398645,0.5666784357928126,0.834528632645733,-0.0046947002818402694,1.015898743303466,1.2901653132010742,0.8962264150943396
repeat_8,8,fractions,Curie(TC) (K),XGB,0.49503911206071105,1370,343,0.508765680678213,135.76215785390784,193.0774548396368,-0.0006689744026306954,214.89535787704025,356.1403364144696,0.924198250728863
repeat_8,8,fractions,Coercivity (Oe),RF,0.5998677057586697,1370,343,0.5363405914190467,0.6716347968000939,0.8986936334032546,-0.002823337055143149,1.0819683953353003,1.378985722062361,0.8833819241982507
repeat_8,8,physics,Curie(TC) (K),RF,0.4846914243882027,1370,343,0.5749191246510379,117.94181733328409,179.6068921856905,-0.0006689744026306954,214.89535787704025,328.6115448058851,0.9212827988338192
repeat_8,8,physics,Coercivity (Oe),ExtraTrees,0.6124820720408304,1370,343,0.49061646454653196,0.664647145011862,0.941964592194553,-0.002823337055143149,1.0819683953353003,1.4170556652817592,0.8658892128279884
repeat_8,8,combined,Curie(TC) (K),XGB,0.4718412485601521,1370,343,0.6002829697716168,116.97657557673773,174.16606552241066,-0.0006689744026306954,214.89535787704025,337.90128470755906,0.9183673469387755
repeat_8,8,combined,Coercivity (Oe),ExtraTrees,0.6160832085542565,1370,343,0.507689557442034,0.6552547938769474,0.9260440603055331,-0.002823337055143149,1.0819683953353003,1.4243992648573516,0.8688046647230321
repeat_9,9,fractions,Curie(TC) (K),ExtraTrees,0.6930082800875546,1390,323,0.538065440251077,109.26953248630262,189.17445215600551,-0.001430512781391835,225.87081401875406,269.08892895497786,0.9071207430340558
repeat_9,9,fractions,Coercivity (Oe),ExtraTrees,0.3530680345137224,1390,323,0.5601254976641085,0.6091733357811617,0.8663829348077873,-0.005011684442413955,1.028077416119994,1.5411502278033966,0.9287925696594427
repeat_9,9,physics,Curie(TC) (K),ExtraTrees,0.6753920559564952,1390,323,0.5012255125164198,115.90305077196966,196.57322952534398,-0.001430512781391835,225.87081401875406,259.5595142385082,0.8823529411764706
repeat_9,9,physics,Coercivity (Oe),RF,0.4535869452099822,1390,323,0.5845451933398991,0.6236629765290984,0.8419908831740529,-0.005011684442413955,1.028077416119994,1.302472074772831,0.8637770897832817
repeat_9,9,combined,Curie(TC) (K),ExtraTrees,0.7190060698880617,1390,323,0.48478892193491296,114.26427634361441,199.7859088353265,-0.001430512781391835,225.87081401875406,260.9388995662949,0.9009287925696594
repeat_9,9,combined,Coercivity (Oe),RF,0.4400202851777051,1390,323,0.5943809388552235,0.6178241922821344,0.831964265473057,-0.005011684442413955,1.028077416119994,1.3027001970798457,0.8575851393188855
