split,seed,feature_set,target,model,inner_r2,inner_mae
reference,42,fractions,Curie(TC) (K),RF,0.7043527343615192,112.75267701291698
reference,42,fractions,Curie(TC) (K),ExtraTrees,0.723544916927896,105.65741105974085
reference,42,fractions,Curie(TC) (K),XGB,0.6682722659336529,127.02193042573474
reference,42,fractions,Coercivity (Oe),RF,0.4743007647840375,0.6838718341602841
reference,42,fractions,Coercivity (Oe),ExtraTrees,0.49636703535850946,0.6246768706593222
reference,42,fractions,Coercivity (Oe),XGB,0.4869725649114516,0.6729582588133881
reference,42,physics,Curie(TC) (K),RF,0.6801019977555351,122.71268220555488
reference,42,physics,Curie(TC) (K),ExtraTrees,0.6984513118609201,115.47247865328156
reference,42,physics,Curie(TC) (K),XGB,0.7024556995673037,119.40337462057798
reference,42,physics,Coercivity (Oe),RF,0.4594548704035307,0.6646477019280315
reference,42,physics,Coercivity (Oe),ExtraTrees,0.4586423446308642,0.6292871985277825
reference,42,physics,Coercivity (Oe),XGB,0.45918669310551885,0.6493750387145051
reference,42,combined,Curie(TC) (K),RF,0.7179486758743826,114.82379442403506
reference,42,combined,Curie(TC) (K),ExtraTrees,0.7529280831931378,105.49723944670221
reference,42,combined,Curie(TC) (K),XGB,0.7317556464914827,113.36391606912986
reference,42,combined,Coercivity (Oe),RF,0.48678612175382163,0.6429442586610129
reference,42,combined,Coercivity (Oe),ExtraTrees,0.5119675503685386,0.586208960780625
reference,42,combined,Coercivity (Oe),XGB,0.46413135469717015,0.6340928435942237
repeat_0,0,fractions,Curie(TC) (K),RF,0.38428560243085585,141.01744162828095
repeat_0,0,fractions,Curie(TC) (K),ExtraTrees,0.3805770108512859,132.73619751804532
repeat_0,0,fractions,Curie(TC) (K),XGB,0.4101902995513689,142.4235356686138
repeat_0,0,fractions,Coercivity (Oe),RF,0.46075214058084446,0.6526953109880764
repeat_0,0,fractions,Coercivity (Oe),ExtraTrees,0.4453568791613036,0.658953931145677
repeat_0,0,fractions,Coercivity (Oe),XGB,0.4075725128745348,0.6959469529576605
repeat_0,0,physics,Curie(TC) (K),RF,0.3442284175027799,151.2238282167089
repeat_0,0,physics,Curie(TC) (K),ExtraTrees,0.30211660294981646,148.4482143481254
repeat_0,0,physics,Curie(TC) (K),XGB,0.35584942347628445,144.27916230954298
repeat_0,0,physics,Coercivity (Oe),RF,0.43390345034129085,0.6736639870957973
repeat_0,0,physics,Coercivity (Oe),ExtraTrees,0.3983378034473438,0.6970270859542096
repeat_0,0,physics,Coercivity (Oe),XGB,0.4339495075812292,0.6725936455307591
repeat_0,0,combined,Curie(TC) (K),RF,0.3784992963084117,142.87623913878332
repeat_0,0,combined,Curie(TC) (K),ExtraTrees,0.31053685271181064,143.05492748028382
repeat_0,0,combined,Curie(TC) (K),XGB,0.3727384775150203,139.53215111631934
repeat_0,0,combined,Coercivity (Oe),RF,0.44892574521708617,0.6611168483340577
repeat_0,0,combined,Coercivity (Oe),ExtraTrees,0.4151812388117384,0.6837756145246057
repeat_0,0,combined,Coercivity (Oe),XGB,0.44879923261805243,0.6597338729868986
repeat_1,1,fractions,Curie(TC) (K),RF,0.4810535382386567,150.5974350095047
repeat_1,1,fractions,Curie(TC) (K),ExtraTrees,0.5109645819622155,134.2613010475915
repeat_1,1,fractions,Curie(TC) (K),XGB,0.48640160725152526,156.74853129733341
repeat_1,1,fractions,Coercivity (Oe),RF,0.4856436853824153,0.7211558339175922
repeat_1,1,fractions,Coercivity (Oe),ExtraTrees,0.5132650128883764,0.6549643043218079
repeat_1,1,fractions,Coercivity (Oe),XGB,0.438052783429697,0.7657094588061536
repeat_1,1,physics,Curie(TC) (K),RF,0.5155497076928957,140.19417878032755
repeat_1,1,physics,Curie(TC) (K),ExtraTrees,0.5945575923458929,124.13562756671527
repeat_1,1,physics,Curie(TC) (K),XGB,0.5707838072869205,128.81485007523517
repeat_1,1,physics,Coercivity (Oe),RF,0.5251578537224373,0.7040759292071497
repeat_1,1,physics,Coercivity (Oe),ExtraTrees,0.5253252474126419,0.6863291732978255
repeat_1,1,physics,Coercivity (Oe),XGB,0.48506028574811577,0.7174922857403437
repeat_1,1,combined,Curie(TC) (K),RF,0.5159179287082092,140.8608800129105
repeat_1,1,combined,Curie(TC) (K),ExtraTrees,0.5787977266412817,123.05478966504782
repeat_1,1,combined,Curie(TC) (K),XGB,0.5661017209585475,131.34612901337294
repeat_1,1,combined,Coercivity (Oe),RF,0.5383949269058113,0.6956195184249875
repeat_1,1,combined,Coercivity (Oe),ExtraTrees,0.5399762885417907,0.6722365765417795
repeat_1,1,combined,Coercivity (Oe),XGB,0.5053133085388792,0.7052532629701341
repeat_2,2,fractions,Curie(TC) (K),RF,0.5123929301056148,129.44343856630545
repeat_2,2,fractions,Curie(TC) (K),ExtraTrees,0.5845453404168355,102.7278923288249
repeat_2,2,fractions,Curie(TC) (K),XGB,0.4662558686722569,142.11021443018836
repeat_2,2,fractions,Coercivity (Oe),RF,0.557042465200525,0.6216227736023597
repeat_2,2,fractions,Coercivity (Oe),ExtraTrees,0.5724800944793058,0.5686422706560041
repeat_2,2,fractions,Coercivity (Oe),XGB,0.5037776024500422,0.6712893748697288
repeat_2,2,physics,Curie(TC) (K),RF,0.5610517550710238,121.69611086704121
repeat_2,2,physics,Curie(TC) (K),ExtraTrees,0.5439338104970606,121.5577162604116
repeat_2,2,physics,Curie(TC) (K),XGB,0.5521476140318784,122.87079422875055
repeat_2,2,physics,Coercivity (Oe),RF,0.47177141068697714,0.6629444237211654
repeat_2,2,physics,Coercivity (Oe),ExtraTrees,0.4672707591010147,0.6568430935586207
repeat_2,2,physics,Coercivity (Oe),XGB,0.4839818545057041,0.657331147791215
repeat_2,2,combined,Curie(TC) (K),RF,0.5739453750013053,118.58232817847717
repeat_2,2,combined,Curie(TC) (K),ExtraTrees,0.5619141048035573,115.68607545345128
repeat_2,2,combined,Curie(TC) (K),XGB,0.5606365886845183,121.09071693026831
repeat_2,2,combined,Coercivity (Oe),RF,0.49157893966430743,0.6544789974701697
repeat_2,2,combined,Coercivity (Oe),ExtraTrees,0.5171459421440097,0.6148621670678652
repeat_2,2,combined,Coercivity (Oe),XGB,0.501984565262076,0.646510749666303
repeat_3,3,fractions,Curie(TC) (K),RF,0.45964928724242293,143.06115638287955
repeat_3,3,fractions,Curie(TC) (K),ExtraTrees,0.5526295262723243,122.14651565051346
repeat_3,3,fractions,Curie(TC) (K),XGB,0.4307451561917517,148.63914012118167
repeat_3,3,fractions,Coercivity (Oe),RF,0.5089650652740834,0.6931150410885717
repeat_3,3,fractions,Coercivity (Oe),ExtraTrees,0.4846519413844902,0.6853591466194098
repeat_3,3,fractions,Coercivity (Oe),XGB,0.45544644411729374,0.7389310328920824
repeat_3,3,physics,Curie(TC) (K),RF,0.5623720149560325,132.28987098304455
repeat_3,3,physics,Curie(TC) (K),ExtraTrees,0.49110418782320986,134.55549853617956
repeat_3,3,physics,Curie(TC) (K),XGB,0.5117493227019277,136.5746897996787
repeat_3,3,physics,Coercivity (Oe),RF,0.4173659206327611,0.7287009913827421
repeat_3,3,physics,Coercivity (Oe),ExtraTrees,0.4309112583954485,0.7078877823227916
repeat_3,3,physics,Coercivity (Oe),XGB,0.38733634082788326,0.7414540664876108
repeat_3,3,combined,Curie(TC) (K),RF,0.5422273184321666,133.94616999661554
repeat_3,3,combined,Curie(TC) (K),ExtraTrees,0.508236722192703,130.15011996318998
repeat_3,3,combined,Curie(TC) (K),XGB,0.5495411752000072,132.76548707127148
repeat_3,3,combined,Coercivity (Oe),RF,0.3999916347229494,0.7406925650104969
repeat_3,3,combined,Coercivity (Oe),ExtraTrees,0.4653530552446734,0.6941421856901168
repeat_3,3,combined,Coercivity (Oe),XGB,0.4426988754768785,0.7139768175860715
repeat_4,4,fractions,Curie(TC) (K),RF,0.6213915505903707,112.97425449428351
repeat_4,4,fractions,Curie(TC) (K),ExtraTrees,0.6685996665497416,98.23393930062944
repeat_4,4,fractions,Curie(TC) (K),XGB,0.6346882497745159,120.48844469522821
repeat_4,4,fractions,Coercivity (Oe),RF,0.5208553960788207,0.7056997212754297
repeat_4,4,fractions,Coercivity (Oe),ExtraTrees,0.5642425697048588,0.6523862037316661
repeat_4,4,fractions,Coercivity (Oe),XGB,0.5144685645089768,0.7167830712071857
repeat_4,4,physics,Curie(TC) (K),RF,0.6707395305523258,104.76149553703522
repeat_4,4,physics,Curie(TC) (K),ExtraTrees,0.65194462313988,112.7316716108047
repeat_4,4,physics,Curie(TC) (K),XGB,0.6713672468336667,106.66894760963244
repeat_4,4,physics,Coercivity (Oe),RF,0.5430560465087841,0.6692525607541696
repeat_4,4,physics,Coercivity (Oe),ExtraTrees,0.5788454994201269,0.6176600562027225
repeat_4,4,physics,Coercivity (Oe),XGB,0.5333287394371127,0.6773611996165828
repeat_4,4,combined,Curie(TC) (K),RF,0.707474561713156,97.99075127501267
repeat_4,4,combined,Curie(TC) (K),ExtraTrees,0.7158512154017715,96.08966233423702
repeat_4,4,combined,Curie(TC) (K),XGB,0.6897454319590816,104.4480990003928
repeat_4,4,combined,Coercivity (Oe),RF,0.5567562365665082,0.6622125355903149
repeat_4,4,combined,Coercivity (Oe),ExtraTrees,0.5608434618792755,0.638432653136867
repeat_4,4,combined,Coercivity (Oe),XGB,0.5643465639680016,0.6497653521782046
repeat_5,5,fractions,Curie(TC) (K),RF,0.3807283522641086,142.74972736081486
repeat_5,5,fractions,Curie(TC) (K),ExtraTrees,0.30249050916781317,140.75320146554498
repeat_5,5,fractions,Curie(TC) (K),XGB,0.3888346309434604,155.00182298706056
repeat_5,5,fractions,Coercivity (Oe),RF,0.506098033099663,0.6838705455960008
repeat_5,5,fractions,Coercivity (Oe),ExtraTrees,0.5483087945829159,0.6265363530600673
repeat_5,5,fractions,Coercivity (Oe),XGB,0.4940907145944198,0.7036102691378427
repeat_5,5,physics,Curie(TC) (K),RF,0.48219939494309216,139.62357637417736
repeat_5,5,physics,Curie(TC) (K),ExtraTrees,0.5196471640734137,127.48208319417671
repeat_5,5,physics,Curie(TC) (K),XGB,0.44933759604330725,143.74987518127443
repeat_5,5,physics,Coercivity (Oe),RF,0.5147144585041437,0.6612529237397341
repeat_5,5,physics,Coercivity (Oe),ExtraTrees,0.5197862988493419,0.6496256283607351
repeat_5,5,physics,Coercivity (Oe),XGB,0.525751621478763,0.6515701114907241
repeat_5,5,combined,Curie(TC) (K),RF,0.5075166557964979,133.7223416629582
repeat_5,5,combined,Curie(TC) (K),ExtraTrees,0.5346388441928955,121.31962863977023
repeat_5,5,combined,Curie(TC) (K),XGB,0.5007098414649962,136.5650844366455
repeat_5,5,combined,Coercivity (Oe),RF,0.516706377117047,0.6640983877410709
repeat_5,5,combined,Coercivity (Oe),ExtraTrees,0.5152892995550109,0.643621543012124
repeat_5,5,combined,Coercivity (Oe),XGB,0.523238493032901,0.6467000354439599
repeat_6,6,fractions,Curie(TC) (K),RF,0.6758049421744319,93.43411740110061
repeat_6,6,fractions,Curie(TC) (K),ExtraTrees,0.693549163747373,84.6341641220215
repeat_6,6,fractions,Curie(TC) (K),XGB,0.6638887082420994,106.74871593666717
repeat_6,6,fractions,Coercivity (Oe),RF,0.591530345737348,0.6607667171045921
repeat_6,6,fractions,Coercivity (Oe),ExtraTrees,0.6192612831152753,0.608951145510377
repeat_6,6,fractions,Coercivity (Oe),XGB,0.5386623487570541,0.729470006460279
repeat_6,6,physics,Curie(TC) (K),RF,0.6841118235769761,94.02477298570113
repeat_6,6,physics,Curie(TC) (K),ExtraTrees,0.701382963657309,87.91589485027714
repeat_6,6,physics,Curie(TC) (K),XGB,0.6601249734169059,95.4326992864194
repeat_6,6,physics,Coercivity (Oe),RF,0.5446485751831067,0.7056974261849068
repeat_6,6,physics,Coercivity (Oe),ExtraTrees,0.5689653095505862,0.6730097658094648
repeat_6,6,physics,Coercivity (Oe),XGB,0.5291241895652534,0.7102538504522242
repeat_6,6,combined,Curie(TC) (K),RF,0.703752589202596,89.33652801025427
repeat_6,6,combined,Curie(TC) (K),ExtraTrees,0.7345924351328642,82.4775062786216
repeat_6,6,combined,Curie(TC) (K),XGB,0.6944604161813017,92.9537581714898
repeat_6,6,combined,Coercivity (Oe),RF,0.5562100425398646,0.6938795021129096
repeat_6,6,combined,Coercivity (Oe),ExtraTrees,0.5706989104888505,0.6742381680830445
repeat_6,6,combined,Coercivity (Oe),XGB,0.5524210076616164,0.6991753460785858
repeat_7,7,fractions,Curie(TC) (K),RF,0.6163600655859138,141.7150268805776
repeat_7,7,fractions,Curie(TC) (K),ExtraTrees,0.7092480285609624,113.00734505177205
repeat_7,7,fractions,Curie(TC) (K),XGB,0.5992335367069043,148.9590179509702
repeat_7,7,fractions,Coercivity (Oe),RF,0.6644346667704799,0.5621989659307229
repeat_7,7,fractions,Coercivity (Oe),ExtraTrees,0.683745703842648,0.5341654531461953
repeat_7,7,fractions,Coercivity (Oe),XGB,0.61922897598084,0.6152402425517617
repeat_7,7,physics,Curie(TC) (K),RF,0.6745951611868237,127.03422504015391
repeat_7,7,physics,Curie(TC) (K),ExtraTrees,0.6925873288249258,117.74369302369507
repeat_7,7,physics,Curie(TC) (K),XGB,0.6915479134734189,119.54531360792076
repeat_7,7,physics,Coercivity (Oe),RF,0.7035330893652052,0.525157399523279
repeat_7,7,physics,Coercivity (Oe),ExtraTrees,0.7089639476782486,0.5091526915548211
repeat_7,7,physics,Coercivity (Oe),XGB,0.6853510304439759,0.538427772816675
repeat_7,7,combined,Curie(TC) (K),RF,0.668066007054791,129.2072786754713
repeat_7,7,combined,Curie(TC) (K),ExtraTrees,0.6999655456726612,116.14928523614181
repeat_7,7,combined,Curie(TC) (K),XGB,0.6918081044249423,120.95430120053499
repeat_7,7,combined,Coercivity (Oe),RF,0.7009459990877378,0.5283882960836778
repeat_7,7,combined,Coercivity (Oe),ExtraTrees,0.7154299602063223,0.5050810758540297
repeat_7,7,combined,Coercivity (Oe),XGB,0.7127124131515354,0.5235596280540037
repeat_8,8,fractions,Curie(TC) (K),RF,0.47740439379744704,137.5989456727358
repeat_8,8,fractions,Curie(TC) (K),ExtraTrees,0.4348990015417784,132.7845440233462
repeat_8,8,fractions,Curie(TC) (K),XGB,0.49503911206071105,140.64713239007014
repeat_8,8,fractions,Coercivity (Oe),RF,0.5998677057586697,0.6188127785391412
repeat_8,8,fractions,Coercivity (Oe),ExtraTrees,0.563583314628344,0.5797077832393438
repeat_8,8,fractions,Coercivity (Oe),XGB,0.5861008284744165,0.6350468123748887
repeat_8,8,physics,Curie(TC) (K),RF,0.4846914243882027,139.23633342782603
repeat_8,8,physics,Curie(TC) (K),ExtraTrees,0.4364282391828542,133.04158592351078
repeat_8,8,physics,Curie(TC) (K),XGB,0.44197544922274645,139.37445587850445
repeat_8,8,physics,Coercivity (Oe),RF,0.5837230838558882,0.6509656265773301
repeat_8,8,physics,Coercivity (Oe),ExtraTrees,0.6124820720408304,0.5798941538434118
repeat_8,8,physics,Coercivity (Oe),XGB,0.5539240242368306,0.6558260330718803
repeat_8,8,combined,Curie(TC) (K),RF,0.4495987307148369,141.23575115212586
repeat_8,8,combined,Curie(TC) (K),ExtraTrees,0.4208453580229252,131.47888560155192
repeat_8,8,combined,Curie(TC) (K),XGB,0.4718412485601521,134.17509407072916
repeat_8,8,combined,Coercivity (Oe),RF,0.5676264296433247,0.6655500924248765
repeat_8,8,combined,Coercivity (Oe),ExtraTrees,0.6160832085542565,0.57212377126433
repeat_8,8,combined,Coercivity (Oe),XGB,0.584369909934026,0.6321942519816492
repeat_9,9,fractions,Curie(TC) (K),RF,0.6008790529997923,116.67849634532408
repeat_9,9,fractions,Curie(TC) (K),ExtraTrees,0.6930082800875546,101.28203973944751
repeat_9,9,fractions,Curie(TC) (K),XGB,0.4784096330424159,151.97168345454898
repeat_9,9,fractions,Coercivity (Oe),RF,0.34575275584289566,0.6799251959593634
repeat_9,9,fractions,Coercivity (Oe),ExtraTrees,0.3530680345137224,0.6466539102028738
repeat_9,9,fractions,Coercivity (Oe),XGB,0.24331677510067207,0.7552930754234778
repeat_9,9,physics,Curie(TC) (K),RF,0.6625660896011389,111.8984640524873
repeat_9,9,physics,Curie(TC) (K),ExtraTrees,0.6753920559564952,108.04740555113271
repeat_9,9,physics,Curie(TC) (K),XGB,0.6583798327654202,112.30843123630964
repeat_9,9,physics,Coercivity (Oe),RF,0.4535869452099822,0.6144138851639123
repeat_9,9,physics,Coercivity (Oe),ExtraTrees,0.43562606723154007,0.5982441803117642
repeat_9,9,physics,Coercivity (Oe),XGB,0.4412898844641726,0.6232211476795877
repeat_9,9,combined,Curie(TC) (K),RF,0.6791707499512988,112.5546816357576
repeat_9,9,combined,Curie(TC) (K),ExtraTrees,0.7190060698880617,101.61022360014677
repeat_9,9,combined,Curie(TC) (K),XGB,0.6686516631888192,109.70319694377233
repeat_9,9,combined,Coercivity (Oe),RF,0.4400202851777051,0.6307940807452042
repeat_9,9,combined,Coercivity (Oe),ExtraTrees,0.4203934217939048,0.611437407524623
repeat_9,9,combined,Coercivity (Oe),XGB,0.4305744328553526,0.6264598823657744
