group,n,Tc_min,Tc_max,logHc_min,logHc_max,Tc_range_K,logHc_range
0,2,580.0,580.0,3.3544830006937274,4.257572267684939,0.0,0.9030892669912114
1,29,577.0,778.15,2.12057393120585,3.8260748027008264,201.14999999999998,1.7055008714949764
2,20,540.0,996.15,2.941511432634403,3.7795964912578244,456.15,0.8380850586234212
3,16,723.15,1073.0,3.4971495058611235,4.501059262217751,349.85,1.0039097563566277
4,2,653.15,705.0,2.642167634404945,3.8453461374114086,51.85000000000002,1.2031785030064635
5,1,695.0,695.0,2.8857568810692675,2.8857568810692675,0.0,0.0
6,36,252.0,1394.15,1.7558748556724915,4.041392685158225,1142.15,2.285517829485734
7,18,954.0,1073.15,2.531478917042255,4.593286067020458,119.15000000000009,2.0618071499782027
8,13,566.0,673.15,2.6989700043360187,4.610691988896789,107.14999999999998,1.9117219845607707
9,1,588.25,588.25,4.357934847000454,4.357934847000454,0.0,0.0
10,1,561.0,561.0,4.206015876763344,4.206015876763344,0.0,0.0
11,1,611.15,611.15,-0.6020599913279624,-0.6020599913279624,0.0,0.0
12,1,647.15,647.15,-0.7695510786217261,-0.7695510786217261,0.0,0.0
13,1,667.15,667.15,-0.6777807052660807,-0.6777807052660807,0.0,0.0
14,1,593.15,593.15,-2.0,-2.0,0.0,0.0
15,28,549.0,1005.15,2.6232492903979003,3.8750612633917,456.15,1.2518119729937998
16,2,577.15,578.45,0.31175386105575426,0.5843312243675307,1.3000000000000682,0.27257736331177645
17,1,550.0,550.0,2.6434526764861874,2.6434526764861874,0.0,0.0
18,1,588.0,588.0,3.514183695868879,3.514183695868879,0.0,0.0
19,1,588.0,588.0,4.229543368084334,4.229543368084334,0.0,0.0
20,1,711.15,711.15,3.4756043686486455,3.4756043686486455,0.0,0.0
21,4,462.15,575.0,1.9442852206887526,3.5464192668351915,112.85000000000002,1.6021340461464388
22,1,573.15,573.15,3.8750612633917,3.8750612633917,0.0,0.0
23,1,562.15,562.15,3.9395192526186187,3.9395192526186187,0.0,0.0
24,1,555.15,555.15,3.8692317197309762,3.8692317197309762,0.0,0.0
25,1,566.15,566.15,3.6020599913279625,3.6020599913279625,0.0,0.0
26,1,558.15,558.15,3.505149978319906,3.505149978319906,0.0,0.0
27,1,551.15,551.15,2.845098040014257,2.845098040014257,0.0,0.0
28,1,585.15,585.15,3.934498451243568,3.934498451243568,0.0,0.0
29,1,577.15,577.15,4.089905111439398,4.089905111439398,0.0,0.0
30,12,350.0,798.15,0.2741578492636798,2.841271851779091,448.15,2.567114002515411
31,1,465.15,465.15,3.681241237375587,3.681241237375587,0.0,0.0
32,1,705.15,705.15,4.033423755486949,4.033423755486949,0.0,0.0
33,1,380.0,380.0,2.1406023080203322,2.1406023080203322,0.0,0.0
34,1,518.0,518.0,2.1406023080203322,2.1406023080203322,0.0,0.0
35,1,465.0,465.0,1.956552591917399,1.956552591917399,0.0,0.0
36,1,450.0,450.0,1.956552591917399,1.956552591917399,0.0,0.0
37,2,1093.0,1098.15,4.477121254719663,4.535294120042771,5.150000000000091,0.05817286532310817
38,9,481.0,1153.15,2.0912447659079607,4.450426024180512,672.1500000000001,2.3591812582725513
39,1,700.0,700.0,1.4229179807676624,1.4229179807676624,0.0,0.0
40,2,655.0,805.0,3.618380753963887,4.033423755486949,150.0,0.4150430015230624
41,21,576.15,1033.15,2.8043916180629167,4.432969290874405,457.0000000000001,1.6285776728114887
42,1,293.0,293.0,1.1405080430381795,1.1405080430381795,0.0,0.0
43,1,337.0,337.0,1.7013088852280753,1.7013088852280753,0.0,0.0
44,9,16.3,1388.0,-1.6989700043360187,3.681241237375587,1371.7,5.380211241711606
45,2,615.0,648.15,2.813540959582321,3.1931245983544616,33.14999999999998,0.37958363877214074
46,2,560.0,650.15,2.8273692730538253,3.042181594515766,90.14999999999998,0.21481232146194085
47,1,565.15,565.15,3.568201724066995,3.568201724066995,0.0,0.0
48,2,723.15,723.15,3.9138138523837167,4.079181246047625,0.0,0.1653673936639084
49,3,612.1,717.4,3.9161137495997234,4.1095097022294444,105.29999999999995,0.1933959526297211
50,1,47.5,47.5,4.57978359661681,4.57978359661681,0.0,0.0
51,1,15.0,15.0,3.0,3.0,0.0,0.0
52,1,761.0,761.0,2.6314437690131722,2.6314437690131722,0.0,0.0
53,1,775.0,775.0,2.7331972651065692,2.7331972651065692,0.0,0.0
54,1,798.15,798.15,3.214843848047698,3.214843848047698,0.0,0.0
55,1,690.0,690.0,4.176091259055681,4.176091259055681,0.0,0.0
56,1,760.0,760.0,3.9030899869919438,3.9030899869919438,0.0,0.0
57,1,630.0,630.0,1.5010592622177514,1.5010592622177514,0.0,0.0
58,1,605.0,605.0,1.3502480183341627,1.3502480183341627,0.0,0.0
59,1,580.0,580.0,1.639486489268586,1.639486489268586,0.0,0.0
60,1,555.0,555.0,1.6283889300503116,1.6283889300503116,0.0,0.0
61,1,530.0,530.0,1.9777236052888478,1.9777236052888478,0.0,0.0
62,1,505.0,505.0,1.4014005407815442,1.4014005407815442,0.0,0.0
63,1,643.0,643.0,4.107209969647869,4.107209969647869,0.0,0.0
64,2,1133.15,1133.15,2.383815365980431,2.406540180433955,0.0,0.022724814453523923
65,1,66.0,66.0,3.4913616938342726,3.4913616938342726,0.0,0.0
66,5,673.15,773.15,1.4941545940184429,2.9542425094393248,100.0,1.460087915420882
67,1,436.0,436.0,3.7437464455911926,3.7437464455911926,0.0,0.0
68,1,60.0,60.0,2.6232492903979003,2.6232492903979003,0.0,0.0
69,1,1073.15,1073.15,4.3362595520141936,4.3362595520141936,0.0,0.0
70,1,697.15,697.15,3.4771212547196626,3.4771212547196626,0.0,0.0
71,1,703.15,703.15,3.4771212547196626,3.4771212547196626,0.0,0.0
72,1,653.15,653.15,4.701567985055927,4.701567985055927,0.0,0.0
73,1,628.15,628.15,4.159907517856152,4.159907517856152,0.0,0.0
74,1,593.15,593.15,4.064457989226918,4.064457989226918,0.0,0.0
75,1,603.15,603.15,4.041392685158225,4.041392685158225,0.0,0.0
76,1,22.0,22.0,1.0,1.0,0.0,0.0
77,1,40.0,40.0,3.6020599913279625,3.6020599913279625,0.0,0.0
78,1,497.15,497.15,3.380211241711606,3.380211241711606,0.0,0.0
79,1,702.15,702.15,3.4771212547196626,3.4771212547196626,0.0,0.0
80,1,852.15,852.15,2.3010299956639813,2.3010299956639813,0.0,0.0
81,1,581.0,581.0,3.716210419319737,3.716210419319737,0.0,0.0
82,1,573.15,573.15,3.847398042596266,3.847398042596266,0.0,0.0
83,1,509.15,509.15,1.5247854493212223,1.5247854493212223,0.0,0.0
84,1,629.95,629.95,3.9084850188786495,3.9084850188786495,0.0,0.0
85,1,629.75,629.75,3.9777236052888476,3.9777236052888476,0.0,0.0
86,1,622.75,622.75,3.9822712330395684,3.9822712330395684,0.0,0.0
87,1,609.75,609.75,3.9822712330395684,3.9822712330395684,0.0,0.0
88,1,607.65,607.65,3.9956351945975497,3.9956351945975497,0.0,0.0
89,1,675.0,675.0,3.424881636631067,3.424881636631067,0.0,0.0
90,1,746.15,746.15,3.9698816437465,3.9698816437465,0.0,0.0
91,1,746.15,746.15,3.7708520116421442,3.7708520116421442,0.0,0.0
92,1,746.15,746.15,3.380211241711606,3.380211241711606,0.0,0.0
93,6,687.0,865.0,1.3424226808222062,2.5024271199844326,178.0,1.1600044391622264
94,1,814.15,814.15,0.7781512503836436,0.7781512503836436,0.0,0.0
95,1,783.15,783.15,0.8450980400142568,0.8450980400142568,0.0,0.0
96,1,740.0,740.0,4.004321373782642,4.004321373782642,0.0,0.0
97,1,740.0,740.0,4.230448921378274,4.230448921378274,0.0,0.0
98,3,723.0,775.15,3.381163834526263,3.8260748027008264,52.14999999999998,0.4449109681745633
99,1,747.15,747.15,3.9896308842749297,3.9896308842749297,0.0,0.0
100,1,525.0,525.0,3.6812729035270784,3.6812729035270784,0.0,0.0
101,3,1123.15,1173.0,3.214843848047698,3.26356269383999,49.84999999999991,0.04871884579229224
102,1,691.1,691.1,3.690196080028514,3.690196080028514,0.0,0.0
103,1,423.15,423.15,3.4471580313422194,3.4471580313422194,0.0,0.0
104,2,848.15,848.15,3.380211241711606,3.6532125137753435,0.0,0.2730012720637376
105,2,733.15,733.15,3.5440680443502757,3.57978359661681,0.0,0.035715552266534445
106,1,540.0,540.0,4.117271295655764,4.117271295655764,0.0,0.0
107,1,409.1,409.1,3.722458688843872,3.722458688843872,0.0,0.0
108,1,963.15,963.15,4.6020599913279625,4.6020599913279625,0.0,0.0
109,1,476.0,476.0,-0.8860566476931632,-0.8860566476931632,0.0,0.0
110,1,684.0,684.0,3.934498451243568,3.934498451243568,0.0,0.0
111,1,640.0,640.0,4.235023159495223,4.235023159495223,0.0,0.0
112,33,307.0,1390.0,1.2430380486862944,4.042181594515767,1083.0,2.7991435458294722
113,2,473.15,723.15,-0.619788758288394,1.1139433523068367,250.0,1.7337321105952306
114,1,798.0,798.0,4.045322978786658,4.045322978786658,0.0,0.0
115,1,596.15,596.15,4.059941888061955,4.059941888061955,0.0,0.0
116,1,340.0,340.0,2.203304916138483,2.203304916138483,0.0,0.0
117,1,340.0,340.0,2.2008504980910777,2.2008504980910777,0.0,0.0
118,1,450.0,450.0,1.9459607035775686,1.9459607035775686,0.0,0.0
119,1,450.0,450.0,0.4471580313422192,0.4471580313422192,0.0,0.0
120,12,530.0,633.15,3.4471580313422194,4.4609375135201335,103.14999999999998,1.013779482177914
121,4,706.15,823.15,2.6273658565927325,3.5908418347816027,117.0,0.9634759781888702
122,1,863.15,863.15,1.3010299956639813,1.3010299956639813,0.0,0.0
123,4,285.0,849.15,0.9030899869919435,3.100370545117563,564.15,2.1972805581256196
124,1,1113.15,1113.15,3.8195439355418688,3.8195439355418688,0.0,0.0
125,3,867.0,913.15,2.041392685158225,2.342422680822206,46.14999999999998,0.30102999566398125
126,1,565.0,565.0,3.272396312995665,3.272396312995665,0.0,0.0
127,3,653.0,820.0,3.041392685158225,3.8135809885681917,167.0,0.7721883034099668
128,1,610.0,610.0,2.3219296685265176,2.3219296685265176,0.0,0.0
129,1,653.0,653.0,2.8633882968246764,2.8633882968246764,0.0,0.0
130,1,704.0,704.0,3.071874646320322,3.071874646320322,0.0,0.0
131,4,730.0,780.0,3.281714970027296,3.755307616807003,50.0,0.47359264677970714
132,1,495.0,495.0,3.724275869600789,3.724275869600789,0.0,0.0
133,1,488.0,488.0,3.6720978579357175,3.6720978579357175,0.0,0.0
134,1,634.15,634.15,3.568201724066995,3.568201724066995,0.0,0.0
135,1,150.0,150.0,4.447623097760286,4.447623097760286,0.0,0.0
136,1,695.0,695.0,3.886490725172482,3.886490725172482,0.0,0.0
137,1,590.0,590.0,3.9030899869919438,3.9030899869919438,0.0,0.0
138,1,429.15,429.15,2.5010592622177517,2.5010592622177517,0.0,0.0
139,2,443.15,448.15,2.885361220031512,3.2340108175871793,5.0,0.34864959755566716
140,1,456.15,456.15,3.0802656273398448,3.0802656273398448,0.0,0.0
141,1,585.15,585.15,4.362135126493338,4.362135126493338,0.0,0.0
142,1,913.15,913.15,2.795184589682424,2.795184589682424,0.0,0.0
143,1,913.15,913.15,2.645422269349092,2.645422269349092,0.0,0.0
144,1,900.15,900.15,2.7007037171450192,2.7007037171450192,0.0,0.0
145,7,17.4,1063.0,-1.5228787452803376,3.5010592622177517,1045.6,5.0239380074980895
146,1,432.0,432.0,3.740683948559653,3.740683948559653,0.0,0.0
147,1,11.0,11.0,3.0791812460476247,3.0791812460476247,0.0,0.0
148,1,600.15,600.15,-1.3979400086720375,-1.3979400086720375,0.0,0.0
149,9,823.15,1300.0,-0.8538719643217619,3.3521825181113627,476.85,4.2060544824331245
150,1,743.0,743.0,3.8982742024877077,3.8982742024877077,0.0,0.0
151,1,743.0,743.0,3.986657996901627,3.986657996901627,0.0,0.0
152,1,793.15,793.15,4.176091259055681,4.176091259055681,0.0,0.0
153,1,753.15,753.15,4.643452676486188,4.643452676486188,0.0,0.0
154,1,581.0,581.0,1.9777236052888478,1.9777236052888478,0.0,0.0
155,1,770.0,770.0,3.617723562739995,3.617723562739995,0.0,0.0
156,1,705.0,705.0,2.642167634404945,2.642167634404945,0.0,0.0
157,1,670.0,670.0,1.9840770339028309,1.9840770339028309,0.0,0.0
158,1,695.0,695.0,2.8857568810692675,2.8857568810692675,0.0,0.0
159,1,550.0,550.0,2.1455071714096627,2.1455071714096627,0.0,0.0
160,1,168.0,168.0,4.0,4.0,0.0,0.0
161,3,440.0,482.0,3.7768166415873243,3.8101726807323772,42.0,0.03335603914505292
162,1,350.0,350.0,2.0170333392987803,2.0170333392987803,0.0,0.0
163,2,1078.15,1078.15,4.387745659608863,4.536432175822013,0.0,0.1486865162131501
164,1,704.0,704.0,2.782472624166286,2.782472624166286,0.0,0.0
165,1,693.0,693.0,2.722633922533812,2.722633922533812,0.0,0.0
166,1,685.0,685.0,2.5289167002776547,2.5289167002776547,0.0,0.0
167,1,672.0,672.0,2.0043213737826426,2.0043213737826426,0.0,0.0
168,1,1130.0,1130.0,3.2624510897304293,3.2624510897304293,0.0,0.0
169,1,729.0,729.0,3.110589710299249,3.110589710299249,0.0,0.0
170,1,709.0,709.0,3.12057393120585,3.12057393120585,0.0,0.0
171,1,690.0,690.0,3.5490032620257876,3.5490032620257876,0.0,0.0
172,8,1000.0,1123.15,0.0,4.283301228703549,123.15000000000009,4.283301228703549
173,1,650.0,650.0,3.4356692119260464,3.4356692119260464,0.0,0.0
174,1,980.0,980.0,2.591064607026499,2.591064607026499,0.0,0.0
175,1,1135.0,1135.0,3.1305781914092665,3.1305781914092665,0.0,0.0
176,2,39.2,42.0,3.8129133566428557,3.9965116721541785,2.799999999999997,0.18359831551132277
177,1,750.0,750.0,1.9442852206887526,1.9442852206887526,0.0,0.0
178,1,695.0,695.0,1.400192488592576,1.400192488592576,0.0,0.0
179,1,792.15,792.15,1.8520528086978505,1.8520528086978505,0.0,0.0
180,1,723.0,723.0,3.3924524839268835,3.3924524839268835,0.0,0.0
181,2,510.0,510.0,2.7781512503836434,4.301029995663981,0.0,1.5228787452803378
182,2,465.0,644.2,-0.11350927482751812,2.4771212547196626,179.20000000000005,2.5906305295471808
183,1,773.15,773.15,1.4771212547196624,1.4771212547196624,0.0,0.0
184,1,773.15,773.15,1.5440680443502757,1.5440680443502757,0.0,0.0
185,1,744.0,744.0,3.662757831681574,3.662757831681574,0.0,0.0
186,1,771.0,771.0,3.382510524292087,3.382510524292087,0.0,0.0
187,1,733.0,733.0,3.3033299982459905,3.3033299982459905,0.0,0.0
188,1,733.0,733.0,3.2327496863135416,3.2327496863135416,0.0,0.0
189,1,733.0,733.0,3.257572987685671,3.257572987685671,0.0,0.0
190,1,771.0,771.0,3.4336642467413525,3.4336642467413525,0.0,0.0
191,1,710.0,710.0,4.254545660327169,4.254545660327169,0.0,0.0
192,1,750.0,750.0,3.0,3.0,0.0,0.0
193,15,798.15,998.15,0.21748394421390624,3.3560258571931225,200.0,3.1385419129792163
194,1,773.15,773.15,3.7075701760979363,3.7075701760979363,0.0,0.0
195,5,700.0,753.15,3.164352855784437,4.348304863048161,53.14999999999998,1.1839520072637235
196,1,633.15,633.15,4.489958479424835,4.489958479424835,0.0,0.0
197,5,840.0,943.15,1.6434526764861874,2.4183012913197452,103.14999999999998,0.7748486148335578
198,1,584.15,584.15,4.164352855784437,4.164352855784437,0.0,0.0
199,1,560.0,560.0,3.6232492903979003,3.6232492903979003,0.0,0.0
200,1,585.0,585.0,3.462397997898956,3.462397997898956,0.0,0.0
201,1,773.15,773.15,3.845098040014257,3.845098040014257,0.0,0.0
202,1,750.15,750.15,3.960744206586315,3.960744206586315,0.0,0.0
203,1,773.15,773.15,2.462397997898956,2.462397997898956,0.0,0.0
204,2,1073.15,1133.15,2.831601055400997,3.0211892990699383,60.0,0.18958824366894111
205,1,450.0,450.0,-0.638272163982407,-0.638272163982407,0.0,0.0
206,1,583.15,583.15,3.380211241711606,3.380211241711606,0.0,0.0
207,1,723.15,723.15,3.342422680822206,3.342422680822206,0.0,0.0
208,1,723.15,723.15,3.1760912590556813,3.1760912590556813,0.0,0.0
209,1,633.0,633.0,4.161368002234975,4.161368002234975,0.0,0.0
210,1,603.15,603.15,3.763851598418233,3.763851598418233,0.0,0.0
211,1,570.0,570.0,4.175121410724608,4.175121410724608,0.0,0.0
212,1,732.0,732.0,3.796300905260225,3.796300905260225,0.0,0.0
213,1,732.0,732.0,1.5588285248170117,1.5588285248170117,0.0,0.0
214,1,732.0,732.0,0.5092025223311029,0.5092025223311029,0.0,0.0
215,2,650.0,650.15,3.4913616938342726,3.6314437690131722,0.14999999999997726,0.1400820751788996
216,1,650.0,650.0,3.6020599913279625,3.6020599913279625,0.0,0.0
217,1,650.0,650.0,3.929418925714293,3.929418925714293,0.0,0.0
218,1,650.0,650.0,4.05307844348342,4.05307844348342,0.0,0.0
219,1,650.0,650.0,3.8195439355418688,3.8195439355418688,0.0,0.0
220,1,630.0,630.0,0.8739015978644614,0.8739015978644614,0.0,0.0
221,1,1023.15,1023.15,4.193124598354461,4.193124598354461,0.0,0.0
222,1,740.0,740.0,3.7450747915820575,3.7450747915820575,0.0,0.0
223,1,721.0,721.0,3.749736315569061,3.749736315569061,0.0,0.0
224,1,516.0,516.0,3.594753759652913,3.594753759652913,0.0,0.0
225,1,516.0,516.0,3.468425614538259,3.468425614538259,0.0,0.0
226,1,296.0,296.0,4.095721548389203,4.095721548389203,0.0,0.0
227,1,334.0,334.0,4.023489095937347,4.023489095937347,0.0,0.0
228,1,705.0,705.0,3.681241237375587,3.681241237375587,0.0,0.0
229,1,650.15,650.15,3.0802656273398448,3.0802656273398448,0.0,0.0
230,1,650.15,650.15,3.0827853703164503,3.0827853703164503,0.0,0.0
231,1,650.15,650.15,3.001300933020418,3.001300933020418,0.0,0.0
232,2,731.15,940.0,2.5415792439465807,3.462397997898956,208.85000000000002,0.9208187539523753
233,1,729.15,729.15,2.525044807036845,2.525044807036845,0.0,0.0
234,1,664.15,664.15,2.4983105537896004,2.4983105537896004,0.0,0.0
235,1,1176.0,1176.0,3.001300933020418,3.001300933020418,0.0,0.0
236,1,1173.0,1173.0,2.36300994273886,2.36300994273886,0.0,0.0
237,1,750.15,750.15,3.5287881917748964,3.5287881917748964,0.0,0.0
238,1,628.0,628.0,4.1541195255158465,4.1541195255158465,0.0,0.0
239,1,613.15,613.15,2.6424645202421213,2.6424645202421213,0.0,0.0
240,1,537.15,537.15,2.437750562820388,2.437750562820388,0.0,0.0
241,1,474.15,474.15,2.3654879848909,2.3654879848909,0.0,0.0
242,1,423.15,423.15,2.285557309007774,2.285557309007774,0.0,0.0
243,1,713.15,713.15,3.462397997898956,3.462397997898956,0.0,0.0
244,1,708.15,708.15,3.5440680443502757,3.5440680443502757,0.0,0.0
245,1,683.15,683.15,3.6232492903979003,3.6232492903979003,0.0,0.0
246,1,663.15,663.15,3.681241237375587,3.681241237375587,0.0,0.0
247,2,605.0,765.0,4.033423755486949,4.152288344383057,160.0,0.11886458889610729
248,1,95.0,95.0,4.1003705451175625,4.1003705451175625,0.0,0.0
249,1,88.0,88.0,4.02938377768521,4.02938377768521,0.0,0.0
250,1,33.0,33.0,3.3010299956639813,3.3010299956639813,0.0,0.0
251,1,5.4,5.4,2.845098040014257,2.845098040014257,0.0,0.0
252,1,326.0,326.0,2.4771212547196626,2.4771212547196626,0.0,0.0
253,1,366.0,366.0,2.6532125137753435,2.6532125137753435,0.0,0.0
254,1,377.0,377.0,2.7993405494535817,2.7993405494535817,0.0,0.0
255,1,378.0,378.0,3.0,3.0,0.0,0.0
256,1,546.0,546.0,1.7704101315139062,1.7704101315139062,0.0,0.0
257,1,1190.2,1190.2,0.6580113966571124,0.6580113966571124,0.0,0.0
258,1,1056.8,1056.8,1.229425847920695,1.229425847920695,0.0,0.0
259,1,590.0,590.0,0.8260748027008264,0.8260748027008264,0.0,0.0
260,1,518.0,518.0,1.4771212547196624,1.4771212547196624,0.0,0.0
261,1,433.0,433.0,2.4149733479708178,2.4149733479708178,0.0,0.0
262,1,370.0,370.0,2.9542425094393248,2.9542425094393248,0.0,0.0
263,1,536.15,536.15,3.4578818967339924,3.4578818967339924,0.0,0.0
264,1,989.15,989.15,4.236537261488694,4.236537261488694,0.0,0.0
265,3,1073.15,1073.15,4.489114369378919,4.540454613671412,0.0,0.05134024429249262
266,1,672.0,672.0,2.938519725176492,2.938519725176492,0.0,0.0
267,1,732.0,732.0,4.3881012015705165,4.3881012015705165,0.0,0.0
268,1,732.0,732.0,4.233503760341135,4.233503760341135,0.0,0.0
269,1,663.0,663.0,3.157783046403016,3.157783046403016,0.0,0.0
270,1,308.0,308.0,2.146128035678238,2.146128035678238,0.0,0.0
271,1,636.15,636.15,3.752662943120972,3.752662943120972,0.0,0.0
272,1,625.15,625.15,3.657629431388952,3.657629431388952,0.0,0.0
273,1,887.9,887.9,-1.2218487496163564,-1.2218487496163564,0.0,0.0
274,1,702.15,702.15,2.983175072037813,2.983175072037813,0.0,0.0
275,1,704.15,704.15,2.661812685537261,2.661812685537261,0.0,0.0
276,1,643.15,643.15,2.1492191126553797,2.1492191126553797,0.0,0.0
277,1,625.15,625.15,1.8195439355418688,1.8195439355418688,0.0,0.0
278,1,585.15,585.15,4.367085194779067,4.367085194779067,0.0,0.0
279,1,588.15,588.15,4.123851640967086,4.123851640967086,0.0,0.0
280,1,587.15,587.15,3.963787827345555,3.963787827345555,0.0,0.0
281,1,587.15,587.15,3.7323937598229686,3.7323937598229686,0.0,0.0
282,1,623.15,623.15,4.039810950402259,4.039810950402259,0.0,0.0
283,1,475.0,475.0,3.8773609779732414,3.8773609779732414,0.0,0.0
284,1,413.15,413.15,2.838779849865721,2.838779849865721,0.0,0.0
285,1,498.15,498.15,4.08278537031645,4.08278537031645,0.0,0.0
286,1,750.15,750.15,4.03981055414835,4.03981055414835,0.0,0.0
287,1,483.15,483.15,2.178401341533755,2.178401341533755,0.0,0.0
288,1,1008.0,1008.0,3.7403626894942437,3.7403626894942437,0.0,0.0
289,1,717.0,717.0,3.3010299956639813,3.3010299956639813,0.0,0.0
290,1,573.15,573.15,3.690196080028514,3.690196080028514,0.0,0.0
291,1,923.15,923.15,3.8129133566428557,3.8129133566428557,0.0,0.0
292,1,585.0,585.0,3.8976270912904414,3.8976270912904414,0.0,0.0
293,1,585.0,585.0,4.161368002234975,4.161368002234975,0.0,0.0
294,1,350.0,350.0,4.079181246047625,4.079181246047625,0.0,0.0
295,1,430.0,430.0,3.6989700043360187,3.6989700043360187,0.0,0.0
296,1,480.0,480.0,3.3979400086720375,3.3979400086720375,0.0,0.0
297,1,525.0,525.0,3.1760912590556813,3.1760912590556813,0.0,0.0
298,1,740.0,740.0,3.6706168864003255,3.6706168864003255,0.0,0.0
299,1,1016.0,1016.0,3.8432327780980096,3.8432327780980096,0.0,0.0
300,1,1017.0,1017.0,4.024895960107485,4.024895960107485,0.0,0.0
301,1,655.0,655.0,3.6494380644193076,3.6494380644193076,0.0,0.0
302,4,538.15,670.0,3.3031960574204886,3.734799829588847,131.85000000000002,0.43160377216835855
303,1,598.0,598.0,3.57978359661681,3.57978359661681,0.0,0.0
304,1,1050.15,1050.15,4.187774455163985,4.187774455163985,0.0,0.0
305,1,850.0,850.0,4.230448921378274,4.230448921378274,0.0,0.0
306,1,1178.15,1178.15,4.117271295655764,4.117271295655764,0.0,0.0
307,10,723.0,729.15,2.44870631990508,3.6884198220027105,6.149999999999977,1.2397135020976306
308,1,573.15,573.15,3.3654879848909,3.3654879848909,0.0,0.0
309,1,573.15,573.15,3.4265112613645754,3.4265112613645754,0.0,0.0
310,1,628.0,628.0,4.14921911265538,4.14921911265538,0.0,0.0
311,3,92.0,95.0,3.0,3.4913616938342726,3.0,0.49136169383427264
312,1,80.0,80.0,3.4186326873540653,3.4186326873540653,0.0,0.0
313,1,723.15,723.15,3.6532125137753435,3.6532125137753435,0.0,0.0
314,1,973.15,973.15,4.037426497940624,4.037426497940624,0.0,0.0
315,1,973.15,973.15,4.123851640967086,4.123851640967086,0.0,0.0
316,2,515.69,529.0,3.8018590344955094,4.275426536741639,13.309999999999945,0.47356750224612965
317,1,493.31,493.31,3.7959536674428542,3.7959536674428542,0.0,0.0
318,1,492.47,492.47,3.790691816717609,3.790691816717609,0.0,0.0
319,1,466.56,466.56,3.7947716744956903,3.7947716744956903,0.0,0.0
320,1,44.0,44.0,1.3010299956639813,1.3010299956639813,0.0,0.0
321,1,618.15,618.15,3.838849090737255,3.838849090737255,0.0,0.0
322,31,115.2,863.15,1.2375437381428744,3.17435059747938,747.9499999999999,1.9368068593365058
323,1,758.0,758.0,3.6532125137753435,3.6532125137753435,0.0,0.0
324,1,585.0,585.0,4.090480258889635,4.090480258889635,0.0,0.0
325,2,773.15,773.15,3.8195439355418688,3.863322860120456,0.0,0.04377892457858712
326,1,740.0,740.0,3.956542032020448,3.956542032020448,0.0,0.0
327,1,541.15,541.15,3.462397997898956,3.462397997898956,0.0,0.0
328,1,610.15,610.15,3.3979400086720375,3.3979400086720375,0.0,0.0
329,1,634.0,634.0,4.361727836017593,4.361727836017593,0.0,0.0
330,1,581.15,581.15,3.601636347648236,3.601636347648236,0.0,0.0
331,1,637.15,637.15,3.747569492637394,3.747569492637394,0.0,0.0
332,1,608.15,608.15,3.93616626845658,3.93616626845658,0.0,0.0
333,1,595.0,595.0,3.7436484973026496,3.7436484973026496,0.0,0.0
334,1,625.0,625.0,4.0,4.0,0.0,0.0
335,1,743.15,743.15,3.8192608938937127,3.8192608938937127,0.0,0.0
336,1,743.15,743.15,3.8404135062907443,3.8404135062907443,0.0,0.0
337,1,743.15,743.15,3.733228571713451,3.733228571713451,0.0,0.0
338,1,743.15,743.15,3.6563473944485407,3.6563473944485407,0.0,0.0
339,1,1020.0,1020.0,2.002295682554934,2.002295682554934,0.0,0.0
340,1,852.0,852.0,2.002295682554934,2.002295682554934,0.0,0.0
341,1,190.0,190.0,0.6434526764861874,0.6434526764861874,0.0,0.0
342,1,633.15,633.15,4.466867620354109,4.466867620354109,0.0,0.0
343,1,325.0,325.0,2.4771212547196626,2.4771212547196626,0.0,0.0
344,1,301.0,301.0,2.6720978579357175,2.6720978579357175,0.0,0.0
345,1,268.0,268.0,3.8027737252919755,3.8027737252919755,0.0,0.0
346,1,240.0,240.0,3.9030899869919438,3.9030899869919438,0.0,0.0
347,1,700.0,700.0,3.969602264848539,3.969602264848539,0.0,0.0
348,8,138.0,280.0,2.1698800728743866,3.0,142.0,0.8301199271256134
349,1,260.0,260.0,2.361727836017593,2.361727836017593,0.0,0.0
350,1,255.0,255.0,2.376576957056512,2.376576957056512,0.0,0.0
351,1,658.0,658.0,-1.0,-1.0,0.0,0.0
352,1,663.0,663.0,-1.0969100130080565,-1.0969100130080565,0.0,0.0
353,1,350.0,350.0,2.4149733479708178,2.4149733479708178,0.0,0.0
354,1,680.0,680.0,4.361727836017593,4.361727836017593,0.0,0.0
355,4,304.3,359.3,2.380211241711606,3.1172712956557644,55.0,0.7370600539441585
356,1,659.15,659.15,4.021189299069938,4.021189299069938,0.0,0.0
357,1,654.15,654.15,4.08278537031645,4.08278537031645,0.0,0.0
358,3,363.0,383.0,1.9668922958671364,2.4207641374717914,20.0,0.453871841604655
359,1,933.15,933.15,-0.12493873660829993,-0.12493873660829993,0.0,0.0
360,1,893.0,893.0,2.0718820073061255,2.0718820073061255,0.0,0.0
361,1,900.0,900.0,2.03342375548695,2.03342375548695,0.0,0.0
362,1,915.0,915.0,2.0791812460476247,2.0791812460476247,0.0,0.0
363,1,896.0,896.0,2.0644579892269186,2.0644579892269186,0.0,0.0
364,1,530.0,530.0,2.6148972160331345,2.6148972160331345,0.0,0.0
365,1,480.0,480.0,2.423245873936808,2.423245873936808,0.0,0.0
366,1,505.0,505.0,2.6830470382388496,2.6830470382388496,0.0,0.0
367,1,475.0,475.0,2.514547752660286,2.514547752660286,0.0,0.0
368,2,497.0,793.0,2.7067177823367587,2.9628426812012423,296.0,0.25612489886448353
369,1,465.0,465.0,2.577491799837225,2.577491799837225,0.0,0.0
370,1,488.0,488.0,-1.2218487496163564,-1.2218487496163564,0.0,0.0
371,1,548.0,548.0,-1.3979400086720375,-1.3979400086720375,0.0,0.0
372,1,567.0,567.0,1.8750612633917,1.8750612633917,0.0,0.0
373,1,423.15,423.15,1.2771506139637967,1.2771506139637967,0.0,0.0
374,2,721.0,721.0,3.204119982655925,3.6989700043360187,0.0,0.49485002168009373
375,1,749.98,749.98,-0.10790539730951959,-0.10790539730951959,0.0,0.0
376,1,750.08,750.08,-0.16115090926274472,-0.16115090926274472,0.0,0.0
377,2,400.0,509.0,-0.16115090926274472,1.209515014542631,109.0,1.3706659238053758
378,2,400.0,480.0,-0.2006594505464183,1.0726174765452365,80.0,1.2732769270916549
379,2,400.0,467.0,-0.4559319556497244,0.9385197251764918,67.0,1.3944516808262162
380,2,400.0,441.0,-0.619788758288394,0.9566485792052033,41.0,1.5764373374935974
381,1,744.15,744.15,2.648925689157213,2.648925689157213,0.0,0.0
382,1,739.15,739.15,2.6826954958987113,2.6826954958987113,0.0,0.0
383,1,718.15,718.15,2.6525074195512994,2.6525074195512994,0.0,0.0
384,1,743.15,743.15,2.6782815921420244,2.6782815921420244,0.0,0.0
385,1,735.15,735.15,2.660495506382359,2.660495506382359,0.0,0.0
386,1,696.15,696.15,2.670996866872022,2.670996866872022,0.0,0.0
387,5,147.0,165.0,2.756636108245848,3.5440680443502757,18.0,0.7874319361044275
388,1,576.15,576.15,-0.8860566476931632,-0.8860566476931632,0.0,0.0
389,1,569.15,569.15,-0.9208187539523752,-0.9208187539523752,0.0,0.0
390,1,667.5,667.5,1.4653828514484184,1.4653828514484184,0.0,0.0
391,1,250.0,250.0,1.9030899869919435,1.9030899869919435,0.0,0.0
392,16,360.0,562.0,-0.6989700043360187,2.3242824552976926,202.0,3.0232524596337114
393,1,342.0,342.0,2.4193608697212836,2.4193608697212836,0.0,0.0
394,2,629.15,634.15,1.6812412373755872,2.2278867046136734,5.0,0.5466454672380863
395,1,300.0,300.0,1.6898414091375047,1.6898414091375047,0.0,0.0
396,1,300.0,300.0,1.5940609012704183,1.5940609012704183,0.0,0.0
397,1,633.0,633.0,-0.060480747381381476,-0.060480747381381476,0.0,0.0
398,1,793.0,793.0,2.296665190261531,2.296665190261531,0.0,0.0
399,1,793.0,793.0,2.0492180226701815,2.0492180226701815,0.0,0.0
400,2,254.0,269.2,3.080914958856625,3.144885418287142,15.199999999999989,0.06397045943051705
401,1,646.0,646.0,-0.5086383061657274,-0.5086383061657274,0.0,0.0
402,1,625.0,625.0,-0.958607314841775,-0.958607314841775,0.0,0.0
403,1,614.0,614.0,-1.5228787452803376,-1.5228787452803376,0.0,0.0
404,1,568.15,568.15,2.5563025007672873,2.5563025007672873,0.0,0.0
405,1,370.0,370.0,1.5646660642520893,1.5646660642520893,0.0,0.0
406,1,350.0,350.0,1.6232492903979006,1.6232492903979006,0.0,0.0
407,1,925.0,925.0,1.255272505103306,1.255272505103306,0.0,0.0
408,1,781.15,781.15,3.137670537236755,3.137670537236755,0.0,0.0
409,1,780.15,780.15,2.9472376078706666,2.9472376078706666,0.0,0.0
410,1,775.15,775.15,2.8912976653910456,2.8912976653910456,0.0,0.0
411,1,772.15,772.15,2.2531198338868874,2.2531198338868874,0.0,0.0
412,3,415.0,653.0,1.332034277027518,1.9800033715837464,238.0,0.6479690945562284
413,2,450.0,671.15,0.9148718175400504,2.0560659294317527,221.14999999999998,1.1411941118917022
414,1,150.0,150.0,1.7327153403499929,1.7327153403499929,0.0,0.0
415,20,180.0,375.0,0.8450980400142568,2.361727836017593,195.0,1.5166297960033361
416,1,657.0,657.0,-1.0457574905606752,-1.0457574905606752,0.0,0.0
417,1,582.0,582.0,-1.0969100130080565,-1.0969100130080565,0.0,0.0
418,1,648.0,648.0,-0.8860566476931632,-0.8860566476931632,0.0,0.0
419,1,436.15,436.15,1.5597869682005565,1.5597869682005565,0.0,0.0
420,1,432.15,432.15,1.5245259366263757,1.5245259366263757,0.0,0.0
421,1,345.15,345.15,1.5482665451707454,1.5482665451707454,0.0,0.0
422,1,549.05,549.05,-1.2218487496163564,-1.2218487496163564,0.0,0.0
423,1,566.25,566.25,-1.2218487496163564,-1.2218487496163564,0.0,0.0
424,1,497.0,497.0,-0.3565473235138126,-0.3565473235138126,0.0,0.0
425,1,516.0,516.0,-0.5528419686577808,-0.5528419686577808,0.0,0.0
426,1,520.0,520.0,-0.5228787452803376,-0.5228787452803376,0.0,0.0
427,1,570.65,570.65,2.722461157414987,2.722461157414987,0.0,0.0
428,2,735.0,766.27,2.62293896921149,3.804480189105993,31.269999999999982,1.1815412198945028
429,1,731.0,731.0,2.9281397068751196,2.9281397068751196,0.0,0.0
430,2,718.0,783.0,0.6127838567197355,0.8750612633917001,65.0,0.26227740667196464
431,1,333.0,333.0,1.7945577512547617,1.7945577512547617,0.0,0.0
432,1,343.0,343.0,2.095378599560064,2.095378599560064,0.0,0.0
433,1,333.0,333.0,2.511950170375499,2.511950170375499,0.0,0.0
434,1,333.0,333.0,2.8749801875210945,2.8749801875210945,0.0,0.0
435,1,333.0,333.0,2.95327150039893,2.95327150039893,0.0,0.0
436,1,583.15,583.15,3.9522992849085568,3.9522992849085568,0.0,0.0
437,2,613.2,615.1,-0.05551732784983137,0.4608978427565479,1.8999999999999773,0.5164151706063792
438,2,684.3,689.7,-0.3010299956639812,0.3996737214810381,5.400000000000091,0.7007037171450192
439,2,540.55,565.25,1.2041199826559248,1.3979400086720377,24.700000000000045,0.19382002601611292
440,1,743.15,743.15,3.8946726581414817,3.8946726581414817,0.0,0.0
441,2,723.15,930.0,3.09725730969342,3.195634015325523,206.85000000000002,0.09837670563210299
442,1,793.0,793.0,2.962369335670021,2.962369335670021,0.0,0.0
443,1,793.0,793.0,2.9400181550076634,2.9400181550076634,0.0,0.0
444,1,793.0,793.0,2.8674674878590514,2.8674674878590514,0.0,0.0
445,1,793.0,793.0,2.8221680793680175,2.8221680793680175,0.0,0.0
446,1,793.0,793.0,2.7902851640332416,2.7902851640332416,0.0,0.0
447,1,589.15,589.15,3.6720978579357175,3.6720978579357175,0.0,0.0
448,4,718.15,725.15,2.413299764081252,2.5118833609788744,7.0,0.09858359689762253
449,1,12.0,12.0,2.204119982655925,2.204119982655925,0.0,0.0
450,1,22.0,22.0,4.079181246047625,4.079181246047625,0.0,0.0
451,1,500.0,500.0,1.9211660506377388,1.9211660506377388,0.0,0.0
452,1,370.0,370.0,2.5118833609788744,2.5118833609788744,0.0,0.0
453,1,370.12,370.12,3.2976948696930735,3.2976948696930735,0.0,0.0
454,1,383.0,383.0,2.99312748510571,2.99312748510571,0.0,0.0
455,1,363.0,363.0,3.0546896429499797,3.0546896429499797,0.0,0.0
456,1,403.0,403.0,2.8200700343123257,2.8200700343123257,0.0,0.0
457,1,423.0,423.0,3.094331349277096,3.094331349277096,0.0,0.0
458,1,423.0,423.0,2.8913143993821433,2.8913143993821433,0.0,0.0
459,1,403.0,403.0,2.983039616046102,2.983039616046102,0.0,0.0
460,2,534.0,833.15,1.173186268412274,1.944975908412048,299.15,0.7717896399997739
461,1,150.0,150.0,3.591064607026499,3.591064607026499,0.0,0.0
462,1,150.0,150.0,3.8920946026904804,3.8920946026904804,0.0,0.0
463,1,735.0,735.0,2.3098430047160705,2.3098430047160705,0.0,0.0
464,1,725.0,725.0,2.842546836495015,2.842546836495015,0.0,0.0
465,1,39.0,39.0,4.342422680822207,4.342422680822207,0.0,0.0
466,1,1203.0,1203.0,1.0791812460476249,1.0791812460476249,0.0,0.0
467,1,1199.0,1199.0,0.9030899869919435,0.9030899869919435,0.0,0.0
468,1,1187.0,1187.0,0.8450980400142568,0.8450980400142568,0.0,0.0
469,1,1153.0,1153.0,0.6989700043360189,0.6989700043360189,0.0,0.0
470,9,1100.0,1137.0,0.6020599913279624,2.3180633349627615,37.0,1.716003343634799
471,9,573.0,778.0,1.4082399653118496,3.0969100130080562,205.0,1.6886700476962067
472,1,353.0,353.0,2.729828687726944,2.729828687726944,0.0,0.0
473,1,681.15,681.15,1.7427251313046983,1.7427251313046983,0.0,0.0
474,1,460.0,460.0,3.9822712330395684,3.9822712330395684,0.0,0.0
475,1,640.0,640.0,0.13353890837021754,0.13353890837021754,0.0,0.0
476,1,662.0,662.0,0.23804610312879543,0.23804610312879543,0.0,0.0
477,1,666.0,666.0,0.2810333672477275,0.2810333672477275,0.0,0.0
478,1,680.0,680.0,0.3654879848908996,0.3654879848908996,0.0,0.0
479,1,990.0,990.0,0.3222192947339193,0.3222192947339193,0.0,0.0
480,1,533.0,533.0,2.4258601450778405,2.4258601450778405,0.0,0.0
481,1,678.15,678.15,2.318313817223999,2.318313817223999,0.0,0.0
482,1,662.15,662.15,2.4595734061046524,2.4595734061046524,0.0,0.0
483,1,650.15,650.15,1.9542425094393248,1.9542425094393248,0.0,0.0
484,1,645.15,645.15,2.0,2.0,0.0,0.0
485,4,225.0,228.0,2.9876662649262746,4.008600171761918,3.0,1.0209339068356433
486,2,304.0,330.0,1.3222192947339193,1.5440680443502757,26.0,0.22184874961635637
487,1,290.0,290.0,4.845098040014257,4.845098040014257,0.0,0.0
488,2,643.15,705.15,-0.6020599913279624,-0.05551732784983137,62.0,0.5465426634781311
489,1,1190.0,1190.0,4.31272749515473,4.31272749515473,0.0,0.0
490,1,723.15,723.15,3.395937645080042,3.395937645080042,0.0,0.0
491,1,550.0,550.0,4.342422680822207,4.342422680822207,0.0,0.0
492,1,760.0,760.0,4.3979400086720375,4.3979400086720375,0.0,0.0
493,1,242.0,242.0,3.2345172835126865,3.2345172835126865,0.0,0.0
494,2,400.0,713.0,-2.0,1.615107987443194,313.0,3.615107987443194
495,1,741.0,741.0,3.7925317619013077,3.7925317619013077,0.0,0.0
496,1,396.15,396.15,4.556302500767287,4.556302500767287,0.0,0.0
497,1,431.15,431.15,4.502427119984433,4.502427119984433,0.0,0.0
498,1,750.0,750.0,0.7442929831226762,0.7442929831226762,0.0,0.0
499,5,773.0,773.0,2.2479732663618064,3.0342272607705505,0.0,0.7862539944087441
500,1,500.0,500.0,4.038103310305898,4.038103310305898,0.0,0.0
501,1,491.0,491.0,3.7582304084577496,3.7582304084577496,0.0,0.0
502,1,489.0,489.0,3.144885418287142,3.144885418287142,0.0,0.0
503,1,476.0,476.0,2.9380190974762104,2.9380190974762104,0.0,0.0
504,1,474.0,474.0,2.8680563618230415,2.8680563618230415,0.0,0.0
505,1,831.15,831.15,2.0718820073061255,2.0718820073061255,0.0,0.0
506,2,395.0,396.0,1.6720978579357175,1.7781512503836436,1.0,0.10605339244792611
507,1,329.0,329.0,1.7781512503836436,1.7781512503836436,0.0,0.0
508,1,186.0,186.0,1.7781512503836436,1.7781512503836436,0.0,0.0
509,1,93.0,93.0,2.9845273133437926,2.9845273133437926,0.0,0.0
510,1,643.15,643.15,1.1760912590556813,1.1760912590556813,0.0,0.0
511,2,121.0,160.0,2.3010299956639813,4.748188027006201,39.0,2.4471580313422194
512,1,60.0,60.0,4.698970004336019,4.698970004336019,0.0,0.0
513,3,1100.0,1100.0,0.9740509027928773,3.2174839442139063,0.0,2.243433041421029
514,1,550.0,550.0,1.1139433523068367,1.1139433523068367,0.0,0.0
515,1,595.0,595.0,2.041392685158225,2.041392685158225,0.0,0.0
516,1,610.0,610.0,2.0791812460476247,2.0791812460476247,0.0,0.0
517,1,665.0,665.0,2.1760912590556813,2.1760912590556813,0.0,0.0
518,1,710.0,710.0,1.9030899869919435,1.9030899869919435,0.0,0.0
519,1,318.74,318.74,-0.05551732784983137,-0.05551732784983137,0.0,0.0
520,1,680.0,680.0,4.0,4.0,0.0,0.0
521,1,488.0,488.0,-1.0969100130080565,-1.0969100130080565,0.0,0.0
522,1,470.0,470.0,-1.2218487496163564,-1.2218487496163564,0.0,0.0
523,1,995.15,995.15,-0.060480747381381476,-0.060480747381381476,0.0,0.0
524,1,24.96,24.96,2.007534417897258,2.007534417897258,0.0,0.0
525,1,28.24,28.24,1.7485756169309918,1.7485756169309918,0.0,0.0
526,1,23.6,23.6,1.4598446423882079,1.4598446423882079,0.0,0.0
527,1,36.17,36.17,2.104452967322291,2.104452967322291,0.0,0.0
528,1,630.0,630.0,2.977266212427293,2.977266212427293,0.0,0.0
529,1,630.0,630.0,2.9804578922761,2.9804578922761,0.0,0.0
530,1,630.0,630.0,2.988112840268352,2.988112840268352,0.0,0.0
531,1,630.0,630.0,3.0051805125037805,3.0051805125037805,0.0,0.0
532,1,630.0,630.0,3.0277572046905536,3.0277572046905536,0.0,0.0
533,1,141.0,141.0,3.369957607346053,3.369957607346053,0.0,0.0
534,1,232.0,232.0,3.467312062980552,3.467312062980552,0.0,0.0
535,1,295.0,295.0,3.744840396785379,3.744840396785379,0.0,0.0
536,1,288.0,288.0,3.865991800126275,3.865991800126275,0.0,0.0
537,1,268.0,268.0,4.325720858019412,4.325720858019412,0.0,0.0
538,1,1346.15,1346.15,2.0696680969115957,2.0696680969115957,0.0,0.0
539,1,693.15,693.15,2.069779060881514,2.069779060881514,0.0,0.0
540,1,665.15,665.15,2.0848978584613556,2.0848978584613556,0.0,0.0
541,1,605.15,605.15,2.0962145853464054,2.0962145853464054,0.0,0.0
542,1,556.15,556.15,1.9989999722183203,1.9989999722183203,0.0,0.0
543,1,510.15,510.15,2.0073636543122784,2.0073636543122784,0.0,0.0
544,1,793.0,793.0,3.1610683854711747,3.1610683854711747,0.0,0.0
545,1,793.0,793.0,2.9258275746247424,2.9258275746247424,0.0,0.0
546,1,793.0,793.0,2.803457115648414,2.803457115648414,0.0,0.0
547,1,666.15,666.15,3.9777236052888476,3.9777236052888476,0.0,0.0
548,1,597.0,597.0,-1.3010299956639813,-1.3010299956639813,0.0,0.0
549,1,601.0,601.0,-1.2218487496163564,-1.2218487496163564,0.0,0.0
550,1,593.15,593.15,0.14301480025409505,0.14301480025409505,0.0,0.0
551,1,816.5,816.5,2.6766936096248664,2.6766936096248664,0.0,0.0
552,1,394.0,394.0,2.1760912590556813,2.1760912590556813,0.0,0.0
553,1,564.0,564.0,2.314056919240724,2.314056919240724,0.0,0.0
554,1,695.0,695.0,2.2397998184470986,2.2397998184470986,0.0,0.0
555,2,380.0,402.0,2.0388982121145327,2.655215294289842,22.0,0.6163170821753092
556,1,285.0,285.0,3.0791812460476247,3.0791812460476247,0.0,0.0
557,2,518.15,518.15,3.479421257301672,3.6555120363564666,0.0,0.17609077905479475
558,1,589.15,589.15,4.418632687354066,4.418632687354066,0.0,0.0
559,1,691.0,691.0,-1.3979400086720375,-1.3979400086720375,0.0,0.0
560,1,691.0,691.0,-1.2218487496163564,-1.2218487496163564,0.0,0.0
561,1,706.0,706.0,-1.3010299956639813,-1.3010299956639813,0.0,0.0
562,1,710.15,710.15,-0.1366771398795441,-0.1366771398795441,0.0,0.0
563,1,549.0,549.0,3.662757831681574,3.662757831681574,0.0,0.0
564,1,560.0,560.0,3.9867717342662448,3.9867717342662448,0.0,0.0
565,5,795.0,795.0,2.8686444383948255,3.2814878879400813,0.0,0.41284344954525576
566,2,1073.15,1073.15,3.9541228206908823,4.190331698170292,0.0,0.23620887747940955
567,1,750.0,750.0,4.479420969301204,4.479420969301204,0.0,0.0
568,1,753.15,753.15,2.03342375548695,2.03342375548695,0.0,0.0
569,1,754.0,754.0,3.9030899869919438,3.9030899869919438,0.0,0.0
570,1,710.0,710.0,3.525044807036845,3.525044807036845,0.0,0.0
571,1,1240.0,1240.0,-0.00877392430750515,-0.00877392430750515,0.0,0.0
572,1,580.0,580.0,3.678993384838101,3.678993384838101,0.0,0.0
573,1,680.0,680.0,3.6766936096248664,3.6766936096248664,0.0,0.0
574,1,732.0,732.0,3.578524605274993,3.578524605274993,0.0,0.0
575,1,622.15,622.15,0.2741578492636798,0.2741578492636798,0.0,0.0
576,1,671.15,671.15,-0.5376020021010439,-0.5376020021010439,0.0,0.0
577,4,793.15,793.15,2.971739590887778,2.9849771264154934,0.0,0.013237535527715227
578,1,373.0,373.0,2.691656043498147,2.691656043498147,0.0,0.0
579,1,755.0,755.0,3.4149733479708178,3.4149733479708178,0.0,0.0
580,1,956.0,956.0,3.1156105116742996,3.1156105116742996,0.0,0.0
581,1,956.0,956.0,3.273464272621346,3.273464272621346,0.0,0.0
582,1,956.0,956.0,3.469380135849925,3.469380135849925,0.0,0.0
583,1,956.0,956.0,3.571009672309305,3.571009672309305,0.0,0.0
584,1,1253.15,1253.15,0.22530928172586284,0.22530928172586284,0.0,0.0
585,1,470.0,470.0,3.4771212547196626,3.4771212547196626,0.0,0.0
586,1,373.0,373.0,2.8216707106294,2.8216707106294,0.0,0.0
587,1,373.0,373.0,3.012993205388284,3.012993205388284,0.0,0.0
588,1,373.0,373.0,3.1842711256481806,3.1842711256481806,0.0,0.0
589,1,373.0,373.0,3.213156358659705,3.213156358659705,0.0,0.0
590,1,664.0,664.0,-1.0,-1.0,0.0,0.0
591,1,908.8,908.8,4.167395618874278,4.167395618874278,0.0,0.0
592,1,15.0,15.0,3.7993405494535817,3.7993405494535817,0.0,0.0
593,1,888.85,888.85,1.0,1.0,0.0,0.0
594,1,563.0,563.0,3.124514006131383,3.124514006131383,0.0,0.0
595,1,250.0,250.0,2.6989700043360187,2.6989700043360187,0.0,0.0
596,1,301.0,301.0,2.1789769472931693,2.1789769472931693,0.0,0.0
597,1,424.0,424.0,3.8193688664237726,3.8193688664237726,0.0,0.0
598,1,445.0,445.0,3.8234853146237042,3.8234853146237042,0.0,0.0
599,1,764.0,764.0,1.7481880270062005,1.7481880270062005,0.0,0.0
600,1,737.0,737.0,1.3010299956639813,1.3010299956639813,0.0,0.0
601,1,643.15,643.15,-1.0457574905606752,-1.0457574905606752,0.0,0.0
602,1,684.15,684.15,-0.958607314841775,-0.958607314841775,0.0,0.0
603,1,789.6,789.6,1.1931245983544616,1.1931245983544616,0.0,0.0
604,1,768.8,768.8,0.2304489213782739,0.2304489213782739,0.0,0.0
605,1,748.0,748.0,0.36172783601759284,0.36172783601759284,0.0,0.0
606,1,90.0,90.0,3.361727836017593,3.361727836017593,0.0,0.0
607,1,88.0,88.0,3.6434526764861874,3.6434526764861874,0.0,0.0
608,1,87.0,87.0,3.7558748556724915,3.7558748556724915,0.0,0.0
609,1,522.0,522.0,3.12515582958053,3.12515582958053,0.0,0.0
610,1,471.0,471.0,2.798650645445269,2.798650645445269,0.0,0.0
611,1,468.0,468.0,2.7596678446896306,2.7596678446896306,0.0,0.0
612,1,425.0,425.0,2.724275869600789,2.724275869600789,0.0,0.0
613,1,420.0,420.0,2.708420900134713,2.708420900134713,0.0,0.0
614,1,658.0,658.0,4.025552032262345,4.025552032262345,0.0,0.0
615,1,500.0,500.0,3.4913616938342726,3.4913616938342726,0.0,0.0
616,1,727.15,727.15,3.69284691927723,3.69284691927723,0.0,0.0
617,1,717.15,717.15,3.7058637122839193,3.7058637122839193,0.0,0.0
618,1,716.15,716.15,3.738780558484369,3.738780558484369,0.0,0.0
619,1,713.15,713.15,3.709269960975831,3.709269960975831,0.0,0.0
620,1,710.15,710.15,3.670245853074124,3.670245853074124,0.0,0.0
621,1,709.15,709.15,3.6180480967120925,3.6180480967120925,0.0,0.0
622,1,347.0,347.0,1.8525409857697988,1.8525409857697988,0.0,0.0
623,1,1173.0,1173.0,1.7708520116421442,1.7708520116421442,0.0,0.0
624,1,1173.0,1173.0,1.5314789170422551,1.5314789170422551,0.0,0.0
625,1,1173.0,1173.0,1.7853298350107671,1.7853298350107671,0.0,0.0
626,1,770.0,770.0,2.151982395457474,2.151982395457474,0.0,0.0
627,1,725.0,725.0,2.1607685618611283,2.1607685618611283,0.0,0.0
628,2,981.0,1060.0,1.3010299956639813,2.5308397786165204,79.0,1.2298097829525392
629,1,313.0,313.0,2.4345689040341987,2.4345689040341987,0.0,0.0
630,1,313.0,313.0,2.4345689040341987,2.4345689040341987,0.0,0.0
631,1,325.0,325.0,1.9442852206887526,1.9442852206887526,0.0,0.0
632,1,600.15,600.15,-1.0969100130080565,-1.0969100130080565,0.0,0.0
633,1,599.0,599.0,2.76618969331016,2.76618969331016,0.0,0.0
634,1,903.0,903.0,2.6989700043360187,2.6989700043360187,0.0,0.0
635,1,793.0,793.0,2.9542425094393248,2.9542425094393248,0.0,0.0
636,1,833.0,833.0,3.0,3.0,0.0,0.0
637,1,823.0,823.0,2.7781512503836434,2.7781512503836434,0.0,0.0
638,1,580.0,580.0,-1.3010299956639813,-1.3010299956639813,0.0,0.0
639,1,579.0,579.0,-1.3010299956639813,-1.3010299956639813,0.0,0.0
640,1,578.0,578.0,-1.2218487496163564,-1.2218487496163564,0.0,0.0
641,1,577.0,577.0,-1.3010299956639813,-1.3010299956639813,0.0,0.0
642,1,571.0,571.0,-1.0457574905606752,-1.0457574905606752,0.0,0.0
643,1,923.15,923.15,4.1303337684950066,4.1303337684950066,0.0,0.0
644,1,773.15,773.15,4.260071387985075,4.260071387985075,0.0,0.0
645,1,775.15,775.15,3.7483431044875495,3.7483431044875495,0.0,0.0
646,3,1173.15,1250.0,1.4313637641589874,1.4913616938342726,76.84999999999991,0.05999792967528528
647,1,563.0,563.0,4.0568168406427025,4.0568168406427025,0.0,0.0
648,2,593.15,613.15,-2.0,-2.0,20.0,0.0
649,3,745.15,748.15,-0.6575773191777937,-0.3372421683184259,3.0,0.3203351508593678
650,1,556.15,556.15,4.26245108973043,4.26245108973043,0.0,0.0
651,1,846.15,846.15,4.2552725051033065,4.2552725051033065,0.0,0.0
652,1,541.55,541.55,2.506505032404872,2.506505032404872,0.0,0.0
653,1,586.15,586.15,-0.8239087409443188,-0.8239087409443188,0.0,0.0
654,1,601.15,601.15,-1.0,-1.0,0.0,0.0
655,1,592.15,592.15,-0.8239087409443188,-0.8239087409443188,0.0,0.0
656,1,305.0,305.0,4.1667852197354325,4.1667852197354325,0.0,0.0
657,3,722.15,892.15,3.322219294733919,3.5055569386638217,170.0,0.1833376439299026
658,1,851.15,851.15,2.6720978579357175,2.6720978579357175,0.0,0.0
659,1,828.15,828.15,2.380211241711606,2.380211241711606,0.0,0.0
660,1,815.15,815.15,2.3010299956639813,2.3010299956639813,0.0,0.0
661,1,805.15,805.15,2.0791812460476247,2.0791812460476247,0.0,0.0
662,1,796.15,796.15,1.845098040014257,1.845098040014257,0.0,0.0
663,4,629.15,693.15,3.8364026108222116,3.982871140154935,64.0,0.14646852933272347
664,1,150.0,150.0,4.251638220448212,4.251638220448212,0.0,0.0
665,7,286.0,375.0,0.49692964807321494,2.4771212547196626,89.0,1.9801916066464478
666,1,1140.0,1140.0,1.5733358400660675,1.5733358400660675,0.0,0.0
667,1,1126.0,1126.0,1.5759956202032677,1.5759956202032677,0.0,0.0
668,1,1140.0,1140.0,1.6112983622964288,1.6112983622964288,0.0,0.0
669,1,1140.0,1140.0,1.5743785644130823,1.5743785644130823,0.0,0.0
670,2,702.15,702.15,3.632406672162299,3.6829659383364004,0.0,0.050559266174101225
671,5,428.15,690.15,0.11394335230683678,1.5185139398778875,262.0,1.4045705875710508
672,1,510.15,510.15,0.5276299008713387,0.5276299008713387,0.0,0.0
673,1,781.15,781.15,1.3222192947339193,1.3222192947339193,0.0,0.0
674,1,708.15,708.15,1.5185139398778875,1.5185139398778875,0.0,0.0
675,2,793.0,793.0,1.6110857334148727,1.8185557792978027,0.0,0.20747004588292994
676,1,690.55,690.55,3.5390760987927767,3.5390760987927767,0.0,0.0
677,1,849.15,849.15,2.235402180158032,2.235402180158032,0.0,0.0
678,1,755.15,755.15,2.109240968588203,2.109240968588203,0.0,0.0
679,1,723.15,723.15,1.6637951222194076,1.6637951222194076,0.0,0.0
680,1,718.15,718.15,1.335858911319818,1.335858911319818,0.0,0.0
681,1,498.15,498.15,1.9912260756924949,1.9912260756924949,0.0,0.0
682,1,506.15,506.15,2.0043213737826426,2.0043213737826426,0.0,0.0
683,5,335.0,488.0,1.3617278360175928,2.824125833916549,153.0,1.4623979978989563
684,1,691.0,691.0,-0.4089353929735008,-0.4089353929735008,0.0,0.0
685,1,260.0,260.0,1.9928185200666795,1.9928185200666795,0.0,0.0
686,1,220.0,220.0,1.998520882835038,1.998520882835038,0.0,0.0
687,1,180.0,180.0,2.3130019865370572,2.3130019865370572,0.0,0.0
688,1,160.0,160.0,2.656424040287152,2.656424040287152,0.0,0.0
689,1,468.15,468.15,-1.0,-1.0,0.0,0.0
690,1,507.15,507.15,-1.0457574905606752,-1.0457574905606752,0.0,0.0
691,1,559.15,559.15,-0.6020599913279624,-0.6020599913279624,0.0,0.0
692,1,538.15,538.15,0.5622928644564746,0.5622928644564746,0.0,0.0
693,1,549.15,549.15,0.7604224834232121,0.7604224834232121,0.0,0.0
694,4,551.15,608.15,0.9148718175400504,1.0232524596337116,57.0,0.10838064209366116
695,2,683.0,693.15,-1.6989700043360187,-1.6989700043360187,10.149999999999977,0.0
696,1,498.0,498.0,-0.3467874862246563,-0.3467874862246563,0.0,0.0
697,1,760.15,760.15,1.7294077969630681,1.7294077969630681,0.0,0.0
698,1,718.15,718.15,1.627775375229303,1.627775375229303,0.0,0.0
699,1,692.15,692.15,1.4575791469957626,1.4575791469957626,0.0,0.0
700,1,674.15,674.15,1.213517756996305,1.213517756996305,0.0,0.0
701,1,662.15,662.15,0.6812412373755872,0.6812412373755872,0.0,0.0
702,1,640.15,640.15,0.02530586526477026,0.02530586526477026,0.0,0.0
703,4,483.15,496.15,0.5877109650189114,0.8721562727482928,13.0,0.28444530772938137
704,1,483.0,483.0,1.5922878159521308,1.5922878159521308,0.0,0.0
705,2,443.0,503.0,2.490800952010855,2.7394853186220596,60.0,0.2486843666112044
706,1,700.0,700.0,3.4579575512036382,3.4579575512036382,0.0,0.0
707,1,680.0,680.0,3.4648321978499683,3.4648321978499683,0.0,0.0
708,1,655.0,655.0,3.484484909031941,3.484484909031941,0.0,0.0
709,1,625.0,625.0,3.4883532650390285,3.4883532650390285,0.0,0.0
710,1,546.0,546.0,2.0991970553799204,2.0991970553799204,0.0,0.0
711,1,487.0,487.0,3.667411856413953,3.667411856413953,0.0,0.0
712,1,436.0,436.0,3.7141066863794343,3.7141066863794343,0.0,0.0
713,1,799.0,799.0,2.3768323492908072,2.3768323492908072,0.0,0.0
714,2,700.7,700.8,3.055378331375,3.2022157758011316,0.09999999999990905,0.14683744442613156
715,3,699.1,700.0,2.751279103983342,2.829946695941636,0.8999999999999773,0.07866759195829376
716,3,407.0,430.0,1.7987196851850062,2.7481880270062002,23.0,0.949468341821194
717,1,430.0,430.0,2.028977705208778,2.028977705208778,0.0,0.0
718,1,450.0,450.0,2.100370545117563,2.100370545117563,0.0,0.0
719,1,415.0,415.0,2.2121876044039577,2.2121876044039577,0.0,0.0
720,1,581.0,581.0,2.6434526764861874,2.6434526764861874,0.0,0.0
721,1,620.0,620.0,2.4771212547196626,2.4771212547196626,0.0,0.0
722,1,657.0,657.0,2.514547752660286,2.514547752660286,0.0,0.0
723,1,683.0,683.0,2.5634810853944106,2.5634810853944106,0.0,0.0
724,1,829.0,829.0,2.61066016308988,2.61066016308988,0.0,0.0
725,1,839.0,839.0,2.8175653695597807,2.8175653695597807,0.0,0.0
726,1,748.15,748.15,0.6020599913279624,0.6020599913279624,0.0,0.0
727,1,670.15,670.15,1.146128035678238,1.146128035678238,0.0,0.0
728,1,634.0,634.0,2.3825033242111506,2.3825033242111506,0.0,0.0
729,1,674.0,674.0,3.00338297259829,3.00338297259829,0.0,0.0
730,1,700.0,700.0,3.0161889855227297,3.0161889855227297,0.0,0.0
731,1,660.0,660.0,3.0234870387859814,3.0234870387859814,0.0,0.0
732,1,636.0,636.0,3.0823831925693175,3.0823831925693175,0.0,0.0
733,1,450.0,450.0,2.0,2.0,0.0,0.0
734,1,687.15,687.15,-0.8860566476931632,-0.8860566476931632,0.0,0.0
735,1,655.0,655.0,3.2697463731307668,3.2697463731307668,0.0,0.0
736,1,122.0,122.0,3.505149978319906,3.505149978319906,0.0,0.0
737,1,745.05,745.05,2.332034277027518,2.332034277027518,0.0,0.0
738,6,486.7,509.0,1.4915017662373264,1.9840319802711806,22.30000000000001,0.4925302140338541
739,1,633.0,633.0,-1.3979400086720375,-1.3979400086720375,0.0,0.0
740,1,621.0,621.0,-1.3010299956639813,-1.3010299956639813,0.0,0.0
741,1,609.0,609.0,-1.154901959985743,-1.154901959985743,0.0,0.0
742,1,581.0,581.0,-1.0969100130080565,-1.0969100130080565,0.0,0.0
743,1,565.0,565.0,-0.6575773191777937,-0.6575773191777937,0.0,0.0
744,1,300.0,300.0,1.3010299956639813,1.3010299956639813,0.0,0.0
745,1,1000.0,1000.0,1.806790271584067,1.806790271584067,0.0,0.0
746,1,1000.0,1000.0,1.9053640687668922,1.9053640687668922,0.0,0.0
747,1,1000.0,1000.0,1.8626083639649418,1.8626083639649418,0.0,0.0
748,1,813.15,813.15,3.0800850850458694,3.0800850850458694,0.0,0.0
749,1,1073.15,1073.15,3.5563025007672873,3.5563025007672873,0.0,0.0
750,1,515.0,515.0,1.845098040014257,1.845098040014257,0.0,0.0
751,1,1103.0,1103.0,2.7969903905456865,2.7969903905456865,0.0,0.0
752,1,515.0,515.0,-1.0,-1.0,0.0,0.0
753,1,523.0,523.0,-1.0457574905606752,-1.0457574905606752,0.0,0.0
754,1,332.0,332.0,1.286456469746983,1.286456469746983,0.0,0.0
755,1,355.0,355.0,0.9429995933660404,0.9429995933660404,0.0,0.0
756,1,400.0,400.0,1.2430380486862944,1.2430380486862944,0.0,0.0
757,1,423.0,423.0,1.9542425094393248,1.9542425094393248,0.0,0.0
758,1,425.0,425.0,2.0086001717619175,2.0086001717619175,0.0,0.0
759,1,428.0,428.0,2.2695129442179165,2.2695129442179165,0.0,0.0
760,1,432.0,432.0,2.2600713879850747,2.2600713879850747,0.0,0.0
761,1,822.0,822.0,2.0941215958405612,2.0941215958405612,0.0,0.0
762,1,817.0,817.0,2.2678754193188975,2.2678754193188975,0.0,0.0
763,1,854.0,854.0,2.453165392525857,2.453165392525857,0.0,0.0
764,1,820.0,820.0,2.5303277897780863,2.5303277897780863,0.0,0.0
765,1,835.0,835.0,2.427323786357247,2.427323786357247,0.0,0.0
766,1,633.15,633.15,3.361727836017593,3.361727836017593,0.0,0.0
767,1,44.0,44.0,2.3010299956639813,2.3010299956639813,0.0,0.0
768,1,593.15,593.15,-2.0,-2.0,0.0,0.0
769,1,593.15,593.15,-2.0,-2.0,0.0,0.0
770,1,593.15,593.15,-2.0,-2.0,0.0,0.0
771,1,650.0,650.0,2.761965405522486,2.761965405522486,0.0,0.0
772,1,650.0,650.0,2.877359825969459,2.877359825969459,0.0,0.0
773,1,650.0,650.0,3.1522883443830567,3.1522883443830567,0.0,0.0
774,1,650.0,650.0,3.254545660327169,3.254545660327169,0.0,0.0
775,1,680.0,680.0,3.8920946026904804,3.8920946026904804,0.0,0.0
776,1,670.0,670.0,3.845098040014257,3.845098040014257,0.0,0.0
777,1,365.0,365.0,1.0021660617565078,1.0021660617565078,0.0,0.0
778,3,323.0,390.0,2.555578072772955,3.0791812460476247,67.0,0.5236031732746698
779,10,313.15,330.0,1.7160033436347992,2.7781512503836434,16.850000000000023,1.0621479067488442
780,1,638.0,638.0,2.6532125137753435,2.6532125137753435,0.0,0.0
781,1,300.0,300.0,2.161368002234975,2.161368002234975,0.0,0.0
782,1,710.0,710.0,2.8721562727482928,2.8721562727482928,0.0,0.0
783,1,363.0,363.0,2.798180883926343,2.798180883926343,0.0,0.0
784,1,830.0,830.0,0.5763413502057928,0.5763413502057928,0.0,0.0
785,1,420.0,420.0,2.146128035678238,2.146128035678238,0.0,0.0
786,1,663.15,663.15,0.9777236052888477,0.9777236052888477,0.0,0.0
787,3,200.0,260.0,2.591064607026499,2.9590413923210934,60.0,0.3679767852945943
788,1,766.0,766.0,0.3344537511509309,0.3344537511509309,0.0,0.0
789,4,30.0,68.0,1.4771212547196624,2.342422680822206,38.0,0.8653014261025438
790,12,123.0,370.0,1.1760912590556813,2.7007037171450192,247.0,1.5246124580893379
791,1,859.15,859.15,3.6532125137753435,3.6532125137753435,0.0,0.0
792,6,761.0,767.0,1.0,2.3010299956639813,6.0,1.3010299956639813
793,1,170.0,170.0,2.8651039746411278,2.8651039746411278,0.0,0.0
794,1,638.0,638.0,3.2278867046136734,3.2278867046136734,0.0,0.0
795,1,503.15,503.15,1.41161970596323,1.41161970596323,0.0,0.0
796,4,57.9,64.5,1.0021660617565078,2.3010299956639813,6.600000000000001,1.2988639339074735
797,1,55.0,55.0,3.2741578492636796,3.2741578492636796,0.0,0.0
798,2,658.15,658.15,0.6989700043360189,0.7403626894942439,0.0,0.04139268515822503
799,1,500.0,500.0,3.9030899869919438,3.9030899869919438,0.0,0.0
800,1,1273.0,1273.0,1.1760912590556813,1.1760912590556813,0.0,0.0
801,1,620.0,620.0,0.008600171761917567,0.008600171761917567,0.0,0.0
802,1,553.15,553.15,3.7634279935629373,3.7634279935629373,0.0,0.0
803,1,600.0,600.0,1.8750612633917,1.8750612633917,0.0,0.0
804,2,5.4,5.4,1.3010299956639813,1.4771212547196624,0.0,0.17609125905568113
805,2,830.0,840.0,0.0,1.8750612633917,10.0,1.8750612633917
806,1,521.15,521.15,3.3447222906762573,3.3447222906762573,0.0,0.0
807,2,545.15,595.0,2.7634279935629373,3.382510524292087,49.85000000000002,0.6190825307291496
808,2,723.15,723.15,4.371067862271737,4.525044807036846,0.0,0.15397694476510893
809,1,780.0,780.0,1.6532125137753437,1.6532125137753437,0.0,0.0
810,5,200.0,260.0,1.6989700043360187,2.6989700043360187,60.0,1.0
811,4,179.0,200.0,2.9030899869919438,3.9444826721501687,21.0,1.041392685158225
812,1,500.0,500.0,3.5563025007672873,3.5563025007672873,0.0,0.0
813,1,61.0,61.0,2.724275869600789,2.724275869600789,0.0,0.0
814,3,120.0,120.0,2.7589118923979736,2.8836614351536176,0.0,0.12474954275564398
815,3,250.0,250.0,2.6273658565927325,2.9474337218870508,0.0,0.3200678652943183
816,2,423.15,423.15,3.5185139398778875,3.6334684555795866,0.0,0.11495451570169912
817,1,319.0,319.0,2.27415784926368,2.27415784926368,0.0,0.0
818,3,270.0,303.0,2.4771212547196626,2.7781512503836434,33.0,0.3010299956639808
819,1,300.0,300.0,2.0043213737826426,2.0043213737826426,0.0,0.0
820,1,620.0,620.0,1.7323937598229686,1.7323937598229686,0.0,0.0
821,1,593.15,593.15,-0.16115090926274472,-0.16115090926274472,0.0,0.0
822,1,1193.15,1193.15,1.6232492903979006,1.6232492903979006,0.0,0.0
823,1,754.55,754.55,3.57978359661681,3.57978359661681,0.0,0.0
824,1,400.0,400.0,0.9800033715837464,0.9800033715837464,0.0,0.0
825,3,250.0,292.0,3.3958748131236383,4.023489095937347,42.0,0.6276142828137083
826,2,290.0,615.0,1.968482948553935,2.531478917042255,325.0,0.5629959684883199
827,1,648.15,648.15,0.60422605308447,0.60422605308447,0.0,0.0
828,1,793.0,793.0,3.1947917577219247,3.1947917577219247,0.0,0.0
829,2,985.0,985.0,1.1760912590556813,2.9138138523837167,0.0,1.7377225933280354
830,3,100.0,105.0,1.1760912590556813,2.484299839346786,5.0,1.3082085802911045
831,1,800.0,800.0,3.7403626894942437,3.7403626894942437,0.0,0.0
832,3,80.0,85.0,3.130333768495006,3.6989700043360187,5.0,0.5686362358410126
833,2,10.0,15.4,2.5185139398778875,3.255272505103306,5.4,0.7367585652254185
834,1,860.0,860.0,2.113943352306837,2.113943352306837,0.0,0.0
835,1,12.0,12.0,2.0,2.0,0.0,0.0
836,1,100.0,100.0,4.3222192947339195,4.3222192947339195,0.0,0.0
837,1,17.0,17.0,3.1367205671564067,3.1367205671564067,0.0,0.0
838,1,197.0,197.0,4.954242509439325,4.954242509439325,0.0,0.0
839,1,162.0,162.0,3.3010299956639813,3.3010299956639813,0.0,0.0
840,1,150.0,150.0,3.5440680443502757,3.5440680443502757,0.0,0.0
841,1,350.0,350.0,1.7403626894942439,1.7403626894942439,0.0,0.0
842,1,150.0,150.0,3.8750612633917,3.8750612633917,0.0,0.0
843,6,134.0,205.0,0.6989700043360189,2.3010299956639813,71.0,1.6020599913279625
844,1,900.0,900.0,1.3010299956639813,1.3010299956639813,0.0,0.0
845,7,400.0,570.0,0.0,2.5563025007672873,170.0,2.5563025007672873
846,1,175.0,175.0,3.1760912590556813,3.1760912590556813,0.0,0.0
847,3,215.0,790.0,1.9030899869919435,2.785329835010767,575.0,0.8822398480188236
848,2,454.0,554.0,1.9030899869919435,2.2226384471664344,100.0,0.3195484601744909
849,1,200.0,200.0,2.617000341120899,2.617000341120899,0.0,0.0
850,1,121.9,121.9,3.125507290058338,3.125507290058338,0.0,0.0
851,1,123.73,123.73,2.223288219096948,2.223288219096948,0.0,0.0
852,1,124.33,124.33,3.1344544317882663,3.1344544317882663,0.0,0.0
853,1,127.12,127.12,3.095448326538122,3.095448326538122,0.0,0.0
854,1,128.63,128.63,3.044147620878723,3.044147620878723,0.0,0.0
855,2,69.0,130.0,1.7160033436347992,1.7323937598229686,61.0,0.016390416188169388
856,1,86.0,86.0,2.6989700043360187,2.6989700043360187,0.0,0.0
857,2,50.0,50.0,3.9590413923210934,4.176091259055681,0.0,0.21704986673458793
858,1,19.1,19.1,3.6989700043360187,3.6989700043360187,0.0,0.0
859,1,143.0,143.0,1.9294189257142929,1.9294189257142929,0.0,0.0
860,1,50.0,50.0,3.204119982655925,3.204119982655925,0.0,0.0
861,4,150.0,231.0,1.6989700043360187,2.6848453616444123,81.0,0.9858753573083936
862,1,40.01,40.01,2.699837725867246,2.699837725867246,0.0,0.0
863,1,21.0,21.0,4.113943352306837,4.113943352306837,0.0,0.0
864,1,200.0,200.0,2.3010299956639813,2.3010299956639813,0.0,0.0
865,1,55.0,55.0,3.9542425094393248,3.9542425094393248,0.0,0.0
866,1,5.5,5.5,1.8316138553090988,1.8316138553090988,0.0,0.0
867,1,952.0,952.0,1.3010299956639813,1.3010299956639813,0.0,0.0
868,1,917.0,917.0,1.3010299956639813,1.3010299956639813,0.0,0.0
869,1,864.0,864.0,1.3010299956639813,1.3010299956639813,0.0,0.0
870,1,861.0,861.0,1.3010299956639813,1.3010299956639813,0.0,0.0
871,1,45.0,45.0,2.0,2.0,0.0,0.0
872,1,28.0,28.0,3.204119982655925,3.204119982655925,0.0,0.0
873,1,328.0,328.0,3.3010299956639813,3.3010299956639813,0.0,0.0
874,1,464.5,464.5,2.3010299956639813,2.3010299956639813,0.0,0.0
875,3,150.0,150.0,2.3010299956639813,3.6989700043360187,0.0,1.3979400086720375
876,1,80.0,80.0,3.286231854028553,3.286231854028553,0.0,0.0
877,1,6.0,6.0,3.0,3.0,0.0,0.0
878,1,20.3,20.3,1.3010299956639813,1.3010299956639813,0.0,0.0
879,1,47.9,47.9,3.230448921378274,3.230448921378274,0.0,0.0
880,1,25.6,25.6,2.505149978319906,2.505149978319906,0.0,0.0
881,2,827.0,827.0,1.0791812460476249,2.113943352306837,0.0,1.034762106259212
882,1,170.0,170.0,1.7781512503836436,1.7781512503836436,0.0,0.0
883,1,45.0,45.0,1.9020028913507294,1.9020028913507294,0.0,0.0
884,2,15.0,16.0,1.6901960800285136,2.0,1.0,0.3098039199714864
885,1,70.0,70.0,4.954242509439325,4.954242509439325,0.0,0.0
886,1,1000.0,1000.0,0.9444826721501687,0.9444826721501687,0.0,0.0
887,1,130.0,130.0,1.1760912590556813,1.1760912590556813,0.0,0.0
888,1,307.0,307.0,2.290034611362518,2.290034611362518,0.0,0.0
889,1,31.3,31.3,4.176091259055681,4.176091259055681,0.0,0.0
890,1,64.7,64.7,3.778151250383644,3.778151250383644,0.0,0.0
891,1,100.0,100.0,3.255272505103306,3.255272505103306,0.0,0.0
892,1,90.0,90.0,3.5563025007672873,3.5563025007672873,0.0,0.0
893,1,100.0,100.0,3.3979400086720375,3.3979400086720375,0.0,0.0
894,3,215.0,262.0,3.0791812460476247,3.785329835010767,47.0,0.7061485889631425
895,1,8.7,8.7,2.6989700043360187,2.6989700043360187,0.0,0.0
896,1,80.0,80.0,3.4313637641589874,3.4313637641589874,0.0,0.0
897,1,390.0,390.0,1.6020599913279625,1.6020599913279625,0.0,0.0
898,1,147.0,147.0,2.9590413923210934,2.9590413923210934,0.0,0.0
899,1,145.0,145.0,2.8750612633917,2.8750612633917,0.0,0.0
900,1,160.0,160.0,3.5477747053878224,3.5477747053878224,0.0,0.0
901,1,114.0,114.0,3.439332693830263,3.439332693830263,0.0,0.0
902,1,318.9,318.9,2.741939077729199,2.741939077729199,0.0,0.0
903,2,321.4,375.0,1.6989700043360187,2.204119982655925,53.60000000000002,0.5051499783199063
904,1,16.0,16.0,3.6334684555795866,3.6334684555795866,0.0,0.0
905,1,390.0,390.0,2.3010299956639813,2.3010299956639813,0.0,0.0
906,1,168.0,168.0,1.3010299956639813,1.3010299956639813,0.0,0.0
907,1,350.0,350.0,0.8450980400142568,0.8450980400142568,0.0,0.0
908,1,220.5,220.5,2.9030899869919438,2.9030899869919438,0.0,0.0
909,1,100.7,100.7,4.778151250383644,4.778151250383644,0.0,0.0
910,1,183.0,183.0,2.792391689498254,2.792391689498254,0.0,0.0
911,1,220.0,220.0,2.4149733479708178,2.4149733479708178,0.0,0.0
912,1,290.0,290.0,2.4149733479708178,2.4149733479708178,0.0,0.0
913,1,4.2,4.2,1.2787536009528289,1.2787536009528289,0.0,0.0
914,1,9.3,9.3,1.0,1.0,0.0,0.0
915,1,165.0,165.0,3.845098040014257,3.845098040014257,0.0,0.0
916,1,204.0,204.0,3.0,3.0,0.0,0.0
917,2,83.0,85.0,2.9542425094393248,3.0791812460476247,2.0,0.1249387366082999
918,5,67.0,100.0,1.3979400086720377,2.3521825181113627,33.0,0.954242509439325
919,1,104.0,104.0,2.5563025007672873,2.5563025007672873,0.0,0.0
920,1,895.0,895.0,2.4771212547196626,2.4771212547196626,0.0,0.0
921,1,120.0,120.0,0.0,0.0,0.0,0.0
922,1,365.0,365.0,1.0,1.0,0.0,0.0
923,1,76.0,76.0,3.845098040014257,3.845098040014257,0.0,0.0
924,6,20.0,100.0,1.6434526764861874,2.6020599913279625,80.0,0.9586073148417751
925,1,625.0,625.0,4.41161970596323,4.41161970596323,0.0,0.0
926,1,22.0,22.0,2.9777236052888476,2.9777236052888476,0.0,0.0
927,1,320.0,320.0,2.123851640967086,2.123851640967086,0.0,0.0
928,1,900.0,900.0,2.0,2.0,0.0,0.0
929,1,650.0,650.0,2.9030899869919438,2.9030899869919438,0.0,0.0
930,1,390.0,390.0,1.9822712330395684,1.9822712330395684,0.0,0.0
931,1,125.0,125.0,4.6127838567197355,4.6127838567197355,0.0,0.0
932,1,98.0,98.0,4.244376094020572,4.244376094020572,0.0,0.0
933,1,96.0,96.0,4.215822555154372,4.215822555154372,0.0,0.0
934,1,95.0,95.0,4.181586363736856,4.181586363736856,0.0,0.0
935,1,96.0,96.0,3.928293412232202,3.928293412232202,0.0,0.0
936,1,75.0,75.0,3.0,3.0,0.0,0.0
937,2,900.0,905.0,0.6989700043360189,1.6989700043360187,5.0,0.9999999999999999
938,1,225.0,225.0,4.0,4.0,0.0,0.0
939,1,70.0,70.0,0.9030899869919435,0.9030899869919435,0.0,0.0
940,1,320.0,320.0,1.6989700043360187,1.6989700043360187,0.0,0.0
941,1,10.0,10.0,2.9863237770507656,2.9863237770507656,0.0,0.0
942,1,175.0,175.0,2.0,2.0,0.0,0.0
943,1,110.0,110.0,2.0,2.0,0.0,0.0
944,1,280.0,280.0,4.278753600952829,4.278753600952829,0.0,0.0
945,1,14.2,14.2,3.113943352306837,3.113943352306837,0.0,0.0
946,1,215.5,215.5,2.7075701760979363,2.7075701760979363,0.0,0.0
947,1,270.0,270.0,2.9684829485539352,2.9684829485539352,0.0,0.0
948,1,166.2,166.2,3.3891660843645326,3.3891660843645326,0.0,0.0
949,1,174.9,174.9,3.3404441148401185,3.3404441148401185,0.0,0.0
950,1,194.0,194.0,3.4345689040341987,3.4345689040341987,0.0,0.0
951,1,670.0,670.0,2.0,2.0,0.0,0.0
952,1,9.7,9.7,2.8260748027008264,2.8260748027008264,0.0,0.0
953,1,205.0,205.0,2.3010299956639813,2.3010299956639813,0.0,0.0
954,1,541.0,541.0,-1.154901959985743,-1.154901959985743,0.0,0.0
955,1,700.0,700.0,2.184691430817599,2.184691430817599,0.0,0.0
956,1,320.0,320.0,2.7403626894942437,2.7403626894942437,0.0,0.0
957,1,102.0,102.0,3.845098040014257,3.845098040014257,0.0,0.0
958,1,250.0,250.0,2.5440680443502757,2.5440680443502757,0.0,0.0
959,1,51.0,51.0,1.6989700043360187,1.6989700043360187,0.0,0.0
960,2,365.0,930.0,2.4771212547196626,2.5440680443502757,565.0,0.06694678963061307
961,1,20.0,20.0,0.9542425094393249,0.9542425094393249,0.0,0.0
962,1,243.0,243.0,1.380211241711606,1.380211241711606,0.0,0.0
963,1,630.0,630.0,-0.5686362358410126,-0.5686362358410126,0.0,0.0
964,1,119.0,119.0,2.598790506763115,2.598790506763115,0.0,0.0
965,1,245.0,245.0,1.0,1.0,0.0,0.0
966,1,400.0,400.0,3.3979400086720375,3.3979400086720375,0.0,0.0
967,1,707.0,707.0,4.632457292184724,4.632457292184724,0.0,0.0
968,1,719.0,719.0,4.357934847000454,4.357934847000454,0.0,0.0
969,1,692.0,692.0,4.222716471147583,4.222716471147583,0.0,0.0
970,1,653.0,653.0,4.033423755486949,4.033423755486949,0.0,0.0
971,1,504.0,504.0,2.3010299956639813,2.3010299956639813,0.0,0.0
972,1,760.0,760.0,1.4771212547196624,1.4771212547196624,0.0,0.0
973,1,213.0,213.0,2.0969100130080562,2.0969100130080562,0.0,0.0
974,1,278.0,278.0,2.380211241711606,2.380211241711606,0.0,0.0
975,1,12.0,12.0,1.5440680443502757,1.5440680443502757,0.0,0.0
976,1,290.0,290.0,0.36172783601759284,0.36172783601759284,0.0,0.0
977,1,7.5,7.5,2.568201724066995,2.568201724066995,0.0,0.0
978,1,830.0,830.0,2.6127838567197355,2.6127838567197355,0.0,0.0
979,1,7.4,7.4,1.591064607026499,1.591064607026499,0.0,0.0
980,1,1.85,1.85,1.8767949762007006,1.8767949762007006,0.0,0.0
981,1,10.6,10.6,2.57978359661681,2.57978359661681,0.0,0.0
982,1,305.0,305.0,1.6020599913279625,1.6020599913279625,0.0,0.0
983,1,5.0,5.0,1.6020599913279625,1.6020599913279625,0.0,0.0
984,3,127.0,132.0,3.1958996524092336,3.3010299956639813,5.0,0.10513034325474768
985,1,255.0,255.0,4.3979400086720375,4.3979400086720375,0.0,0.0
986,1,150.0,150.0,3.3010299956639813,3.3010299956639813,0.0,0.0
987,1,300.0,300.0,3.591064607026499,3.591064607026499,0.0,0.0
988,1,29.0,29.0,1.4771212547196624,1.4771212547196624,0.0,0.0
989,1,350.0,350.0,2.0,2.0,0.0,0.0
990,1,440.0,440.0,1.1760912590556813,1.1760912590556813,0.0,0.0
991,3,300.0,300.0,1.808210972924222,2.1760912590556813,0.0,0.3678802861314594
992,1,131.0,131.0,-0.14874165128092473,-0.14874165128092473,0.0,0.0
993,1,850.0,850.0,1.845098040014257,1.845098040014257,0.0,0.0
994,1,800.0,800.0,0.7781512503836436,0.7781512503836436,0.0,0.0
995,1,45.0,45.0,2.6989700043360187,2.6989700043360187,0.0,0.0
996,2,166.0,184.7,3.230448921378274,3.6432779365115926,18.69999999999999,0.4128290151333185
997,2,8.2,8.5,1.845098040014257,1.845098040014257,0.3000000000000007,0.0
998,1,710.0,710.0,2.8195439355418688,2.8195439355418688,0.0,0.0
999,1,1020.0,1020.0,4.1661339703051095,4.1661339703051095,0.0,0.0
1000,3,1000.0,1000.0,0.9030899869919435,1.146128035678238,0.0,0.24303804868629442
1001,1,700.0,700.0,1.6989700043360187,1.6989700043360187,0.0,0.0
1002,1,60.0,60.0,2.255272505103306,2.255272505103306,0.0,0.0
1003,1,2.1,2.1,1.0791812460476249,1.0791812460476249,0.0,0.0
1004,1,250.0,250.0,2.3010299956639813,2.3010299956639813,0.0,0.0
1005,3,245.0,245.0,2.7481880270062002,3.6232492903979003,0.0,0.8750612633917001
1006,1,630.0,630.0,1.5440680443502757,1.5440680443502757,0.0,0.0
1007,1,650.0,650.0,1.6989700043360187,1.6989700043360187,0.0,0.0
1008,1,340.0,340.0,2.1760912590556813,2.1760912590556813,0.0,0.0
1009,1,220.0,220.0,2.591064607026499,2.591064607026499,0.0,0.0
1010,1,450.0,450.0,2.7781512503836434,2.7781512503836434,0.0,0.0
1011,1,300.0,300.0,2.2430380486862944,2.2430380486862944,0.0,0.0
1012,1,20.0,20.0,1.255272505103306,1.255272505103306,0.0,0.0
1013,1,3.0,3.0,1.5563025007672873,1.5563025007672873,0.0,0.0
1014,1,66.0,66.0,2.845098040014257,2.845098040014257,0.0,0.0
1015,1,230.0,230.0,2.444044795918076,2.444044795918076,0.0,0.0
1016,1,120.0,120.0,2.6989700043360187,2.6989700043360187,0.0,0.0
1017,1,400.0,400.0,2.3364597338485296,2.3364597338485296,0.0,0.0
1018,1,349.0,349.0,2.9542425094393248,2.9542425094393248,0.0,0.0
1019,1,240.0,240.0,3.8920946026904804,3.8920946026904804,0.0,0.0
1020,1,161.0,161.0,3.9731278535996988,3.9731278535996988,0.0,0.0
1021,1,42.0,42.0,2.278753600952829,2.278753600952829,0.0,0.0
1022,1,503.0,503.0,2.643274974211101,2.643274974211101,0.0,0.0
1023,1,423.0,423.0,2.053462604925455,2.053462604925455,0.0,0.0
1024,1,403.0,403.0,2.002295682554934,2.002295682554934,0.0,0.0
1025,1,333.0,333.0,1.7013088852280753,1.7013088852280753,0.0,0.0
1026,1,323.5,323.5,0.3010299956639812,0.3010299956639812,0.0,0.0
1027,1,680.0,680.0,2.3979400086720375,2.3979400086720375,0.0,0.0
1028,1,80.0,80.0,3.3979400086720375,3.3979400086720375,0.0,0.0
1029,1,16.3,16.3,2.3010299956639813,2.3010299956639813,0.0,0.0
1030,1,440.0,440.0,4.247973266361806,4.247973266361806,0.0,0.0
1031,1,760.0,760.0,2.4149733479708178,2.4149733479708178,0.0,0.0
1032,1,380.0,380.0,2.255272505103306,2.255272505103306,0.0,0.0
1033,1,450.0,450.0,1.974971994298069,1.974971994298069,0.0,0.0
1034,1,333.0,333.0,2.0,2.0,0.0,0.0
1035,1,300.0,300.0,2.1760912590556813,2.1760912590556813,0.0,0.0
1036,1,80.0,80.0,2.230448921378274,2.230448921378274,0.0,0.0
1037,1,12.0,12.0,1.1760912590556813,1.1760912590556813,0.0,0.0
1038,1,100.0,100.0,4.342422680822207,4.342422680822207,0.0,0.0
1039,1,26.0,26.0,2.4913616938342726,2.4913616938342726,0.0,0.0
1040,1,400.0,400.0,2.3979400086720375,2.3979400086720375,0.0,0.0
1041,1,300.0,300.0,1.9777236052888478,1.9777236052888478,0.0,0.0
1042,1,900.0,900.0,1.6989700043360187,1.6989700043360187,0.0,0.0
1043,1,723.15,723.15,0.3979400086720376,0.3979400086720376,0.0,0.0
1044,1,723.15,723.15,-0.2596373105057561,-0.2596373105057561,0.0,0.0
1045,1,220.0,220.0,2.1522883443830563,2.1522883443830563,0.0,0.0
1046,1,210.0,210.0,2.3654879848909,2.3654879848909,0.0,0.0
1047,1,80.0,80.0,3.3979400086720375,3.3979400086720375,0.0,0.0
1048,1,59.0,59.0,2.845098040014257,2.845098040014257,0.0,0.0
1049,1,190.0,190.0,2.6989700043360187,2.6989700043360187,0.0,0.0
1050,1,117.0,117.0,3.361727836017593,3.361727836017593,0.0,0.0
1051,1,70.2,70.2,3.724275869600789,3.724275869600789,0.0,0.0
1052,1,711.0,711.0,3.8129133566428557,3.8129133566428557,0.0,0.0
1053,1,43.0,43.0,3.641870545476313,3.641870545476313,0.0,0.0
1054,1,350.0,350.0,2.5440680443502757,2.5440680443502757,0.0,0.0
1055,1,425.0,425.0,2.5899496013257077,2.5899496013257077,0.0,0.0
1056,1,7.55,7.55,3.3521825181113627,3.3521825181113627,0.0,0.0
1057,1,15.0,15.0,2.5563025007672873,2.5563025007672873,0.0,0.0
