protocol,target,source_row,composition_group,composition_seen,observed,predicted,tree_sd
composition_grouped_refit,Curie(TC) (K),4,2,False,723.0,722.891946123285,
composition_grouped_refit,Curie(TC) (K),5,3,False,743.0,731.246034126984,
composition_grouped_refit,Curie(TC) (K),6,3,False,743.0,731.246034126984,
composition_grouped_refit,Curie(TC) (K),16,10,False,561.0,418.2586787080974,
composition_grouped_refit,Curie(TC) (K),18,12,False,647.15,625.0222314814813,
composition_grouped_refit,Curie(TC) (K),32,23,False,562.15,571.2551808443126,
composition_grouped_refit,Curie(TC) (K),34,25,False,566.15,558.4425582329698,
composition_grouped_refit,Curie(TC) (K),39,30,False,473.0,457.40065482804243,
composition_grouped_refit,Curie(TC) (K),40,31,False,465.15,604.4133853036709,
composition_grouped_refit,Curie(TC) (K),49,39,False,700.0,611.7840728771454,
composition_grouped_refit,Curie(TC) (K),55,44,False,598.15,1101.7614662343221,
composition_grouped_refit,Curie(TC) (K),61,49,False,612.1,599.8497858298357,
composition_grouped_refit,Curie(TC) (K),62,49,False,706.8,599.8497858298357,
composition_grouped_refit,Curie(TC) (K),63,49,False,717.4,599.8497858298357,
composition_grouped_refit,Curie(TC) (K),71,54,False,798.15,779.065245284992,
composition_grouped_refit,Curie(TC) (K),72,55,False,690.0,755.1158440570599,
composition_grouped_refit,Curie(TC) (K),75,58,False,605.0,578.6732492753213,
composition_grouped_refit,Curie(TC) (K),76,59,False,580.0,577.3445251204671,
composition_grouped_refit,Curie(TC) (K),81,63,False,643.0,480.3854507973592,
composition_grouped_refit,Curie(TC) (K),85,2,False,725.0,722.891946123285,
composition_grouped_refit,Curie(TC) (K),86,66,False,710.0,514.2120644716443,
composition_grouped_refit,Curie(TC) (K),87,67,False,436.0,470.52990797619066,
composition_grouped_refit,Curie(TC) (K),90,70,False,697.15,686.2094974970281,
composition_grouped_refit,Curie(TC) (K),92,72,False,653.15,640.7100354276898,
composition_grouped_refit,Curie(TC) (K),96,76,False,22.0,419.562603934092,
composition_grouped_refit,Curie(TC) (K),98,78,False,497.15,423.3673687169309,
composition_grouped_refit,Curie(TC) (K),99,3,False,743.15,731.246034126984,
composition_grouped_refit,Curie(TC) (K),107,83,False,509.15,362.8529986102158,
composition_grouped_refit,Curie(TC) (K),108,3,False,749.15,731.246034126984,
composition_grouped_refit,Curie(TC) (K),111,86,False,622.75,548.3588495370374,
composition_grouped_refit,Curie(TC) (K),113,88,False,607.65,535.4325689051693,
composition_grouped_refit,Curie(TC) (K),127,96,False,740.0,529.558606888482,
composition_grouped_refit,Curie(TC) (K),132,3,False,747.15,731.246034126984,
composition_grouped_refit,Curie(TC) (K),133,100,False,525.0,583.4773749338624,
composition_grouped_refit,Curie(TC) (K),135,101,False,1173.0,761.7078096690888,
composition_grouped_refit,Curie(TC) (K),144,101,False,1123.15,761.7078096690888,
composition_grouped_refit,Curie(TC) (K),145,106,False,540.0,575.849176366751,
composition_grouped_refit,Curie(TC) (K),146,107,False,409.1,463.1132216269843,
composition_grouped_refit,Curie(TC) (K),148,109,False,476.0,587.8591886904757,
composition_grouped_refit,Curie(TC) (K),152,3,False,740.0,731.246034126984,
composition_grouped_refit,Curie(TC) (K),154,113,False,473.15,520.5693342127779,
composition_grouped_refit,Curie(TC) (K),162,120,False,618.15,340.5706633141368,
composition_grouped_refit,Curie(TC) (K),168,44,False,849.15,1101.7614662343221,
composition_grouped_refit,Curie(TC) (K),186,136,False,695.0,642.5725149603174,
composition_grouped_refit,Curie(TC) (K),190,139,False,443.15,479.7699551476053,
composition_grouped_refit,Curie(TC) (K),192,139,False,448.15,479.7699551476053,
composition_grouped_refit,Curie(TC) (K),193,120,False,633.0,340.5706633141368,
composition_grouped_refit,Curie(TC) (K),194,141,False,585.15,485.9910852782335,
composition_grouped_refit,Curie(TC) (K),209,3,False,723.15,731.246034126984,
composition_grouped_refit,Curie(TC) (K),213,158,False,695.0,711.2435212301588,
composition_grouped_refit,Curie(TC) (K),217,120,False,630.0,340.5706633141368,
composition_grouped_refit,Curie(TC) (K),218,3,False,743.15,731.246034126984,
composition_grouped_refit,Curie(TC) (K),228,168,False,1130.0,293.66838154761894,
composition_grouped_refit,Curie(TC) (K),233,101,False,1150.0,761.7078096690888,
composition_grouped_refit,Curie(TC) (K),236,174,False,980.0,642.2276178030488,
composition_grouped_refit,Curie(TC) (K),243,178,False,695.0,725.4959476823758,
composition_grouped_refit,Curie(TC) (K),254,2,False,996.15,722.891946123285,
composition_grouped_refit,Curie(TC) (K),255,2,False,996.15,722.891946123285,
composition_grouped_refit,Curie(TC) (K),256,2,False,996.15,722.891946123285,
composition_grouped_refit,Curie(TC) (K),257,2,False,996.15,722.891946123285,
composition_grouped_refit,Curie(TC) (K),258,2,False,996.15,722.891946123285,
composition_grouped_refit,Curie(TC) (K),259,2,False,996.15,722.891946123285,
composition_grouped_refit,Curie(TC) (K),264,184,False,773.15,718.0286614321068,
composition_grouped_refit,Curie(TC) (K),265,66,False,773.15,514.2120644716443,
composition_grouped_refit,Curie(TC) (K),275,192,False,750.0,739.2184196428572,
composition_grouped_refit,Curie(TC) (K),285,120,False,630.0,340.5706633141368,
composition_grouped_refit,Curie(TC) (K),289,198,False,584.15,561.9930204497352,
composition_grouped_refit,Curie(TC) (K),290,199,False,560.0,536.6771548941798,
composition_grouped_refit,Curie(TC) (K),299,208,False,723.15,772.8273690811685,
composition_grouped_refit,Curie(TC) (K),301,210,False,603.15,583.0696958244204,
composition_grouped_refit,Curie(TC) (K),302,3,False,1073.0,731.246034126984,
composition_grouped_refit,Curie(TC) (K),306,213,False,732.0,717.1818509168928,
composition_grouped_refit,Curie(TC) (K),308,215,False,650.0,661.9830162677082,
composition_grouped_refit,Curie(TC) (K),311,218,False,650.0,642.7128308862435,
composition_grouped_refit,Curie(TC) (K),341,237,False,750.15,747.2373913207163,
composition_grouped_refit,Curie(TC) (K),348,3,False,748.15,731.246034126984,
composition_grouped_refit,Curie(TC) (K),355,244,False,708.15,701.1884857671939,
composition_grouped_refit,Curie(TC) (K),358,247,False,605.0,651.5635853174606,
composition_grouped_refit,Curie(TC) (K),359,247,False,765.0,651.5635853174606,
composition_grouped_refit,Curie(TC) (K),370,256,False,546.0,595.5470180440052,
composition_grouped_refit,Curie(TC) (K),374,260,False,518.0,567.5173546957674,
composition_grouped_refit,Curie(TC) (K),392,273,False,887.9,604.1597433531742,
composition_grouped_refit,Curie(TC) (K),393,2,False,723.15,722.891946123285,
composition_grouped_refit,Curie(TC) (K),395,275,False,704.15,700.5373235780423,
composition_grouped_refit,Curie(TC) (K),397,277,False,625.15,658.8706577770607,
composition_grouped_refit,Curie(TC) (K),400,280,False,587.15,624.3842033125743,
composition_grouped_refit,Curie(TC) (K),411,286,False,750.15,646.6453981098573,
composition_grouped_refit,Curie(TC) (K),414,289,False,717.0,431.9942303367925,
composition_grouped_refit,Curie(TC) (K),419,294,False,350.0,669.6329112789988,
composition_grouped_refit,Curie(TC) (K),421,296,False,480.0,652.766735863095,
composition_grouped_refit,Curie(TC) (K),437,306,False,1178.15,849.08630190889,
composition_grouped_refit,Curie(TC) (K),439,307,False,723.0,715.2923896534016,
composition_grouped_refit,Curie(TC) (K),440,307,False,723.0,715.2923896534016,
composition_grouped_refit,Curie(TC) (K),441,307,False,723.0,715.2923896534016,
composition_grouped_refit,Curie(TC) (K),442,307,False,723.0,715.2923896534016,
composition_grouped_refit,Curie(TC) (K),444,3,False,750.15,731.246034126984,
composition_grouped_refit,Curie(TC) (K),445,308,False,573.15,624.522358597884,
composition_grouped_refit,Curie(TC) (K),446,309,False,573.15,624.3236392195774,
composition_grouped_refit,Curie(TC) (K),447,120,False,628.0,340.5706633141368,
composition_grouped_refit,Curie(TC) (K),457,318,False,492.47,524.4271056878306,
composition_grouped_refit,Curie(TC) (K),458,319,False,466.56,521.0232181084657,
composition_grouped_refit,Curie(TC) (K),468,323,False,758.0,655.9573068394809,
composition_grouped_refit,Curie(TC) (K),474,327,False,541.15,570.4203253720576,
composition_grouped_refit,Curie(TC) (K),475,328,False,610.15,592.1670055372404,
composition_grouped_refit,Curie(TC) (K),476,215,False,650.15,661.9830162677082,
composition_grouped_refit,Curie(TC) (K),480,331,False,637.15,614.7680338243912,
composition_grouped_refit,Curie(TC) (K),481,332,False,608.15,619.8431123455733,
composition_grouped_refit,Curie(TC) (K),484,120,False,633.15,340.5706633141368,
composition_grouped_refit,Curie(TC) (K),485,333,False,595.0,552.7576306784043,
composition_grouped_refit,Curie(TC) (K),486,120,False,530.0,340.5706633141368,
composition_grouped_refit,Curie(TC) (K),487,334,False,625.0,340.1508299808035,
composition_grouped_refit,Curie(TC) (K),496,120,False,530.15,340.5706633141368,
composition_grouped_refit,Curie(TC) (K),502,346,False,240.0,371.1409972041844,
composition_grouped_refit,Curie(TC) (K),506,350,False,255.0,260.44983775949004,
composition_grouped_refit,Curie(TC) (K),507,351,False,658.0,586.641052249945,
composition_grouped_refit,Curie(TC) (K),508,352,False,663.0,588.3846347493152,
composition_grouped_refit,Curie(TC) (K),509,2,False,728.0,722.891946123285,
composition_grouped_refit,Curie(TC) (K),514,355,False,304.3,310.1574788059163,
composition_grouped_refit,Curie(TC) (K),515,355,False,318.9,310.1574788059163,
composition_grouped_refit,Curie(TC) (K),516,355,False,357.6,310.1574788059163,
composition_grouped_refit,Curie(TC) (K),517,355,False,359.3,310.1574788059163,
composition_grouped_refit,Curie(TC) (K),524,359,False,933.15,809.2612317816444,
composition_grouped_refit,Curie(TC) (K),529,362,False,915.0,889.9574023148153,
composition_grouped_refit,Curie(TC) (K),533,365,False,480.0,692.5056381132752,
composition_grouped_refit,Curie(TC) (K),538,370,False,488.0,572.3483868386237,
composition_grouped_refit,Curie(TC) (K),539,371,False,548.0,571.8775308862429,
composition_grouped_refit,Curie(TC) (K),556,381,False,744.15,681.8878013939758,
composition_grouped_refit,Curie(TC) (K),563,388,False,576.15,568.9005306878306,
composition_grouped_refit,Curie(TC) (K),581,30,False,473.15,457.40065482804243,
composition_grouped_refit,Curie(TC) (K),583,398,False,793.0,729.6321380599238,
composition_grouped_refit,Curie(TC) (K),591,404,False,568.15,656.8002697089942,
composition_grouped_refit,Curie(TC) (K),592,405,False,370.0,606.0632637195397,
composition_grouped_refit,Curie(TC) (K),597,408,False,781.15,633.2563005741939,
composition_grouped_refit,Curie(TC) (K),598,409,False,780.15,636.4238866853051,
composition_grouped_refit,Curie(TC) (K),600,411,False,772.15,639.7698977964163,
composition_grouped_refit,Curie(TC) (K),627,425,False,516.0,558.0995296428571,
composition_grouped_refit,Curie(TC) (K),632,428,False,766.27,738.0342912722076,
composition_grouped_refit,Curie(TC) (K),636,429,False,731.0,604.1643255002937,
composition_grouped_refit,Curie(TC) (K),637,430,False,783.0,390.8372992905244,
composition_grouped_refit,Curie(TC) (K),638,430,False,718.0,390.8372992905244,
composition_grouped_refit,Curie(TC) (K),645,436,False,583.15,403.81335727952603,
composition_grouped_refit,Curie(TC) (K),654,440,False,743.15,741.3287692460317,
composition_grouped_refit,Curie(TC) (K),658,442,False,793.0,662.521857565106,
composition_grouped_refit,Curie(TC) (K),663,447,False,589.15,668.4884603174607,
composition_grouped_refit,Curie(TC) (K),671,449,False,12.0,222.45472367724864,
composition_grouped_refit,Curie(TC) (K),675,451,False,500.0,489.3271894430024,
composition_grouped_refit,Curie(TC) (K),681,457,False,423.0,396.19474854599076,
composition_grouped_refit,Curie(TC) (K),687,3,False,748.0,731.246034126984,
composition_grouped_refit,Curie(TC) (K),688,428,False,735.0,738.0342912722076,
composition_grouped_refit,Curie(TC) (K),691,465,False,39.0,139.6487961050986,
composition_grouped_refit,Curie(TC) (K),693,467,False,1199.0,918.6601309644161,
composition_grouped_refit,Curie(TC) (K),705,477,False,666.0,652.5993977994232,
composition_grouped_refit,Curie(TC) (K),710,481,False,678.15,584.946758437565,
composition_grouped_refit,Curie(TC) (K),712,482,False,662.15,481.3936765873015,
composition_grouped_refit,Curie(TC) (K),713,30,False,640.15,457.40065482804243,
composition_grouped_refit,Curie(TC) (K),721,485,False,225.0,223.90949987894447,
composition_grouped_refit,Curie(TC) (K),730,3,False,750.0,731.246034126984,
composition_grouped_refit,Curie(TC) (K),739,2,False,741.18,722.891946123285,
composition_grouped_refit,Curie(TC) (K),744,499,False,773.0,659.7367761765111,
composition_grouped_refit,Curie(TC) (K),745,499,False,773.0,659.7367761765111,
composition_grouped_refit,Curie(TC) (K),746,499,False,773.0,659.7367761765111,
composition_grouped_refit,Curie(TC) (K),747,499,False,773.0,659.7367761765111,
composition_grouped_refit,Curie(TC) (K),748,499,False,773.0,659.7367761765111,
composition_grouped_refit,Curie(TC) (K),751,501,False,491.0,496.3489647038585,
composition_grouped_refit,Curie(TC) (K),754,504,False,474.0,509.16933275405705,
composition_grouped_refit,Curie(TC) (K),757,506,False,396.0,185.50415502645504,
composition_grouped_refit,Curie(TC) (K),758,507,False,329.0,177.37818161375662,
composition_grouped_refit,Curie(TC) (K),769,518,False,710.0,625.1442771164022,
composition_grouped_refit,Curie(TC) (K),775,522,False,470.0,325.5171431257631,
composition_grouped_refit,Curie(TC) (K),781,528,False,630.0,578.7741732765812,
composition_grouped_refit,Curie(TC) (K),782,529,False,630.0,610.8024199035656,
composition_grouped_refit,Curie(TC) (K),789,536,False,288.0,298.4981226190476,
composition_grouped_refit,Curie(TC) (K),802,543,False,510.15,547.512591666666,
composition_grouped_refit,Curie(TC) (K),814,549,False,601.0,612.4240406746029,
composition_grouped_refit,Curie(TC) (K),817,551,False,816.5,733.4555542327511,
composition_grouped_refit,Curie(TC) (K),822,307,False,728.15,715.2923896534016,
composition_grouped_refit,Curie(TC) (K),823,307,False,729.15,715.2923896534016,
composition_grouped_refit,Curie(TC) (K),824,307,False,728.15,715.2923896534016,
composition_grouped_refit,Curie(TC) (K),825,307,False,727.15,715.2923896534016,
composition_grouped_refit,Curie(TC) (K),826,307,False,725.15,715.2923896534016,
composition_grouped_refit,Curie(TC) (K),827,307,False,724.15,715.2923896534016,
composition_grouped_refit,Curie(TC) (K),830,554,False,695.0,630.1179082016956,
composition_grouped_refit,Curie(TC) (K),847,557,False,518.15,567.0512374546555,
composition_grouped_refit,Curie(TC) (K),848,557,False,518.15,567.0512374546555,
composition_grouped_refit,Curie(TC) (K),849,558,False,589.15,84.31874746873494,
composition_grouped_refit,Curie(TC) (K),872,572,False,580.0,667.1545027777784,
composition_grouped_refit,Curie(TC) (K),876,2,False,540.0,722.891946123285,
composition_grouped_refit,Curie(TC) (K),877,575,False,622.15,586.9049636373248,
composition_grouped_refit,Curie(TC) (K),878,576,False,671.15,626.4463783730155,
composition_grouped_refit,Curie(TC) (K),884,578,False,373.0,613.6531584446598,
composition_grouped_refit,Curie(TC) (K),890,583,False,956.0,860.4983048687425,
composition_grouped_refit,Curie(TC) (K),898,589,False,373.0,464.29058786884406,
composition_grouped_refit,Curie(TC) (K),899,590,False,664.0,622.4106929894177,
composition_grouped_refit,Curie(TC) (K),901,3,False,746.0,731.246034126984,
composition_grouped_refit,Curie(TC) (K),904,594,False,563.0,787.3318887880685,
composition_grouped_refit,Curie(TC) (K),951,30,False,790.0,457.40065482804243,
composition_grouped_refit,Curie(TC) (K),952,30,False,790.0,457.40065482804243,
composition_grouped_refit,Curie(TC) (K),953,30,False,790.0,457.40065482804243,
composition_grouped_refit,Curie(TC) (K),954,30,False,790.0,457.40065482804243,
composition_grouped_refit,Curie(TC) (K),955,30,False,790.0,457.40065482804243,
composition_grouped_refit,Curie(TC) (K),960,626,False,770.0,504.09039597985344,
composition_grouped_refit,Curie(TC) (K),962,628,False,1060.0,970.9321314579943,
composition_grouped_refit,Curie(TC) (K),986,3,False,748.15,731.246034126984,
composition_grouped_refit,Curie(TC) (K),990,649,False,745.15,579.4924975302833,
composition_grouped_refit,Curie(TC) (K),991,649,False,748.15,579.4924975302833,
composition_grouped_refit,Curie(TC) (K),992,649,False,748.15,579.4924975302833,
composition_grouped_refit,Curie(TC) (K),993,650,False,556.15,565.8919867861703,
composition_grouped_refit,Curie(TC) (K),996,652,False,541.55,627.6778810991417,
composition_grouped_refit,Curie(TC) (K),1001,657,False,892.15,730.1992673860916,
composition_grouped_refit,Curie(TC) (K),1006,662,False,796.15,709.8213015923884,
composition_grouped_refit,Curie(TC) (K),1013,665,False,375.0,323.8769810432406,
composition_grouped_refit,Curie(TC) (K),1019,667,False,1126.0,963.8848041946945,
composition_grouped_refit,Curie(TC) (K),1022,113,False,723.15,520.5693342127779,
composition_grouped_refit,Curie(TC) (K),1031,44,False,583.15,1101.7614662343221,
composition_grouped_refit,Curie(TC) (K),1037,675,False,793.0,675.7728434526607,
composition_grouped_refit,Curie(TC) (K),1038,675,False,793.0,675.7728434526607,
composition_grouped_refit,Curie(TC) (K),1043,679,False,723.15,633.4478607407407,
composition_grouped_refit,Curie(TC) (K),1046,682,False,506.15,537.4234644576716,
composition_grouped_refit,Curie(TC) (K),1052,684,False,691.0,669.0864419151836,
composition_grouped_refit,Curie(TC) (K),1056,688,False,160.0,196.79795555555557,
composition_grouped_refit,Curie(TC) (K),1060,692,False,538.15,376.9775263492065,
composition_grouped_refit,Curie(TC) (K),1067,695,False,693.15,683.8505779541447,
composition_grouped_refit,Curie(TC) (K),1085,2,False,724.0,722.891946123285,
composition_grouped_refit,Curie(TC) (K),1086,2,False,689.0,722.891946123285,
composition_grouped_refit,Curie(TC) (K),1087,2,False,667.0,722.891946123285,
composition_grouped_refit,Curie(TC) (K),1088,2,False,645.0,722.891946123285,
composition_grouped_refit,Curie(TC) (K),1089,2,False,625.0,722.891946123285,
composition_grouped_refit,Curie(TC) (K),1090,2,False,606.0,722.891946123285,
composition_grouped_refit,Curie(TC) (K),1094,66,False,673.15,514.2120644716443,
composition_grouped_refit,Curie(TC) (K),1095,66,False,673.15,514.2120644716443,
composition_grouped_refit,Curie(TC) (K),1096,657,False,730.0,730.1992673860916,
composition_grouped_refit,Curie(TC) (K),1097,706,False,700.0,721.0860411624377,
composition_grouped_refit,Curie(TC) (K),1099,708,False,655.0,689.3870463959357,
composition_grouped_refit,Curie(TC) (K),1103,712,False,436.0,515.488103519875,
composition_grouped_refit,Curie(TC) (K),1104,3,False,749.0,731.246034126984,
composition_grouped_refit,Curie(TC) (K),1106,657,False,722.15,730.1992673860916,
composition_grouped_refit,Curie(TC) (K),1107,2,False,725.0,722.891946123285,
composition_grouped_refit,Curie(TC) (K),1108,66,False,728.0,514.2120644716443,
composition_grouped_refit,Curie(TC) (K),1134,734,False,687.15,642.4171974287802,
composition_grouped_refit,Curie(TC) (K),1135,30,False,798.15,457.40065482804243,
composition_grouped_refit,Curie(TC) (K),1136,30,False,708.15,457.40065482804243,
composition_grouped_refit,Curie(TC) (K),1140,30,False,450.0,457.40065482804243,
composition_grouped_refit,Curie(TC) (K),1141,737,False,745.05,630.5794004385796,
composition_grouped_refit,Curie(TC) (K),1150,740,False,621.0,614.4093147486773,
composition_grouped_refit,Curie(TC) (K),1151,741,False,609.0,605.6077148809524,
composition_grouped_refit,Curie(TC) (K),1153,743,False,565.0,602.2620148809522,
composition_grouped_refit,Curie(TC) (K),1166,753,False,523.0,587.4889365740739,
composition_grouped_refit,Curie(TC) (K),1167,665,False,370.0,323.8769810432406,
composition_grouped_refit,Curie(TC) (K),1168,754,False,332.0,286.82800246411193,
composition_grouped_refit,Curie(TC) (K),1171,756,False,400.0,593.6622286525969,
composition_grouped_refit,Curie(TC) (K),1175,759,False,428.0,437.32356686896975,
composition_grouped_refit,Curie(TC) (K),1179,761,False,822.0,822.8397262772978,
composition_grouped_refit,Curie(TC) (K),1185,695,False,683.0,683.8505779541447,
composition_grouped_refit,Curie(TC) (K),1206,777,False,365.0,297.80835476190475,
composition_grouped_refit,Curie(TC) (K),1212,781,False,300.0,357.8736931000483,
composition_grouped_refit,Curie(TC) (K),1214,782,False,710.0,613.9922048941794,
composition_grouped_refit,Curie(TC) (K),1216,2,False,730.0,722.891946123285,
composition_grouped_refit,Curie(TC) (K),1217,783,False,363.0,928.631760809114,
composition_grouped_refit,Curie(TC) (K),1231,789,False,64.0,224.17390634920622,
composition_grouped_refit,Curie(TC) (K),1232,790,False,370.0,483.06764937380416,
composition_grouped_refit,Curie(TC) (K),1233,790,False,370.0,483.06764937380416,
composition_grouped_refit,Curie(TC) (K),1234,790,False,370.0,483.06764937380416,
composition_grouped_refit,Curie(TC) (K),1235,790,False,370.0,483.06764937380416,
composition_grouped_refit,Curie(TC) (K),1237,792,False,767.0,624.0662297619042,
composition_grouped_refit,Curie(TC) (K),1238,120,False,633.0,340.5706633141368,
composition_grouped_refit,Curie(TC) (K),1242,790,False,123.0,483.06764937380416,
composition_grouped_refit,Curie(TC) (K),1247,798,False,658.15,614.0589928571426,
composition_grouped_refit,Curie(TC) (K),1248,798,False,658.15,614.0589928571426,
composition_grouped_refit,Curie(TC) (K),1250,30,False,350.0,457.40065482804243,
composition_grouped_refit,Curie(TC) (K),1257,801,False,620.0,728.2173585372963,
composition_grouped_refit,Curie(TC) (K),1260,790,False,360.0,483.06764937380416,
composition_grouped_refit,Curie(TC) (K),1261,790,False,360.0,483.06764937380416,
composition_grouped_refit,Curie(TC) (K),1269,120,False,628.0,340.5706633141368,
composition_grouped_refit,Curie(TC) (K),1270,120,False,628.0,340.5706633141368,
composition_grouped_refit,Curie(TC) (K),1273,809,False,780.0,286.0880626262626,
composition_grouped_refit,Curie(TC) (K),1275,810,False,215.0,255.22733080937783,
composition_grouped_refit,Curie(TC) (K),1291,44,False,175.0,1101.7614662343221,
composition_grouped_refit,Curie(TC) (K),1294,816,False,423.15,670.7109710581251,
composition_grouped_refit,Curie(TC) (K),1295,816,False,423.15,670.7109710581251,
composition_grouped_refit,Curie(TC) (K),1306,792,False,761.0,624.0662297619042,
composition_grouped_refit,Curie(TC) (K),1307,792,False,761.0,624.0662297619042,
composition_grouped_refit,Curie(TC) (K),1309,824,False,400.0,534.7617119047616,
composition_grouped_refit,Curie(TC) (K),1324,792,False,763.15,624.0662297619042,
composition_grouped_refit,Curie(TC) (K),1327,44,False,928.0,1101.7614662343221,
composition_grouped_refit,Curie(TC) (K),1342,841,False,350.0,354.3166170092871,
composition_grouped_refit,Curie(TC) (K),1349,845,False,400.0,530.759380753968,
composition_grouped_refit,Curie(TC) (K),1351,789,False,30.0,224.17390634920622,
composition_grouped_refit,Curie(TC) (K),1354,665,False,360.0,323.8769810432406,
composition_grouped_refit,Curie(TC) (K),1372,665,False,288.0,323.8769810432406,
composition_grouped_refit,Curie(TC) (K),1375,790,False,350.0,483.06764937380416,
composition_grouped_refit,Curie(TC) (K),1379,792,False,767.0,624.0662297619042,
composition_grouped_refit,Curie(TC) (K),1383,628,False,981.0,970.9321314579943,
composition_grouped_refit,Curie(TC) (K),1384,867,False,952.0,949.6144075286076,
composition_grouped_refit,Curie(TC) (K),1386,869,False,864.0,763.3176922586982,
composition_grouped_refit,Curie(TC) (K),1393,872,False,28.0,187.23433174603164,
composition_grouped_refit,Curie(TC) (K),1394,665,False,350.0,323.8769810432406,
composition_grouped_refit,Curie(TC) (K),1396,873,False,328.0,286.88483677248644,
composition_grouped_refit,Curie(TC) (K),1400,875,False,150.0,235.0379487906583,
composition_grouped_refit,Curie(TC) (K),1405,879,False,47.9,402.6477172435457,
composition_grouped_refit,Curie(TC) (K),1407,810,False,200.0,255.22733080937783,
composition_grouped_refit,Curie(TC) (K),1408,875,False,150.0,235.0379487906583,
composition_grouped_refit,Curie(TC) (K),1409,875,False,150.0,235.0379487906583,
composition_grouped_refit,Curie(TC) (K),1419,886,False,1000.0,973.3863937652446,
composition_grouped_refit,Curie(TC) (K),1420,887,False,130.0,267.79063463203454,
composition_grouped_refit,Curie(TC) (K),1428,810,False,260.0,255.22733080937783,
composition_grouped_refit,Curie(TC) (K),1429,895,False,8.7,287.43135687830676,
composition_grouped_refit,Curie(TC) (K),1430,896,False,80.0,474.70026480648977,
composition_grouped_refit,Curie(TC) (K),1432,845,False,404.0,530.759380753968,
composition_grouped_refit,Curie(TC) (K),1437,900,False,160.0,144.18733162023165,
composition_grouped_refit,Curie(TC) (K),1442,904,False,16.0,250.16756677977793,
composition_grouped_refit,Curie(TC) (K),1459,916,False,204.0,650.9869254339386,
composition_grouped_refit,Curie(TC) (K),1476,925,False,625.0,546.0540764643239,
composition_grouped_refit,Curie(TC) (K),1503,44,False,1388.0,1101.7614662343221,
composition_grouped_refit,Curie(TC) (K),1505,946,False,215.5,225.2081675009512,
composition_grouped_refit,Curie(TC) (K),1507,948,False,166.2,219.09331058201064,
composition_grouped_refit,Curie(TC) (K),1515,952,False,9.7,138.21821382275132,
composition_grouped_refit,Curie(TC) (K),1518,954,False,541.0,584.2104262896825,
composition_grouped_refit,Curie(TC) (K),1531,960,False,930.0,241.394646957672,
composition_grouped_refit,Curie(TC) (K),1539,964,False,119.0,447.51560328549465,
composition_grouped_refit,Curie(TC) (K),1542,967,False,707.0,732.6053923299534,
composition_grouped_refit,Curie(TC) (K),1550,974,False,278.0,517.2859695417643,
composition_grouped_refit,Curie(TC) (K),1552,976,False,290.0,555.0355214285712,
composition_grouped_refit,Curie(TC) (K),1555,845,False,415.0,530.759380753968,
composition_grouped_refit,Curie(TC) (K),1556,845,False,470.0,530.759380753968,
composition_grouped_refit,Curie(TC) (K),1557,845,False,520.0,530.759380753968,
composition_grouped_refit,Curie(TC) (K),1558,845,False,570.0,530.759380753968,
composition_grouped_refit,Curie(TC) (K),1559,978,False,830.0,539.4151134495518,
composition_grouped_refit,Curie(TC) (K),1567,981,False,10.6,271.1394457671958,
composition_grouped_refit,Curie(TC) (K),1572,120,False,628.0,340.5706633141368,
composition_grouped_refit,Curie(TC) (K),1580,792,False,761.0,624.0662297619042,
composition_grouped_refit,Curie(TC) (K),1605,485,False,228.0,223.90949987894447,
composition_grouped_refit,Curie(TC) (K),1606,485,False,226.0,223.90949987894447,
composition_grouped_refit,Curie(TC) (K),1607,845,False,450.0,530.759380753968,
composition_grouped_refit,Curie(TC) (K),1608,1002,False,60.0,99.75449057479557,
composition_grouped_refit,Curie(TC) (K),1634,790,False,255.0,483.06764937380416,
composition_grouped_refit,Curie(TC) (K),1635,810,False,250.0,255.22733080937783,
composition_grouped_refit,Curie(TC) (K),1636,810,False,230.0,255.22733080937783,
composition_grouped_refit,Curie(TC) (K),1640,506,False,395.0,185.50415502645504,
composition_grouped_refit,Curie(TC) (K),1642,960,False,365.0,241.394646957672,
composition_grouped_refit,Curie(TC) (K),1646,1016,False,120.0,134.0931455002404,
composition_grouped_refit,Curie(TC) (K),1649,44,False,300.0,1101.7614662343221,
composition_grouped_refit,Curie(TC) (K),1655,789,False,68.0,224.17390634920622,
composition_grouped_refit,Curie(TC) (K),1656,790,False,320.0,483.06764937380416,
composition_grouped_refit,Curie(TC) (K),1661,1023,False,423.0,476.43385346463316,
composition_grouped_refit,Curie(TC) (K),1669,1028,False,80.0,206.00471603174606,
composition_grouped_refit,Curie(TC) (K),1674,665,False,290.5,323.8769810432406,
composition_grouped_refit,Curie(TC) (K),1675,665,False,286.0,323.8769810432406,
composition_grouped_refit,Curie(TC) (K),1676,1032,False,380.0,296.7996503968254,
composition_grouped_refit,Curie(TC) (K),1682,1035,False,300.0,345.0736772270323,
composition_grouped_refit,Curie(TC) (K),1685,790,False,200.0,483.06764937380416,
composition_grouped_refit,Curie(TC) (K),1686,790,False,210.0,483.06764937380416,
composition_grouped_refit,Curie(TC) (K),1720,485,False,228.0,223.90949987894447,
composition_grouped_refit,Curie(TC) (K),1721,1052,False,711.0,154.62790416666664,
composition_grouped_refit,Curie(TC) (K),1723,789,False,58.6,224.17390634920622,
composition_grouped_refit,Curie(TC) (K),1724,1054,False,350.0,866.8946232432393,
composition_grouped_refit,Curie(TC) (K),1729,44,False,18.6,1101.7614662343221,
composition_grouped_refit,Curie(TC) (K),1730,44,False,16.3,1101.7614662343221,
composition_grouped_refit,Curie(TC) (K),1735,1057,False,15.0,382.6446546702707,
composition_grouped_refit,Coercivity (Oe),4,2,False,2.941511432634403,3.1709868846957012,
composition_grouped_refit,Coercivity (Oe),5,3,False,3.6127838567197355,4.067217127041549,
composition_grouped_refit,Coercivity (Oe),6,3,False,4.012837224705172,4.067217127041549,
composition_grouped_refit,Coercivity (Oe),16,10,False,4.206015876763344,3.1464066244749818,
composition_grouped_refit,Coercivity (Oe),18,12,False,-0.7695510786217261,0.06921600618660446,
composition_grouped_refit,Coercivity (Oe),32,23,False,3.9395192526186187,3.8121565036146974,
composition_grouped_refit,Coercivity (Oe),34,25,False,3.6020599913279625,3.5809761074946196,
composition_grouped_refit,Coercivity (Oe),39,30,False,0.2741578492636798,1.459360601849748,
composition_grouped_refit,Coercivity (Oe),40,31,False,3.681241237375587,3.4798015717374224,
composition_grouped_refit,Coercivity (Oe),49,39,False,1.4229179807676624,2.983133410826953,
composition_grouped_refit,Coercivity (Oe),55,44,False,-1.2218487496163564,2.724297120155214,
composition_grouped_refit,Coercivity (Oe),61,49,False,3.9161137495997234,4.099964277054794,
composition_grouped_refit,Coercivity (Oe),62,49,False,4.015137101461757,4.099964277054794,
composition_grouped_refit,Coercivity (Oe),63,49,False,4.1095097022294444,4.099964277054794,
composition_grouped_refit,Coercivity (Oe),71,54,False,3.214843848047698,2.5344683562816925,
composition_grouped_refit,Coercivity (Oe),72,55,False,4.176091259055681,3.915158497874352,
composition_grouped_refit,Coercivity (Oe),75,58,False,1.3502480183341627,1.5278318182110533,
composition_grouped_refit,Coercivity (Oe),76,59,False,1.639486489268586,1.6456097698506444,
composition_grouped_refit,Coercivity (Oe),81,63,False,4.107209969647869,4.064666034368217,
composition_grouped_refit,Coercivity (Oe),85,2,False,3.7032913781186614,3.1709868846957012,
composition_grouped_refit,Coercivity (Oe),86,66,False,2.9542425094393248,2.216707152617137,
composition_grouped_refit,Coercivity (Oe),87,67,False,3.7437464455911926,3.5548923458162003,
composition_grouped_refit,Coercivity (Oe),90,70,False,3.4771212547196626,2.777712661102586,
composition_grouped_refit,Coercivity (Oe),92,72,False,4.701567985055927,3.6162232832987025,
composition_grouped_refit,Coercivity (Oe),96,76,False,1.0,3.155387191697345,
composition_grouped_refit,Coercivity (Oe),98,78,False,3.380211241711606,3.587592464998191,
composition_grouped_refit,Coercivity (Oe),99,3,False,3.662757831681574,4.067217127041549,
composition_grouped_refit,Coercivity (Oe),107,83,False,1.5247854493212223,2.755037801362725,
composition_grouped_refit,Coercivity (Oe),108,3,False,4.501059262217751,4.067217127041549,
composition_grouped_refit,Coercivity (Oe),111,86,False,3.9822712330395684,3.9749013855314583,
composition_grouped_refit,Coercivity (Oe),113,88,False,3.9956351945975497,3.8622358328852178,
composition_grouped_refit,Coercivity (Oe),127,96,False,4.004321373782642,3.9231113053622115,
composition_grouped_refit,Coercivity (Oe),132,3,False,3.93363051054507,4.067217127041549,
composition_grouped_refit,Coercivity (Oe),133,100,False,3.6812729035270784,1.6392888399146177,
composition_grouped_refit,Coercivity (Oe),135,101,False,3.249658099106613,2.4582227150213796,
composition_grouped_refit,Coercivity (Oe),144,101,False,3.214843848047698,2.4582227150213796,
composition_grouped_refit,Coercivity (Oe),145,106,False,4.117271295655764,3.879107834601065,
composition_grouped_refit,Coercivity (Oe),146,107,False,3.722458688843872,3.6828098798260847,
composition_grouped_refit,Coercivity (Oe),148,109,False,-0.8860566476931632,0.17818732937473974,
composition_grouped_refit,Coercivity (Oe),152,3,False,4.043692295012276,4.067217127041549,
composition_grouped_refit,Coercivity (Oe),154,113,False,-0.619788758288394,0.8791421491145659,
composition_grouped_refit,Coercivity (Oe),162,120,False,3.663700925389648,3.9503143120160695,
composition_grouped_refit,Coercivity (Oe),168,44,False,2.550228353055094,2.724297120155214,
composition_grouped_refit,Coercivity (Oe),186,136,False,3.886490725172482,3.606367094803664,
composition_grouped_refit,Coercivity (Oe),190,139,False,2.885361220031512,3.129767413237386,
composition_grouped_refit,Coercivity (Oe),192,139,False,3.2340108175871793,3.129767413237386,
composition_grouped_refit,Coercivity (Oe),193,120,False,3.4818008095386106,3.9503143120160695,
composition_grouped_refit,Coercivity (Oe),194,141,False,4.362135126493338,4.02252242032522,
composition_grouped_refit,Coercivity (Oe),209,3,False,4.1003705451175625,4.067217127041549,
composition_grouped_refit,Coercivity (Oe),213,158,False,2.8857568810692675,3.1853527640923094,
composition_grouped_refit,Coercivity (Oe),217,120,False,4.4609375135201335,3.9503143120160695,
composition_grouped_refit,Coercivity (Oe),218,3,False,4.143014800254095,4.067217127041549,
composition_grouped_refit,Coercivity (Oe),228,168,False,3.2624510897304293,3.755589514281956,
composition_grouped_refit,Coercivity (Oe),233,101,False,3.26356269383999,2.4582227150213796,
composition_grouped_refit,Coercivity (Oe),236,174,False,2.591064607026499,1.111365631361712,
composition_grouped_refit,Coercivity (Oe),243,178,False,1.400192488592576,2.1197522863025613,
composition_grouped_refit,Coercivity (Oe),254,2,False,3.683947130751512,3.1709868846957012,
composition_grouped_refit,Coercivity (Oe),255,2,False,3.546542663478131,3.1709868846957012,
composition_grouped_refit,Coercivity (Oe),256,2,False,3.660865478003869,3.1709868846957012,
composition_grouped_refit,Coercivity (Oe),257,2,False,3.6464037262230695,3.1709868846957012,
composition_grouped_refit,Coercivity (Oe),258,2,False,3.510545010206612,3.1709868846957012,
composition_grouped_refit,Coercivity (Oe),259,2,False,3.595496221825574,3.1709868846957012,
composition_grouped_refit,Coercivity (Oe),264,184,False,1.5440680443502757,2.0145350846137817,
composition_grouped_refit,Coercivity (Oe),265,66,False,1.4941545940184429,2.216707152617137,
composition_grouped_refit,Coercivity (Oe),275,192,False,3.0,4.085078036178438,
composition_grouped_refit,Coercivity (Oe),285,120,False,3.568201724066995,3.9503143120160695,
composition_grouped_refit,Coercivity (Oe),289,198,False,4.164352855784437,4.00360316039975,
composition_grouped_refit,Coercivity (Oe),290,199,False,3.6232492903979003,3.5056044457128603,
composition_grouped_refit,Coercivity (Oe),299,208,False,3.1760912590556813,2.3278727132677153,
composition_grouped_refit,Coercivity (Oe),301,210,False,3.763851598418233,3.3517991943917433,
composition_grouped_refit,Coercivity (Oe),302,3,False,3.4971495058611235,4.067217127041549,
composition_grouped_refit,Coercivity (Oe),306,213,False,1.5588285248170117,2.27278397507074,
composition_grouped_refit,Coercivity (Oe),308,215,False,3.4913616938342726,3.915094360310303,
composition_grouped_refit,Coercivity (Oe),311,218,False,4.05307844348342,3.8249916961059505,
composition_grouped_refit,Coercivity (Oe),341,237,False,3.5287881917748964,3.418383476215735,
composition_grouped_refit,Coercivity (Oe),348,3,False,4.1303337684950066,4.067217127041549,
composition_grouped_refit,Coercivity (Oe),355,244,False,3.5440680443502757,3.5716593508949623,
composition_grouped_refit,Coercivity (Oe),358,247,False,4.152288344383057,3.0171963686951795,
composition_grouped_refit,Coercivity (Oe),359,247,False,4.033423755486949,3.0171963686951795,
composition_grouped_refit,Coercivity (Oe),370,256,False,1.7704101315139062,3.775339415082423,
composition_grouped_refit,Coercivity (Oe),374,260,False,1.4771212547196624,2.014725703787184,
composition_grouped_refit,Coercivity (Oe),392,273,False,-1.2218487496163564,-0.42908981040799565,
composition_grouped_refit,Coercivity (Oe),393,2,False,3.5384480517102173,3.1709868846957012,
composition_grouped_refit,Coercivity (Oe),395,275,False,2.661812685537261,2.7262606570013923,
composition_grouped_refit,Coercivity (Oe),397,277,False,1.8195439355418688,2.2689721206583937,
composition_grouped_refit,Coercivity (Oe),400,280,False,3.963787827345555,3.982372941481562,
composition_grouped_refit,Coercivity (Oe),411,286,False,4.03981055414835,3.662720421011339,
composition_grouped_refit,Coercivity (Oe),414,289,False,3.3010299956639813,2.0746767639066257,
composition_grouped_refit,Coercivity (Oe),419,294,False,4.079181246047625,3.771754689426212,
composition_grouped_refit,Coercivity (Oe),421,296,False,3.3979400086720375,3.2299205313195074,
composition_grouped_refit,Coercivity (Oe),437,306,False,4.117271295655764,4.005999192743712,
composition_grouped_refit,Coercivity (Oe),439,307,False,3.6599162000698504,3.1225346836370766,
composition_grouped_refit,Coercivity (Oe),440,307,False,3.6444385894678386,3.1225346836370766,
composition_grouped_refit,Coercivity (Oe),441,307,False,3.6830470382388496,3.1225346836370766,
composition_grouped_refit,Coercivity (Oe),442,307,False,3.6884198220027105,3.1225346836370766,
composition_grouped_refit,Coercivity (Oe),444,3,False,4.096910013008056,4.067217127041549,
composition_grouped_refit,Coercivity (Oe),445,308,False,3.3654879848909,3.050381388622727,
composition_grouped_refit,Coercivity (Oe),446,309,False,3.4265112613645754,3.014430000196982,
composition_grouped_refit,Coercivity (Oe),447,120,False,4.02530586526477,3.9503143120160695,
composition_grouped_refit,Coercivity (Oe),457,318,False,3.790691816717609,3.786505436973817,
composition_grouped_refit,Coercivity (Oe),458,319,False,3.7947716744956903,3.735304164028267,
composition_grouped_refit,Coercivity (Oe),468,323,False,3.6532125137753435,3.2647831671173426,
composition_grouped_refit,Coercivity (Oe),474,327,False,3.462397997898956,3.6455964362768936,
composition_grouped_refit,Coercivity (Oe),475,328,False,3.3979400086720375,3.6292641885948993,
composition_grouped_refit,Coercivity (Oe),476,215,False,3.6314437690131722,3.915094360310303,
composition_grouped_refit,Coercivity (Oe),480,331,False,3.747569492637394,3.6682102157117598,
composition_grouped_refit,Coercivity (Oe),481,332,False,3.93616626845658,3.614870660860494,
composition_grouped_refit,Coercivity (Oe),484,120,False,3.4471580313422194,3.9503143120160695,
composition_grouped_refit,Coercivity (Oe),485,333,False,3.7436484973026496,3.4926041479087453,
composition_grouped_refit,Coercivity (Oe),486,120,False,4.008600171761918,3.9503143120160695,
composition_grouped_refit,Coercivity (Oe),487,334,False,4.0,3.951862868452223,
composition_grouped_refit,Coercivity (Oe),496,120,False,3.8976270912904414,3.9503143120160695,
composition_grouped_refit,Coercivity (Oe),502,346,False,3.9030899869919438,2.938549708818797,
composition_grouped_refit,Coercivity (Oe),506,350,False,2.376576957056512,2.473184356072522,
composition_grouped_refit,Coercivity (Oe),507,351,False,-1.0,-0.3242526407494164,
composition_grouped_refit,Coercivity (Oe),508,352,False,-1.0969100130080565,-0.419095910559581,
composition_grouped_refit,Coercivity (Oe),509,2,False,3.557428997797532,3.1709868846957012,
composition_grouped_refit,Coercivity (Oe),514,355,False,3.1055101847699738,2.2735596991592772,
composition_grouped_refit,Coercivity (Oe),515,355,False,3.0549958615291417,2.2735596991592772,
composition_grouped_refit,Coercivity (Oe),516,355,False,3.1172712956557644,2.2735596991592772,
composition_grouped_refit,Coercivity (Oe),517,355,False,2.380211241711606,2.2735596991592772,
composition_grouped_refit,Coercivity (Oe),524,359,False,-0.12493873660829993,1.665571676030646,
composition_grouped_refit,Coercivity (Oe),529,362,False,2.0791812460476247,2.060170755011002,
composition_grouped_refit,Coercivity (Oe),533,365,False,2.423245873936808,2.884148418825298,
composition_grouped_refit,Coercivity (Oe),538,370,False,-1.2218487496163564,-0.6705121746851994,
composition_grouped_refit,Coercivity (Oe),539,371,False,-1.3979400086720375,-0.690946990935712,
composition_grouped_refit,Coercivity (Oe),556,381,False,2.648925689157213,2.63580186498723,
composition_grouped_refit,Coercivity (Oe),563,388,False,-0.8860566476931632,-0.8774496214020073,
composition_grouped_refit,Coercivity (Oe),581,30,False,0.3424226808222063,1.459360601849748,
composition_grouped_refit,Coercivity (Oe),583,398,False,2.296665190261531,1.7969207009660337,
composition_grouped_refit,Coercivity (Oe),591,404,False,2.5563025007672873,1.9038307207601894,
composition_grouped_refit,Coercivity (Oe),592,405,False,1.5646660642520893,1.9541826356676426,
composition_grouped_refit,Coercivity (Oe),597,408,False,3.137670537236755,2.694650437723575,
composition_grouped_refit,Coercivity (Oe),598,409,False,2.9472376078706666,2.7176824181529753,
composition_grouped_refit,Coercivity (Oe),600,411,False,2.2531198338868874,2.7022215894009616,
composition_grouped_refit,Coercivity (Oe),627,425,False,-0.5528419686577808,-0.33728268551507123,
composition_grouped_refit,Coercivity (Oe),632,428,False,3.804480189105993,3.033127550893091,
composition_grouped_refit,Coercivity (Oe),636,429,False,2.9281397068751196,3.1873313265918144,
composition_grouped_refit,Coercivity (Oe),637,430,False,0.6127838567197355,1.0043550335282632,
composition_grouped_refit,Coercivity (Oe),638,430,False,0.8750612633917001,1.0043550335282632,
composition_grouped_refit,Coercivity (Oe),645,436,False,3.9522992849085568,3.4725835544076986,
composition_grouped_refit,Coercivity (Oe),654,440,False,3.8946726581414817,4.085499525190247,
composition_grouped_refit,Coercivity (Oe),658,442,False,2.962369335670021,2.809469697068937,
composition_grouped_refit,Coercivity (Oe),663,447,False,3.6720978579357175,3.438668566115785,
composition_grouped_refit,Coercivity (Oe),671,449,False,2.204119982655925,3.2476392526870077,
composition_grouped_refit,Coercivity (Oe),675,451,False,1.9211660506377388,2.445084301065574,
composition_grouped_refit,Coercivity (Oe),681,457,False,3.094331349277096,2.9300702901966855,
composition_grouped_refit,Coercivity (Oe),687,3,False,3.960470777534299,4.067217127041549,
composition_grouped_refit,Coercivity (Oe),688,428,False,2.62293896921149,3.033127550893091,
composition_grouped_refit,Coercivity (Oe),691,465,False,4.342422680822207,3.397226288166786,
composition_grouped_refit,Coercivity (Oe),693,467,False,0.9030899869919435,1.1619912291960557,
composition_grouped_refit,Coercivity (Oe),705,477,False,0.2810333672477275,0.349797677032148,
composition_grouped_refit,Coercivity (Oe),710,481,False,2.318313817223999,1.4558531215615014,
composition_grouped_refit,Coercivity (Oe),712,482,False,2.4595734061046524,0.9337812102129355,
composition_grouped_refit,Coercivity (Oe),713,30,False,2.471775621020804,1.459360601849748,
composition_grouped_refit,Coercivity (Oe),721,485,False,2.9876662649262746,2.882296337732578,
composition_grouped_refit,Coercivity (Oe),730,3,False,4.392696953259666,4.067217127041549,
composition_grouped_refit,Coercivity (Oe),739,2,False,3.7795964912578244,3.1709868846957012,
composition_grouped_refit,Coercivity (Oe),744,499,False,2.2479732663618064,2.573297955687536,
composition_grouped_refit,Coercivity (Oe),745,499,False,2.444044795918076,2.573297955687536,
composition_grouped_refit,Coercivity (Oe),746,499,False,2.690196080028514,2.573297955687536,
composition_grouped_refit,Coercivity (Oe),747,499,False,3.0342272607705505,2.573297955687536,
composition_grouped_refit,Coercivity (Oe),748,499,False,2.9339931638312424,2.573297955687536,
composition_grouped_refit,Coercivity (Oe),751,501,False,3.7582304084577496,3.4447268269577336,
composition_grouped_refit,Coercivity (Oe),754,504,False,2.8680563618230415,3.0882521836669254,
composition_grouped_refit,Coercivity (Oe),757,506,False,1.7781512503836436,2.4654761541426504,
composition_grouped_refit,Coercivity (Oe),758,507,False,1.7781512503836436,2.3565521660950495,
composition_grouped_refit,Coercivity (Oe),769,518,False,1.9030899869919435,2.297305002287625,
composition_grouped_refit,Coercivity (Oe),775,522,False,-1.2218487496163564,0.5906761352794739,
composition_grouped_refit,Coercivity (Oe),781,528,False,2.977266212427293,2.510509241665882,
composition_grouped_refit,Coercivity (Oe),782,529,False,2.9804578922761,2.6657309571947914,
composition_grouped_refit,Coercivity (Oe),789,536,False,3.865991800126275,3.6870329881777577,
composition_grouped_refit,Coercivity (Oe),802,543,False,2.0073636543122784,1.7577886029429086,
composition_grouped_refit,Coercivity (Oe),814,549,False,-1.2218487496163564,-0.8033073158782216,
composition_grouped_refit,Coercivity (Oe),817,551,False,2.6766936096248664,1.8272873423541591,
composition_grouped_refit,Coercivity (Oe),822,307,False,2.44870631990508,3.1225346836370766,
composition_grouped_refit,Coercivity (Oe),823,307,False,2.5998830720736876,3.1225346836370766,
composition_grouped_refit,Coercivity (Oe),824,307,False,2.5352941200427703,3.1225346836370766,
composition_grouped_refit,Coercivity (Oe),825,307,False,2.5921767573958667,3.1225346836370766,
composition_grouped_refit,Coercivity (Oe),826,307,False,2.561101383649056,3.1225346836370766,
composition_grouped_refit,Coercivity (Oe),827,307,False,2.494154594018443,3.1225346836370766,
composition_grouped_refit,Coercivity (Oe),830,554,False,2.2397998184470986,1.7028897256095834,
composition_grouped_refit,Coercivity (Oe),847,557,False,3.479421257301672,3.430037401948898,
composition_grouped_refit,Coercivity (Oe),848,557,False,3.6555120363564666,3.430037401948898,
composition_grouped_refit,Coercivity (Oe),849,558,False,4.418632687354066,2.452670307003798,
composition_grouped_refit,Coercivity (Oe),872,572,False,3.678993384838101,3.3121956614498567,
composition_grouped_refit,Coercivity (Oe),876,2,False,3.3725438007590705,3.1709868846957012,
composition_grouped_refit,Coercivity (Oe),877,575,False,0.2741578492636798,0.1678419751465594,
composition_grouped_refit,Coercivity (Oe),878,576,False,-0.5376020021010439,-0.7670718079524137,
composition_grouped_refit,Coercivity (Oe),884,578,False,2.691656043498147,2.4250777248233644,
composition_grouped_refit,Coercivity (Oe),890,583,False,3.571009672309305,3.2339490770118506,
composition_grouped_refit,Coercivity (Oe),898,589,False,3.213156358659705,3.1035264735207537,
composition_grouped_refit,Coercivity (Oe),899,590,False,-1.0,-0.8710556783399399,
composition_grouped_refit,Coercivity (Oe),901,3,False,4.44870631990508,4.067217127041549,
composition_grouped_refit,Coercivity (Oe),904,594,False,3.124514006131383,2.8810995942598665,
composition_grouped_refit,Coercivity (Oe),951,30,False,2.2070146586829003,1.459360601849748,
composition_grouped_refit,Coercivity (Oe),952,30,False,2.841271851779091,1.459360601849748,
composition_grouped_refit,Coercivity (Oe),953,30,False,2.557964113554224,1.459360601849748,
composition_grouped_refit,Coercivity (Oe),954,30,False,2.2455866889742135,1.459360601849748,
composition_grouped_refit,Coercivity (Oe),955,30,False,1.7000110623221123,1.459360601849748,
composition_grouped_refit,Coercivity (Oe),960,626,False,2.151982395457474,1.765059332646081,
composition_grouped_refit,Coercivity (Oe),962,628,False,2.5308397786165204,1.3885174364938724,
composition_grouped_refit,Coercivity (Oe),986,3,False,3.9684829485539352,4.067217127041549,
composition_grouped_refit,Coercivity (Oe),990,649,False,-0.6575773191777937,-0.4901471153464854,
composition_grouped_refit,Coercivity (Oe),991,649,False,-0.3372421683184259,-0.4901471153464854,
composition_grouped_refit,Coercivity (Oe),992,649,False,-0.5376020021010439,-0.4901471153464854,
composition_grouped_refit,Coercivity (Oe),993,650,False,4.26245108973043,3.566932114483087,
composition_grouped_refit,Coercivity (Oe),996,652,False,2.506505032404872,2.4259688963395942,
composition_grouped_refit,Coercivity (Oe),1001,657,False,3.322219294733919,3.316597148352265,
composition_grouped_refit,Coercivity (Oe),1006,662,False,1.845098040014257,2.2122549190864285,
composition_grouped_refit,Coercivity (Oe),1013,665,False,1.521007252408604,1.7681396603187913,
composition_grouped_refit,Coercivity (Oe),1019,667,False,1.5759956202032677,1.5495955604577845,
composition_grouped_refit,Coercivity (Oe),1022,113,False,1.1139433523068367,0.8791421491145659,
composition_grouped_refit,Coercivity (Oe),1031,44,False,-1.6989700043360187,2.724297120155214,
composition_grouped_refit,Coercivity (Oe),1037,675,False,1.6110857334148727,2.792518811855367,
composition_grouped_refit,Coercivity (Oe),1038,675,False,1.8185557792978027,2.792518811855367,
composition_grouped_refit,Coercivity (Oe),1043,679,False,1.6637951222194076,1.9234705264799883,
composition_grouped_refit,Coercivity (Oe),1046,682,False,2.0043213737826426,1.8273535603078759,
composition_grouped_refit,Coercivity (Oe),1052,684,False,-0.4089353929735008,-0.6104038396398064,
composition_grouped_refit,Coercivity (Oe),1056,688,False,2.656424040287152,2.2319389077496705,
composition_grouped_refit,Coercivity (Oe),1060,692,False,0.5622928644564746,0.916585558981856,
composition_grouped_refit,Coercivity (Oe),1067,695,False,-1.6989700043360187,-0.23141359275503987,
composition_grouped_refit,Coercivity (Oe),1085,2,False,3.529045170765769,3.1709868846957012,
composition_grouped_refit,Coercivity (Oe),1086,2,False,3.5656117249020585,3.1709868846957012,
composition_grouped_refit,Coercivity (Oe),1087,2,False,3.6586790285824486,3.1709868846957012,
composition_grouped_refit,Coercivity (Oe),1088,2,False,3.5413295776666938,3.1709868846957012,
composition_grouped_refit,Coercivity (Oe),1089,2,False,3.545430829465351,3.1709868846957012,
composition_grouped_refit,Coercivity (Oe),1090,2,False,3.578295305120826,3.1709868846957012,
composition_grouped_refit,Coercivity (Oe),1094,66,False,1.8933178116161118,2.216707152617137,
composition_grouped_refit,Coercivity (Oe),1095,66,False,1.5560611590095326,2.216707152617137,
composition_grouped_refit,Coercivity (Oe),1096,657,False,3.4430438286483405,3.316597148352265,
composition_grouped_refit,Coercivity (Oe),1097,706,False,3.4579575512036382,3.3391782463744697,
composition_grouped_refit,Coercivity (Oe),1099,708,False,3.484484909031941,3.419229459514025,
composition_grouped_refit,Coercivity (Oe),1103,712,False,3.7141066863794343,3.2164769330004015,
composition_grouped_refit,Coercivity (Oe),1104,3,False,4.501059262217751,4.067217127041549,
composition_grouped_refit,Coercivity (Oe),1106,657,False,3.5055569386638217,3.316597148352265,
composition_grouped_refit,Coercivity (Oe),1107,2,False,3.217220655644519,3.1709868846957012,
composition_grouped_refit,Coercivity (Oe),1108,66,False,2.3010299956639813,2.216707152617137,
composition_grouped_refit,Coercivity (Oe),1134,734,False,-0.8860566476931632,3.031257378208418,
composition_grouped_refit,Coercivity (Oe),1135,30,False,1.6720978579357175,1.459360601849748,
composition_grouped_refit,Coercivity (Oe),1136,30,False,0.9030899869919435,1.459360601849748,
composition_grouped_refit,Coercivity (Oe),1140,30,False,1.2041199826559248,1.459360601849748,
composition_grouped_refit,Coercivity (Oe),1141,737,False,2.332034277027518,1.7089413595470122,
composition_grouped_refit,Coercivity (Oe),1150,740,False,-1.3010299956639813,-1.2043792393671402,
composition_grouped_refit,Coercivity (Oe),1151,741,False,-1.154901959985743,-1.1703615624870178,
composition_grouped_refit,Coercivity (Oe),1153,743,False,-0.6575773191777937,-0.9258441660369944,
composition_grouped_refit,Coercivity (Oe),1166,753,False,-1.0457574905606752,-0.38471423906056873,
composition_grouped_refit,Coercivity (Oe),1167,665,False,1.6989700043360187,1.7681396603187913,
composition_grouped_refit,Coercivity (Oe),1168,754,False,1.286456469746983,1.526415686606293,
composition_grouped_refit,Coercivity (Oe),1171,756,False,1.2430380486862944,1.909432629285136,
composition_grouped_refit,Coercivity (Oe),1175,759,False,2.2695129442179165,2.0944389280134423,
composition_grouped_refit,Coercivity (Oe),1179,761,False,2.0941215958405612,2.437999451869908,
composition_grouped_refit,Coercivity (Oe),1185,695,False,-1.6989700043360187,-0.23141359275503987,
composition_grouped_refit,Coercivity (Oe),1206,777,False,1.0021660617565078,3.6571334283456727,
composition_grouped_refit,Coercivity (Oe),1212,781,False,2.161368002234975,2.0058102646455156,
composition_grouped_refit,Coercivity (Oe),1214,782,False,2.8721562727482928,3.419258616956669,
composition_grouped_refit,Coercivity (Oe),1216,2,False,3.7363965022766426,3.1709868846957012,
composition_grouped_refit,Coercivity (Oe),1217,783,False,2.798180883926343,3.748052259872201,
composition_grouped_refit,Coercivity (Oe),1231,789,False,2.060697840353612,2.492814769659255,
composition_grouped_refit,Coercivity (Oe),1232,790,False,2.4771212547196626,2.9160398521825863,
composition_grouped_refit,Coercivity (Oe),1233,790,False,2.578639209968072,2.9160398521825863,
composition_grouped_refit,Coercivity (Oe),1234,790,False,2.575187844927661,2.9160398521825863,
composition_grouped_refit,Coercivity (Oe),1235,790,False,2.4913616938342726,2.9160398521825863,
composition_grouped_refit,Coercivity (Oe),1237,792,False,1.2041199826559248,2.572878909886738,
composition_grouped_refit,Coercivity (Oe),1238,120,False,3.4927603890268375,3.9503143120160695,
composition_grouped_refit,Coercivity (Oe),1242,790,False,2.7007037171450192,2.9160398521825863,
composition_grouped_refit,Coercivity (Oe),1247,798,False,0.7403626894942439,2.5214378422875527,
composition_grouped_refit,Coercivity (Oe),1248,798,False,0.6989700043360189,2.5214378422875527,
composition_grouped_refit,Coercivity (Oe),1250,30,False,2.5385486002970885,1.459360601849748,
composition_grouped_refit,Coercivity (Oe),1257,801,False,0.008600171761917567,3.886714714298076,
composition_grouped_refit,Coercivity (Oe),1260,790,False,2.361727836017593,2.9160398521825863,
composition_grouped_refit,Coercivity (Oe),1261,790,False,1.9542425094393248,2.9160398521825863,
composition_grouped_refit,Coercivity (Oe),1269,120,False,3.8195439355418688,3.9503143120160695,
composition_grouped_refit,Coercivity (Oe),1270,120,False,3.690196080028514,3.9503143120160695,
composition_grouped_refit,Coercivity (Oe),1273,809,False,1.6532125137753437,2.6505261105540465,
composition_grouped_refit,Coercivity (Oe),1275,810,False,1.6989700043360187,2.1695705605589564,
composition_grouped_refit,Coercivity (Oe),1291,44,False,1.6532125137753437,2.724297120155214,
composition_grouped_refit,Coercivity (Oe),1294,816,False,3.5185139398778875,2.2572796139523117,
composition_grouped_refit,Coercivity (Oe),1295,816,False,3.6334684555795866,2.2572796139523117,
composition_grouped_refit,Coercivity (Oe),1306,792,False,1.0791812460476249,2.572878909886738,
composition_grouped_refit,Coercivity (Oe),1307,792,False,1.1139433523068367,2.572878909886738,
composition_grouped_refit,Coercivity (Oe),1309,824,False,0.9800033715837464,2.0759603250278302,
composition_grouped_refit,Coercivity (Oe),1324,792,False,2.3010299956639813,2.572878909886738,
composition_grouped_refit,Coercivity (Oe),1327,44,False,3.591064607026499,2.724297120155214,
composition_grouped_refit,Coercivity (Oe),1342,841,False,1.7403626894942439,1.6631186892750345,
composition_grouped_refit,Coercivity (Oe),1349,845,False,0.0,3.392615003643851,
composition_grouped_refit,Coercivity (Oe),1351,789,False,1.4771212547196624,2.492814769659255,
composition_grouped_refit,Coercivity (Oe),1354,665,False,2.4771212547196626,1.7681396603187913,
composition_grouped_refit,Coercivity (Oe),1372,665,False,2.4771212547196626,1.7681396603187913,
composition_grouped_refit,Coercivity (Oe),1375,790,False,2.146128035678238,2.9160398521825863,
composition_grouped_refit,Coercivity (Oe),1379,792,False,1.0,2.572878909886738,
composition_grouped_refit,Coercivity (Oe),1383,628,False,1.3010299956639813,1.3885174364938724,
composition_grouped_refit,Coercivity (Oe),1384,867,False,1.3010299956639813,1.3614034970959539,
composition_grouped_refit,Coercivity (Oe),1386,869,False,1.3010299956639813,1.4233713030251811,
composition_grouped_refit,Coercivity (Oe),1393,872,False,3.204119982655925,3.8448152433865523,
composition_grouped_refit,Coercivity (Oe),1394,665,False,0.49692964807321494,1.7681396603187913,
composition_grouped_refit,Coercivity (Oe),1396,873,False,3.3010299956639813,2.2597530337415512,
composition_grouped_refit,Coercivity (Oe),1400,875,False,3.6989700043360187,1.9733697864680197,
composition_grouped_refit,Coercivity (Oe),1405,879,False,3.230448921378274,1.6506798365603048,
composition_grouped_refit,Coercivity (Oe),1407,810,False,2.6989700043360187,2.1695705605589564,
composition_grouped_refit,Coercivity (Oe),1408,875,False,3.0,1.9733697864680197,
composition_grouped_refit,Coercivity (Oe),1409,875,False,2.3010299956639813,1.9733697864680197,
composition_grouped_refit,Coercivity (Oe),1419,886,False,0.9444826721501687,1.5180668387256258,
composition_grouped_refit,Coercivity (Oe),1420,887,False,1.1760912590556813,2.5115365480266596,
composition_grouped_refit,Coercivity (Oe),1428,810,False,1.6989700043360187,2.1695705605589564,
composition_grouped_refit,Coercivity (Oe),1429,895,False,2.6989700043360187,2.3113639844472496,
composition_grouped_refit,Coercivity (Oe),1430,896,False,3.4313637641589874,3.0207051634434787,
composition_grouped_refit,Coercivity (Oe),1432,845,False,2.0,3.392615003643851,
composition_grouped_refit,Coercivity (Oe),1437,900,False,3.5477747053878224,3.267687801498764,
composition_grouped_refit,Coercivity (Oe),1442,904,False,3.6334684555795866,2.9020430557854913,
composition_grouped_refit,Coercivity (Oe),1459,916,False,3.0,1.2742878710350776,
composition_grouped_refit,Coercivity (Oe),1476,925,False,4.41161970596323,3.1956783122291936,
composition_grouped_refit,Coercivity (Oe),1503,44,False,2.1367205671564067,2.724297120155214,
composition_grouped_refit,Coercivity (Oe),1505,946,False,2.7075701760979363,3.419379936242389,
composition_grouped_refit,Coercivity (Oe),1507,948,False,3.3891660843645326,3.2467140120837823,
composition_grouped_refit,Coercivity (Oe),1515,952,False,2.8260748027008264,2.005141336269501,
composition_grouped_refit,Coercivity (Oe),1518,954,False,-1.154901959985743,-0.47787573135616224,
composition_grouped_refit,Coercivity (Oe),1531,960,False,2.4771212547196626,2.5748742762459966,
composition_grouped_refit,Coercivity (Oe),1539,964,False,2.598790506763115,2.5012448913414067,
composition_grouped_refit,Coercivity (Oe),1542,967,False,4.632457292184724,3.7641381385291326,
composition_grouped_refit,Coercivity (Oe),1550,974,False,2.380211241711606,1.519289063506192,
composition_grouped_refit,Coercivity (Oe),1552,976,False,0.36172783601759284,2.95395166049136,
composition_grouped_refit,Coercivity (Oe),1555,845,False,1.5563025007672873,3.392615003643851,
composition_grouped_refit,Coercivity (Oe),1556,845,False,1.99563519459755,3.392615003643851,
composition_grouped_refit,Coercivity (Oe),1557,845,False,2.290034611362518,3.392615003643851,
composition_grouped_refit,Coercivity (Oe),1558,845,False,2.4471580313422194,3.392615003643851,
composition_grouped_refit,Coercivity (Oe),1559,978,False,2.6127838567197355,2.2352237056078197,
composition_grouped_refit,Coercivity (Oe),1567,981,False,2.57978359661681,3.012264868448931,
composition_grouped_refit,Coercivity (Oe),1572,120,False,4.204119982655925,3.9503143120160695,
composition_grouped_refit,Coercivity (Oe),1580,792,False,2.0,2.572878909886738,
composition_grouped_refit,Coercivity (Oe),1605,485,False,3.886490725172482,2.882296337732578,
composition_grouped_refit,Coercivity (Oe),1606,485,False,4.008600171761918,2.882296337732578,
composition_grouped_refit,Coercivity (Oe),1607,845,False,2.5563025007672873,3.392615003643851,
composition_grouped_refit,Coercivity (Oe),1608,1002,False,2.255272505103306,2.933952070432219,
composition_grouped_refit,Coercivity (Oe),1634,790,False,1.845098040014257,2.9160398521825863,
composition_grouped_refit,Coercivity (Oe),1635,810,False,2.0,2.1695705605589564,
composition_grouped_refit,Coercivity (Oe),1636,810,False,2.4771212547196626,2.1695705605589564,
composition_grouped_refit,Coercivity (Oe),1640,506,False,1.6720978579357175,2.4654761541426504,
composition_grouped_refit,Coercivity (Oe),1642,960,False,2.5440680443502757,2.5748742762459966,
composition_grouped_refit,Coercivity (Oe),1646,1016,False,2.6989700043360187,2.319602301466932,
composition_grouped_refit,Coercivity (Oe),1649,44,False,3.681241237375587,2.724297120155214,
composition_grouped_refit,Coercivity (Oe),1655,789,False,2.342422680822206,2.492814769659255,
composition_grouped_refit,Coercivity (Oe),1656,790,False,1.1760912590556813,2.9160398521825863,
composition_grouped_refit,Coercivity (Oe),1661,1023,False,2.053462604925455,2.3333654935632815,
composition_grouped_refit,Coercivity (Oe),1669,1028,False,3.3979400086720375,4.00801063621739,
composition_grouped_refit,Coercivity (Oe),1674,665,False,1.9661417327390325,1.7681396603187913,
composition_grouped_refit,Coercivity (Oe),1675,665,False,2.337459261290656,1.7681396603187913,
composition_grouped_refit,Coercivity (Oe),1676,1032,False,2.255272505103306,2.5535208461485697,
composition_grouped_refit,Coercivity (Oe),1682,1035,False,2.1760912590556813,1.9004105719337674,
composition_grouped_refit,Coercivity (Oe),1685,790,False,1.845098040014257,2.9160398521825863,
composition_grouped_refit,Coercivity (Oe),1686,790,False,2.146128035678238,2.9160398521825863,
composition_grouped_refit,Coercivity (Oe),1720,485,False,3.7323937598229686,2.882296337732578,
composition_grouped_refit,Coercivity (Oe),1721,1052,False,3.8129133566428557,2.732603907999979,
composition_grouped_refit,Coercivity (Oe),1723,789,False,1.8750612633917,2.492814769659255,
composition_grouped_refit,Coercivity (Oe),1724,1054,False,2.5440680443502757,2.584768675173973,
composition_grouped_refit,Coercivity (Oe),1729,44,False,3.3010299956639813,2.724297120155214,
composition_grouped_refit,Coercivity (Oe),1730,44,False,3.4771212547196626,2.724297120155214,
composition_grouped_refit,Coercivity (Oe),1735,1057,False,2.5563025007672873,2.284803199355975,
